"id","games","pass_att","pass_comp","pass_yds","pass_yds_g","pass_tds","pass_int","pass_rate","rush_att","rush_yds","rush_avg","rush_tds","fumbles_lost","site_pts","site_fppg","pass_09_tds","pass_1019_tds","pass_2029_tds","pass_3039_tds","pass_4049_tds","pass_50_tds","sacks","pass_250_yds","pass_300_yds","pass_350_yds","scoring_opp","age","exp","player","pos","src_id","data_src","first_name","last_name","position","rec_tgt","rec","rec_yds","rec_yds_g","rec_avg","rec_tds","rush_09_tds","rush_1019_tds","rush_2029_tds","rush_3039_tds","rush_4049_tds","rush_50_tds","rush_50_yds","rush_100_yds","rec_rz_tgt","rec_50_yds","rec_100_yds","return_yds","dst_int","dst_fum_rec","dst_sacks","dst_fumbles","dst_tackles","rec_09_tds","rec_1019_tds","rec_2029_tds","rec_3039_tds","rec_4049_tds","rec_50_tds","rec_150_yds","rec_200_yds","fg","fg_att","fg_0019","fg_att_0019","fg_2029","fg_att_2029","fg_3039","fg_att_3039","fg_4049","fg_att_4049","fg_50","fg_att_50","xp","xp_att","fg_50_att","fg_4049_att","fg_0039","fg_att_39","fg_miss","idp_solo","idp_asst","idp_sacks","idp_pd","idp_int","idp_fum_force","idp_fum_rec","idp_td","team"
"10313",17,20,18.4666666666667,209.666666666667,8.2,1.46666666666667,0.466666666666667,107.3,7.1,13,4.6,0,0.5,15.1166666666667,0.4,1.5,0.3,0.3,0.2,0.1,0.1,1.3,0.3,0.1,0.1,3.1,39,9,"Andy Dalton","QB","1125961","CBS","Andy","Dalton","QB",0,0,0,0,0,0,0,0,0,0,0,0,0,0,0,0,0,0,0,0,0,0,0,0,0,0,0,0,0,0,0,0,0,0,0,0,0,0,0,0,0,0,0,0,0,0,0,0,0,0,0,0,0,0,0,0,0,0,"PHI"
"10413",0,78.7,37.55,341,0,3.65,2.5,0,10.15,47,0,0.2,0,35.075,0,2,1.2,0.8,0.6,0.4,0.4,6.6,0.8,0.3,0.1,9.4,37,9,"Taylor, Tyrod","QB",NA,"FantasySharks","Tyrod","Taylor","QB",0,0,0,0,0,0,0,0,0,0,0,0,0,0,0,0,0,0,0,0,0,0,0,0,0,0,0,0,0,0,0,0,0,0,0,0,0,0,0,0,0,0,0,0,0,0,0,0,0,0,0,0,0,0,0,0,0,0,"GBP"
"10700",17,152.133333333333,91.125,957,39.8,7.1,4.225,86.1,9.275,23,1.3,0.175,0.9,77.15,2.2,5.9,3.5,2.4,1.8,1.2,0.6,18,2.8,1,0.4,19.5,38,8,"Kirk Cousins","QB","1272574","CBS","Kirk","Cousins","QB",0,0,0,0,0,0,0,0,0,0,0,0,0,0,0,0,0,0,0,0,0,0,0,0,0,0,0,0,0,0,0,0,0,0,0,0,0,0,0,0,0,0,0,0,0,0,0,0,0,0,0,0,0,0,0,0,0,0,"LV"
"11150",17,429.633333333333,285.9,2886.25,173.3,21.175,13.425,82.9,45.675,189,4.4,0.675,1.15,217.516666666667,14.5,6.6,4,2.7,2,1.3,1.1,32.8,2.9,1,0.4,21.2,36,7,"Geno Smith","QB","1700358","CBS","Geno","Smith","QB",0,0,0,0,0,0,0,0,0,0,0,0,0,0,0,0,0,0,0,0,0,0,0,0,0,0,0,0,0,0,0,0,0,0,0,0,0,0,0,0,0,0,0,0,0,0,0,0,0,0,0,0,0,0,0,0,0,0,"NYJ"
"11760",0,0,17,192,0,1,1,0,3,4,0,0,0,13,0,0,0,0,0,0,0,0,0,0,0,0,35,6,"Jimmy Garoppolo","QB","14677","RTSports","Jimmy","Garoppolo","QB",0,0,0,0,0,0,0,0,0,0,0,0,0,0,0,0,0,0,0,0,0,0,0,0,0,0,0,0,0,0,0,0,0,0,0,0,0,0,0,0,0,0,0,0,0,0,0,0,0,0,0,0,0,0,0,0,0,0,"LAR"
"12140",17,48.1333333333333,33.3,373,8.5,2.65,1.575,78.3,6.1,20,4.4,0.375,1.05,35.8333333333333,0.3,2.5,1.5,1,0.8,0.5,0.3,8.1,1.3,0.5,0.2,11.3,32,5,"Jameis Winston","QB","1998197","CBS","Jameis","Winston","QB",0,0,0,0,0,0,0,0,0,0,0,0,0,0,0,0,0,0,0,0,0,0,0,0,0,0,0,0,0,0,0,0,0,0,0,0,0,0,0,0,0,0,0,0,0,0,0,0,0,0,0,0,0,0,0,0,0,0,"NYG"
"12141",17,59.1,46.1,559.666666666667,20.1,4.1,1.86666666666667,98.3,11.4666666666667,64.6666666666667,6,0.6,0.45,49.3166666666667,1.2,2.4,1.1,0.7,0.5,0.4,0.2,9,1.1,0.4,0.2,12.8,33,5,"Marcus Mariota","QB","1880862","CBS","Marcus","Mariota","QB",0,0,0,0,0,0,0,0,0,0,0,0,0,0,0,0,0,0,0,0,0,0,0,0,0,0,0,0,0,0,0,0,0,0,0,0,0,0,0,0,0,0,0,0,0,0,0,0,0,0,0,0,0,0,0,0,0,0,"WAS"
"12610",0,30.6,18.3,209.5,0,1.55,0.85,0,4,16,0,0,0,17.4,0,0.8,0.6,0.3,0.2,0.2,0.1,3.2,0.5,0.2,0.1,3.8,34,4,"Wentz, Carson","QB",NA,"FantasySharks","Carson","Wentz","QB",0,0,0,0,0,0,0,0,0,0,0,0,0,0,0,0,0,0,0,0,0,0,0,0,0,0,0,0,0,0,0,0,0,0,0,0,0,0,0,0,0,0,0,0,0,0,0,0,0,0,0,0,0,0,0,0,0,0,"MIN"
"12611",17,540.033333333333,377.675,4377.5,249.6,33.975,9.8,107.5,30.9,86.25,2.1,0.25,3.25,360.983333333333,19.8,14.4,8.3,5.5,4.1,2.8,1.9,35.2,11.7,7.9,1.6,74.5,32,4,"Jared Goff","QB","2061053","CBS","Jared","Goff","QB",0,0,0,0,0,0,0,0,0,0,0,0,0,0,0,0,0,0,0,0,0,0,0,0,0,0,0,0,0,0,0,0,0,0,0,0,0,0,0,0,0,0,0,0,0,0,0,0,0,0,0,0,0,0,0,0,0,0,"DET"
"12616",17,539.4,348.6,3584.5,222.1,25.375,10.25,88.2,43.225,197,4.5,1.275,4.95,302.8,16.6,12.9,11.8,5.1,3.9,2.6,1.3,45.3,10.2,2.7,1,56.2,34,4,"Jacoby Brissett","QB","1877247","CBS","Jacoby","Brissett","QB",0,0,0,0,0,0,0,0,0,0,0,0,0,0,0,0,0,0,0,0,0,0,0,0,0,0,0,0,0,0,0,0,0,0,0,0,0,0,0,0,0,0,0,0,0,0,0,0,0,0,0,0,0,0,0,0,0,0,"ARI"
"12620",17,571.166666666667,386.625,4384.5,260.8,33.1,11.55,96.4,48.25,175.75,3.4,1.875,2,373.983333333333,21.2,13.6,8.2,5.4,4.1,2.7,2.4,34.6,12.5,4.3,1.2,74,33,4,"Dak Prescott","QB","1824864","CBS","Dak","Prescott","QB",0,0,0,0,0,0,0,0,0,0,0,0,0,0,0,0,0,0,0,0,0,0,0,0,0,0,0,0,0,0,0,0,0,0,0,0,0,0,0,0,0,0,0,0,0,0,0,0,0,0,0,0,0,0,0,0,0,0,"DAL"
"13113",17,351.133333333333,185.125,1907.75,116.9,13.475,7.625,80.8,37.275,189.25,4.3,1.25,4.1,161.916666666667,8.7,10.5,6.3,4.2,3.2,2.1,1.5,44.9,4.8,1.7,0.7,35.9,31,3,"Deshaun Watson","QB","2133482","CBS","Deshaun","Watson","QB",0,0,0,0,0,0,0,0,0,0,0,0,0,0,0,0,0,0,0,0,0,0,0,0,0,0,0,0,0,0,0,0,0,0,0,0,0,0,0,0,0,0,0,0,0,0,0,0,0,0,0,0,0,0,0,0,0,0,"CLE"
"13115",17,12.7,9.86666666666667,101,7.2,0.733333333333333,0.0333333333333333,82.3,4.16666666666667,10.3333333333333,1.8,0,0,8,0.5,0.1,0,0,0,0,0,0.2,0,0,0,0.1,32,3,"Mitch Trubisky","QB","2060476","CBS","Mitchell","Trubisky","QB",0,0,0,0,0,0,0,0,0,0,0,0,0,0,0,0,0,0,0,0,0,0,0,0,0,0,0,0,0,0,0,0,0,0,0,0,0,0,0,0,0,0,0,0,0,0,0,0,0,0,0,0,0,0,0,0,0,0,"TEN"
"13116",17,553.566666666667,353.95,3831,216.5,29.95,10.875,89.4,59.675,354.25,6.1,3.55,0.9,359.983333333333,20.3,14,8.2,5.4,4.1,2.7,1.4,38.7,9.4,2.5,1.1,78.1,31,3,"Patrick Mahomes","QB","2142052","CBS","Patrick","Mahomes","QB",0,0,0,0,0,0,0,0,0,0,0,0,0,0,0,0,0,0,0,0,0,0,0,0,0,0,0,0,0,0,0,0,0,0,0,0,0,0,0,0,0,0,0,0,0,0,0,0,0,0,0,0,0,0,0,0,0,0,"KC"
"13119",17,12.65,10.4,107,10.6,0.733333333333333,0.0333333333333333,111.9,4.4,8,1.8,0,0,7.11666666666667,0.5,0.1,0.1,0,0,0,0,0.2,0,0,0,0,31,3,"Joshua Dobbs","QB","2071844","CBS","Joshua","Dobbs","QB",0,0,0,0,0,0,0,0,0,0,0,0,0,0,0,0,0,0,0,0,0,0,0,0,0,0,0,0,0,0,0,0,0,0,0,0,0,0,0,0,0,0,0,0,0,0,0,0,0,0,0,0,0,0,0,0,0,0,"DET"
"13589",17,482.666666666667,339.675,3876.25,218.8,29.025,10.7,100.1,112.975,561.5,4.9,12.2,3.6,424.916666666667,23.6,11.3,7.7,4.5,3.4,2.2,2,28,9.3,2.4,1,80.8,30,2,"Josh Allen","QB","2181054","CBS","Josh","Allen","QB",0,0,0,0,0,0,0,0,0,0,0,0,0,0,0,0,0,0,0,0,0,0,0,0,0,0,0,0,0,0,0,0,0,0,0,0,0,0,0,0,0,0,0,0,0,0,0,0,0,0,0,0,0,0,0,0,0,0,"BUF"
"13590",17,522.166666666667,348.75,3949.5,231.8,29.65,12.45,91.5,57.75,357,6.7,1.625,3.1,352.85,19.6,12.4,7.3,6,3.7,2.4,1.8,32.4,10.8,2.6,1.1,64.5,31,2,"Baker Mayfield","QB","2080032","CBS","Baker","Mayfield","QB",0,0,0,0,0,0,0,0,0,0,0,0,0,0,0,0,0,0,0,0,0,0,0,0,0,0,0,0,0,0,0,0,0,0,0,0,0,0,0,0,0,0,0,0,0,0,0,0,0,0,0,0,0,0,0,0,0,0,"TB"
"13592",17,495.533333333333,333.875,4014.25,243.1,30.075,11.825,103.1,41.275,136.25,3,0.5,4.6,325,18.4,11.9,11.1,4.8,3.6,2.4,1.6,29,9.2,2.5,1.1,52.6,29,2,"Sam Darnold","QB","2180320","CBS","Sam","Darnold","QB",0,0,0,0,0,0,0,0,0,0,0,0,0,0,0,0,0,0,0,0,0,0,0,0,0,0,0,0,0,0,0,0,0,0,0,0,0,0,0,0,0,0,0,0,0,0,0,0,0,0,0,0,0,0,0,0,0,0,"SEA"
"13593",17,435.466666666667,282.4,3610,198.1,30.225,8.975,107.9,117.5,681.25,5.7,4.575,3.6,387.583333333333,21.4,12.3,8.6,4.8,3.3,2.2,2.9,31.1,6.5,2.3,1,63.9,29,2,"Lamar Jackson","QB","2181169","CBS","Lamar","Jackson","QB",0,0,0,0,0,0,0,0,0,0,0,0,0,0,0,0,0,0,0,0,0,0,0,0,0,0,0,0,0,0,0,0,0,0,0,0,0,0,0,0,0,0,0,0,0,0,0,0,0,0,0,0,0,0,0,0,0,0,"BAL"
"13595",17,54.3,33.0666666666667,369,7.9,3.5,0.8,96.3,9.73333333333333,26,4.3,0,0,33.15,0.5,4,1.3,0.9,0.7,0.4,0.2,5.7,1.3,0.4,0.2,4,31,2,"Mason Rudolph","QB","2131167","CBS","Mason","Rudolph","QB",0,0,0,0,0,0,0,0,0,0,0,0,0,0,0,0,0,0,0,0,0,0,0,0,0,0,0,0,0,0,0,0,0,0,0,0,0,0,0,0,0,0,0,0,0,0,0,0,0,0,0,0,0,0,0,0,0,0,"PIT"
"13879",17,7.7,4.15,48.5,5.6,0.5,0,95.4,2.4,3.5,0.7,0,0,3.85,0.4,0,0,0,0,0,0,0,0,0,0,0,30,2,"Kyle Allen","QB","2131782","CBS","Kyle","Allen","QB",0,0,0,0,0,0,0,0,0,0,0,0,0,0,0,0,0,0,0,0,0,0,0,0,0,0,0,0,0,0,0,0,0,0,0,0,0,0,0,0,0,0,0,0,0,0,0,0,0,0,0,0,0,0,0,0,0,0,"BUF"
"13968",17,10.4,7.45,70.5,6,0.7,0.05,113.7,14.05,3,0.8,0,0,5.75,0.5,0.1,0.1,0.1,0,0,0,0.4,0.1,0,0,1.2,31,3,"Nick Mullens","QB","2819104","CBS","Nick","Mullens","QB",0,0,0,0,0,0,0,0,0,0,0,0,0,0,0,0,0,0,0,0,0,0,0,0,0,0,0,0,0,0,0,0,0,0,0,0,0,0,0,0,0,0,0,0,0,0,0,0,0,0,0,0,0,0,0,0,0,0,"JAC"
"14056",17,505.466666666667,333.625,3494.75,204.5,26.425,13,89.1,77.15,446.75,5.9,3.7,3.05,338.483333333333,18.5,13.7,8.3,5.5,4.1,2.7,1.4,45.4,6.5,2.3,1,80.9,29,1,"Kyler Murray","QB","2180829","CBS","Kyler","Murray","QB",0,0,0,0,0,0,0,0,0,0,0,0,0,0,0,0,0,0,0,0,0,0,0,0,0,0,0,0,0,0,0,0,0,0,0,0,0,0,0,0,0,0,0,0,0,0,0,0,0,0,0,0,0,0,0,0,0,0,"MIN"
"14057",17,19,12.05,114.5,9.4,1.15,0.75,85.4,9.8,12,4.2,0,0.1,7.5,0.4,0.5,0.3,0.2,0.1,0.2,0.1,1.5,0.1,0.1,0,0.6,30,1,"Drew Lock","QB","2185479","CBS","Drew","Lock","QB",0,0,0,0,0,0,0,0,0,0,0,0,0,0,0,0,0,0,0,0,0,0,0,0,0,0,0,0,0,0,0,0,0,0,0,0,0,0,0,0,0,0,0,0,0,0,0,0,0,0,0,0,0,0,0,0,0,0,"SEA"
"14059",17,486.633333333333,276.1,3136,226.2,21.85,9.25,96.9,46.925,186.5,3.2,3.75,3.65,254.066666666667,19.1,10.8,6.2,4.1,3.1,2.1,1,24.6,6.8,2.2,0.9,54.2,29,1,"Daniel Jones","QB","2179245","CBS","Daniel","Jones","QB",0,0,0,0,0,0,0,0,0,0,0,0,0,0,0,0,0,0,0,0,0,0,0,0,0,0,0,0,0,0,0,0,0,0,0,0,0,0,0,0,0,0,0,0,0,0,0,0,0,0,0,0,0,0,0,0,0,0,"IND"
"14063",17,24,15,144,8.5,1,0,93.1,5,19,3.8,0,0,9,0.5,0,0,0,0,0,0,0,0,0,0,0,30,1,"Jarrett Stidham","QB","2180697","CBS","Jarrett","Stidham","QB",0,0,0,0,0,0,0,0,0,0,0,0,0,0,0,0,0,0,0,0,0,0,0,0,0,0,0,0,0,0,0,0,0,0,0,0,0,0,0,0,0,0,0,0,0,0,0,0,0,0,0,0,0,0,0,0,0,0,"DEN"
"14067",17,33.85,27.5,309.666666666667,9.1,2.26666666666667,0.966666666666667,94.8,8.36666666666667,16.3333333333333,4,0,0,23.5166666666667,0.5,1.1,0.7,0.4,0.3,0.2,0.1,2.8,0.7,0.2,0.1,0,30,1,"Gardner Minshew","QB","2183083","CBS","Gardner","Minshew","QB",0,0,0,0,0,0,0,0,0,0,0,0,0,0,0,0,0,0,0,0,0,0,0,0,0,0,0,0,0,0,0,0,0,0,0,0,0,0,0,0,0,0,0,0,0,0,0,0,0,0,0,0,0,0,0,0,0,0,"ARI"
"14358",17,38.4,25.7666666666667,243,8.9,2.2,1.6,76.7,6.13333333333333,22,5.2,0,0,19.4666666666667,0.4,1.3,0.8,0.5,0.4,0.3,0.2,6.1,0.5,0.2,0.1,2.2,30,1,"Jake Browning","QB","2180355","CBS","Jake","Browning","QB",0,0,0,0,0,0,0,0,0,0,0,0,0,0,0,0,0,0,0,0,0,0,0,0,0,0,0,0,0,0,0,0,0,0,0,0,0,0,0,0,0,0,0,0,0,0,0,0,0,0,0,0,0,0,0,0,0,0,"TB"
"14777",17,571.6,388.725,4254.75,250.6,36.65,11.25,94.6,46.325,178.75,5.2,1.5,1.55,377.016666666667,20.6,18,10.4,5.3,3.9,2.7,2.3,31.5,11.4,6.5,1.2,85.3,30,0,"Joe Burrow","QB","2179798","CBS","Joe","Burrow","QB",0,0,0,0,0,0,0,0,0,0,0,0,0,0,0,0,0,0,0,0,0,0,0,0,0,0,0,0,0,0,0,0,0,0,0,0,0,0,0,0,0,0,0,0,0,0,0,0,0,0,0,0,0,0,0,0,0,0,"CIN"
"14778",17,316.133333333333,197.775,2197,203.4,14.15,6.1,94.5,18.35,52,2.2,0,1,168.966666666667,14.9,4.8,2.9,1.9,1.5,1,0.5,9,2.7,0.9,0.4,17.6,28,0,"Tua Tagovailoa","QB","2741209","CBS","Tua","Tagovailoa","QB",0,0,0,0,0,0,0,0,0,0,0,0,0,0,0,0,0,0,0,0,0,0,0,0,0,0,0,0,0,0,0,0,0,0,0,0,0,0,0,0,0,0,0,0,0,0,0,0,0,0,0,0,0,0,0,0,0,0,"ATL"
"14779",17,514.933333333333,349.65,3956.75,222.1,28.9,10.375,94.9,80.975,442.5,6.2,2.325,2.35,362.666666666667,19.7,12.2,7.3,5,3.7,2.4,1.9,48.7,9.9,2.6,1.1,58.9,28,0,"Justin Herbert","QB","2221960","CBS","Justin","Herbert","QB",0,0,0,0,0,0,0,0,0,0,0,0,0,0,0,0,0,0,0,0,0,0,0,0,0,0,0,0,0,0,0,0,0,0,0,0,0,0,0,0,0,0,0,0,0,0,0,0,0,0,0,0,0,0,0,0,0,0,"LAC"
"14782",17,498.466666666667,328.225,3880.75,217.2,28.525,9.525,100.7,48.85,204.25,4.1,1,1.55,325.65,17.6,12.3,8.6,4.9,3.7,2.5,1.3,26,9.2,2.6,1.1,62.3,28,0,"Jordan Love","QB","2239997","CBS","Jordan","Love","QB",0,0,0,0,0,0,0,0,0,0,0,0,0,0,0,0,0,0,0,0,0,0,0,0,0,0,0,0,0,0,0,0,0,0,0,0,0,0,0,0,0,0,0,0,0,0,0,0,0,0,0,0,0,0,0,0,0,0,"GB"
"14783",17,461.8,312.1,3550.25,198.6,26.275,7.575,98.7,113.625,480.5,4.2,9.15,3.5,372.166666666667,20.5,12.5,6.2,4.2,3.1,2.1,1,31,6.2,2.2,0.9,68.4,28,0,"Jalen Hurts","QB","2240246","CBS","Jalen","Hurts","QB",0,0,0,0,0,0,0,0,0,0,0,0,0,0,0,0,0,0,0,0,0,0,0,0,0,0,0,0,0,0,0,0,0,0,0,0,0,0,0,0,0,0,0,0,0,0,0,0,0,0,0,0,0,0,0,0,0,0,"PHI"
"14789",17,26.45,23.4333333333333,216.666666666667,7.8,1.76666666666667,0.566666666666667,108.2,10.3333333333333,30,5.6,0,0.15,18.6833333333333,0.5,0.9,0.5,0.4,0.3,0.2,0.1,2.2,0.4,0.1,0.1,0.2,28,0,"Tyler Huntley","QB","3159137","CBS","Tyler","Huntley","QB",0,0,0,0,0,0,0,0,0,0,0,0,0,0,0,0,0,0,0,0,0,0,0,0,0,0,0,0,0,0,0,0,0,0,0,0,0,0,0,0,0,0,0,0,0,0,0,0,0,0,0,0,0,0,0,0,0,0,"BAL"
"15237",17,519.333333333333,337.3,3894.25,226.6,30.05,12.725,90.2,71.8,319,4.3,6.125,2.6,373.916666666667,21,14.6,7.1,4.6,3.5,2.3,1.2,29.5,10.2,2.5,1.1,71.9,27,-1,"Trevor Lawrence","QB","2967185","CBS","Trevor","Lawrence","QB",0,0,0,0,0,0,0,0,0,0,0,0,0,0,0,0,0,0,0,0,0,0,0,0,0,0,0,0,0,0,0,0,0,0,0,0,0,0,0,0,0,0,0,0,0,0,0,0,0,0,0,0,0,0,0,0,0,0,"JAC"
"15238",17,36.1,35.1,342.75,8.7,2.55,0.8,76,12.425,61.5,5.3,0.65,0.35,42.8,0.4,1.6,1,0.6,0.5,0.4,0.2,6.6,0.6,0.2,0.1,5,27,-1,"Justin Fields","QB","1273205","CBS","Justin","Fields","QB",0,0,0,0,0,0,0,0,0,0,0,0,0,0,0,0,0,0,0,0,0,0,0,0,0,0,0,0,0,0,0,0,0,0,0,0,0,0,0,0,0,0,0,0,0,0,0,0,0,0,0,0,0,0,0,0,0,0,"KC"
"15239",0,1.7,1.1,7,0,0.1,0,0,0.7,0,0,0,0,0.8,0,0,0,0,0,0,0,0.1,0,0,0,0,27,-1,"Wilson, Zach","QB",NA,"FantasySharks","Zach","Wilson","QB",0,0,0,0,0,0,0,0,0,0,0,0,0,0,0,0,0,0,0,0,0,0,0,0,0,0,0,0,0,0,0,0,0,0,0,0,0,0,0,0,0,0,0,0,0,0,0,0,0,0,0,0,0,0,0,0,0,0,"NOS"
"15240",17,24.9,17.9333333333333,181.333333333333,8.8,0.933333333333333,0.866666666666667,79.5,9.8,31.3333333333333,3.8,0,0,13.3166666666667,0.4,0.7,0.4,0.3,0.2,0.1,0.1,3.5,0.3,0.1,0,0.8,26,-1,"Trey Lance","QB","2969444","CBS","Trey","Lance","QB",0,0,0,0,0,0,0,0,0,0,0,0,0,0,0,0,0,0,0,0,0,0,0,0,0,0,0,0,0,0,0,0,0,0,0,0,0,0,0,0,0,0,0,0,0,0,0,0,0,0,0,0,0,0,0,0,0,0,"LAC"
"15241",17,39.8666666666667,35,389.5,9.8,3.175,1.375,83.1,13.9,23,3.6,0.25,0.55,39.9333333333333,0.4,2,1.8,0.7,0.6,0.4,0.2,4.9,1.1,0.4,0.2,9.1,28,-1,"Mac Jones","QB","2741202","CBS","Mac","Jones","QB",0,0,0,0,0,0,0,0,0,0,0,0,0,0,0,0,0,0,0,0,0,0,0,0,0,0,0,0,0,0,0,0,0,0,0,0,0,0,0,0,0,0,0,0,0,0,0,0,0,0,0,0,0,0,0,0,0,0,"SF"
"15248",17,10.25,7.15,77,8.9,0.5,0,108.5,2,10,5,0,0,4.65,0.5,0,0,0,0,0,0,0.2,0,0,0,0,28,-1,"Shane Buechele","QB","2240307","CBS","Shane","Buechele","QB",0,0,0,0,0,0,0,0,0,0,0,0,0,0,0,0,0,0,0,0,0,0,0,0,0,0,0,0,0,0,0,0,0,0,0,0,0,0,0,0,0,0,0,0,0,0,0,0,0,0,0,0,0,0,0,0,0,0,"BUF"
"15252",17,67.55,37.2,316,9.4,3.1,1.06666666666667,96.3,7.43333333333333,30,3.8,0,0,28.45,0.5,2.8,1.7,1.1,0.8,0.6,0.3,7.3,1,0.4,0.2,12.1,28,-1,"Davis Mills","QB","2867381","CBS","Davis","Mills","QB",0,0,0,0,0,0,0,0,0,0,0,0,0,0,0,0,0,0,0,0,0,0,0,0,0,0,0,0,0,0,0,0,0,0,0,0,0,0,0,0,0,0,0,0,0,0,0,0,0,0,0,0,0,0,0,0,0,0,"HOU"
"15692",17,38.55,23.7,256,7.9,2.85,1.6,76.5,6.5,24.5,5.5,0,0,22.55,0.4,1.6,0.8,1.4,0.4,0.3,0.1,8.7,0.7,0.3,0.1,7.4,28,-2,"Kenny Pickett","QB","2804969","CBS","Kenny","Pickett","QB",0,0,0,0,0,0,0,0,0,0,0,0,0,0,0,0,0,0,0,0,0,0,0,0,0,0,0,0,0,0,0,0,0,0,0,0,0,0,0,0,0,0,0,0,0,0,0,0,0,0,0,0,0,0,0,0,0,0,"CAR"
"15694",17,467.666666666667,306.925,3397.75,182.8,22.85,11.225,90.2,95.975,481.25,5,3.55,3.95,320.233333333333,18.9,12.4,6.6,4.4,3.3,2.2,1.5,30.3,6.6,2.3,1,61,27,-2,"Malik Willis","QB","2804167","CBS","Malik","Willis","QB",0,0,0,0,0,0,0,0,0,0,0,0,0,0,0,0,0,0,0,0,0,0,0,0,0,0,0,0,0,0,0,0,0,0,0,0,0,0,0,0,0,0,0,0,0,0,0,0,0,0,0,0,0,0,0,0,0,0,"MIA"
"15697",17,19,13,151,8.9,1,0,109.8,5,21,4.2,0,0,9,0.5,0,0,0,0,0,0,0,0,0,0,0,27,-2,"Desmond Ridder","QB","2864759","CBS","Desmond","Ridder","QB",0,0,0,0,0,0,0,0,0,0,0,0,0,0,0,0,0,0,0,0,0,0,0,0,0,0,0,0,0,0,0,0,0,0,0,0,0,0,0,0,0,0,0,0,0,0,0,0,0,0,0,0,0,0,0,0,0,0,"GB"
"15698",17,516.366666666667,347.325,4032.25,242.4,30.425,14.25,95.4,68.175,301.25,4.3,4.125,3.95,357.233333333333,20.6,17.3,6.9,4.6,3.5,2.3,1.2,28.6,10.4,2.5,1.1,72.8,27,-2,"Brock Purdy","QB","2961306","CBS","Brock","Purdy","QB",0,0,0,0,0,0,0,0,0,0,0,0,0,0,0,0,0,0,0,0,0,0,0,0,0,0,0,0,0,0,0,0,0,0,0,0,0,0,0,0,0,0,0,0,0,0,0,0,0,0,0,0,0,0,0,0,0,0,"SF"
"15702",17,11.65,14.6333333333333,156.666666666667,7.6,1.1,0.0333333333333333,100.5,3.83333333333333,7.66666666666667,3.2,0,0,11.65,0.5,0.1,0.1,0,0,0,0,0.3,0.1,0,0,0.6,26,-3,"Tanner McKee","QB","2963945","CBS","Tanner","McKee","QB",0,0,0,0,0,0,0,0,0,0,0,0,0,0,0,0,0,0,0,0,0,0,0,0,0,0,0,0,0,0,0,0,0,0,0,0,0,0,0,0,0,0,0,0,0,0,0,0,0,0,0,0,0,0,0,0,0,0,"PHI"
"15948",17,23,14,148,8.7,1,0,94.1,4,18,4.5,0,1,7,0.4,0,0,0,0,0,0,0,0,0,0,0,29,-2,"Chris Oladokun","QB","2261701","CBS","Chris","Oladokun","QB",0,0,0,0,0,0,0,0,0,0,0,0,0,0,0,0,0,0,0,0,0,0,0,0,0,0,0,0,0,0,0,0,0,0,0,0,0,0,0,0,0,0,0,0,0,0,0,0,0,0,0,0,0,0,0,0,0,0,"KC"
"16148",17,523.266666666667,336,3487.75,198,26.675,11.8,88.7,58.025,276,4.5,3.1,2.65,316.666666666667,17.2,12.9,7.8,5.2,4,2.6,1.3,33.1,6.3,2.2,1,56.8,25,-3,"Bryce Young","QB","3161957","CBS","Bryce","Young","QB",0,0,0,0,0,0,0,0,0,0,0,0,0,0,0,0,0,0,0,0,0,0,0,0,0,0,0,0,0,0,0,0,0,0,0,0,0,0,0,0,0,0,0,0,0,0,0,0,0,0,0,0,0,0,0,0,0,0,"CAR"
"16149",17,19.1,12.15,129.5,8.1,1.15,0.2,92.1,3.3,13,4.8,0,0.15,10.1,0.5,0.4,0.2,0.2,0.1,0.2,0.2,2.1,0.2,0.1,0,1,27,-3,"Will Levis","QB","2964377","CBS","Will","Levis","QB",0,0,0,0,0,0,0,0,0,0,0,0,0,0,0,0,0,0,0,0,0,0,0,0,0,0,0,0,0,0,0,0,0,0,0,0,0,0,0,0,0,0,0,0,0,0,0,0,0,0,0,0,0,0,0,0,0,0,"TEN"
"16150",17,558,344.425,3868,231,27.65,11.375,89.5,54.475,238.5,4.6,1.475,3,326.366666666667,18.3,13.8,8.3,5.5,4.1,2.8,2.1,36.9,9.4,2.5,1.1,53.3,25,-3,"C.J. Stroud","QB","3163079","CBS","C.J.","Stroud","QB",0,0,0,0,0,0,0,0,0,0,0,0,0,0,0,0,0,0,0,0,0,0,0,0,0,0,0,0,0,0,0,0,0,0,0,0,0,0,0,0,0,0,0,0,0,0,0,0,0,0,0,0,0,0,0,0,0,0,"HOU"
"16152",2,39.4,26.1333333333333,264,55,2.4,1.5,103.6,12.8333333333333,53.3333333333333,4,0.566666666666667,0.25,28.55,4,1.6,0.9,0.6,0.5,0.3,0.3,4.1,0.6,0.2,0.1,5.6,24,-3,"Anthony Richardson","QB","3163263","CBS","Anthony","Richardson","QB",0,0,0,0,0,0,0,0,0,0,0,0,0,0,0,0,0,0,0,0,0,0,0,0,0,0,0,0,0,0,0,0,0,0,0,0,0,0,0,0,0,0,0,0,0,0,0,0,0,0,0,0,0,0,0,0,0,0,"IND"
"16159",0,19.8,13.3,111,0,1.3,0.5,0,1.8,5,0,0,0,10.7,0,0.5,0.3,0.2,0.1,0.1,0.1,1.3,0.2,0.1,0,1.4,28,-3,"O'Connell, Aidan","QB",NA,"FantasySharks","Aidan","O'Connell","QB",0,0,0,0,0,0,0,0,0,0,0,0,0,0,0,0,0,0,0,0,0,0,0,0,0,0,0,0,0,0,0,0,0,0,0,0,0,0,0,0,0,0,0,0,0,0,0,0,0,0,0,0,0,0,0,0,0,0,"LVR"
"16384",17,15.25,10.2,117.5,9.4,0.8,0.1,105.1,8.2,8.5,2.8,0,0,7.2,0.5,0.2,0.1,0.1,0.1,0.1,0,0.6,0.1,0.1,0,0,26,-3,"Tyson Bagent","QB","29081346","CBS","Tyson","Bagent","QB",0,0,0,0,0,0,0,0,0,0,0,0,0,0,0,0,0,0,0,0,0,0,0,0,0,0,0,0,0,0,0,0,0,0,0,0,0,0,0,0,0,0,0,0,0,0,0,0,0,0,0,0,0,0,0,0,0,0,"CHI"
"16441",0,9.3,6.1,40,0,0.6,0.2,0,7.8,2,0,0,0,4.4,0,0.2,0.1,0.1,0.1,0.1,0,1.2,0.1,0,0,0,28,-3,"DeVito, Tommy","QB",NA,"FantasySharks","Tommy","DeVito","QB",0,0,0,0,0,0,0,0,0,0,0,0,0,0,0,0,0,0,0,0,0,0,0,0,0,0,0,0,0,0,0,0,0,0,0,0,0,0,0,0,0,0,0,0,0,0,0,0,0,0,0,0,0,0,0,0,0,0,"NEP"
"16579",17,560.566666666667,354.225,3927,231.4,30.875,9.7,89.8,76.475,420.25,5.2,2.35,2.2,376.033333333333,21,14.4,8.6,5.7,4.4,2.9,1.4,36.9,10.4,2.6,1.1,58.1,25,-4,"Caleb Williams","QB","26695775","CBS","Caleb","Williams","QB",0,0,0,0,0,0,0,0,0,0,0,0,0,0,0,0,0,0,0,0,0,0,0,0,0,0,0,0,0,0,0,0,0,0,0,0,0,0,0,0,0,0,0,0,0,0,0,0,0,0,0,0,0,0,0,0,0,0,"CHI"
"16580",17,499.866666666667,346.65,4026.25,226.2,29.275,10.5,103,96.525,516,5.1,4.3,6.3,377.616666666667,20.5,12.6,7.6,5,5.1,2.5,1.3,50.8,10.7,2.7,1.2,70.1,24,-4,"Drake Maye","QB","26695757","CBS","Drake","Maye","QB",0,0,0,0,0,0,0,0,0,0,0,0,0,0,0,0,0,0,0,0,0,0,0,0,0,0,0,0,0,0,0,0,0,0,0,0,0,0,0,0,0,0,0,0,0,0,0,0,0,0,0,0,0,0,0,0,0,0,"NE"
"16581",17,472.233333333333,318.2,3622.75,201.2,26.2,9.6,93.3,137.025,733,5.3,5.05,2.2,379.1,20.8,12.9,6.6,4.4,3.3,2.2,2.4,33.1,6.5,2.3,1,67,26,-4,"Jayden Daniels","QB","3123337","CBS","Jayden","Daniels","QB",0,0,0,0,0,0,0,0,0,0,0,0,0,0,0,0,0,0,0,0,0,0,0,0,0,0,0,0,0,0,0,0,0,0,0,0,0,0,0,0,0,0,0,0,0,0,0,0,0,0,0,0,0,0,0,0,0,0,"WAS"
"16582",17,566.5,371.275,3780,206.5,29.875,10.375,88.7,81.225,359.75,4.2,3.65,1.3,356.283333333333,18.5,14,8.4,6.7,4.2,2.8,1.4,32.4,9,2.5,1.1,64.5,26,-4,"Bo Nix","QB","3121193","CBS","Bo","Nix","QB",0,0,0,0,0,0,0,0,0,0,0,0,0,0,0,0,0,0,0,0,0,0,0,0,0,0,0,0,0,0,0,0,0,0,0,0,0,0,0,0,0,0,0,0,0,0,0,0,0,0,0,0,0,0,0,0,0,0,"DEN"
"16583",17,238.533333333333,170.7,1991.5,35.9,13,5.2,93,23.5,87.25,3,0.95,1.25,162.4,2.2,9.2,5.5,3.7,2.8,1.8,0.9,21.8,6,2,0.8,38.1,26,-4,"Michael Penix Jr.","QB","2963496","CBS","Michael","Penix Jr.","QB",0,0,0,0,0,0,0,0,0,0,0,0,0,0,0,0,0,0,0,0,0,0,0,0,0,0,0,0,0,0,0,0,0,0,0,0,0,0,0,0,0,0,0,0,0,0,0,0,0,0,0,0,0,0,0,0,0,0,"ATL"
"16584",17,81.6666666666667,63.375,666.25,8.1,5,2.75,80.4,11.2,50.25,4.8,0.725,0.45,61.35,0.4,3.5,3,1.4,1.1,0.7,0.4,10.1,1.7,0.6,0.3,19.6,23,-4,"J.J. McCarthy","QB","26695214","CBS","J.J.","McCarthy","QB",0,0,0,0,0,0,0,0,0,0,0,0,0,0,0,0,0,0,0,0,0,0,0,0,0,0,0,0,0,0,0,0,0,0,0,0,0,0,0,0,0,0,0,0,0,0,0,0,0,0,0,0,0,0,0,0,0,0,"MIN"
"16585",17,39.4,26.15,306,10.6,3.15,1.95,98.9,9.55,53,4.2,0,0.95,26.35,0.5,1.4,0.8,0.6,2.2,0.3,0.1,3.6,0.8,0.3,0.1,10.7,26,-4,"Joe Milton III","QB","2962193","CBS","Joe","Milton","QB",0,0,0,0,0,0,0,0,0,0,0,0,0,0,0,0,0,0,0,0,0,0,0,0,0,0,0,0,0,0,0,0,0,0,0,0,0,0,0,0,0,0,0,0,0,0,0,0,0,0,0,0,0,0,0,0,0,0,"DAL"
"16586",17,101.2,57,542,9.4,4.9,2.2,81.8,10.0666666666667,53,4.3,0,1.4,45.95,0.4,4.5,2.7,1.8,1.3,0.9,0.4,15.4,1.9,0.7,0.3,7.6,26,-4,"Spencer Rattler","QB","3125863","CBS","Spencer","Rattler","QB",0,0,0,0,0,0,0,0,0,0,0,0,0,0,0,0,0,0,0,0,0,0,0,0,0,0,0,0,0,0,0,0,0,0,0,0,0,0,0,0,0,0,0,0,0,0,0,0,0,0,0,0,0,0,0,0,0,0,"NO"
"16868",17,16,11,115,6.8,1,0,110.2,3,7,2.3,0,0,8,0.5,0,0,0,0,0,0,0,0,0,0,0,26,-3,"Adrian Martinez","QB","2966360","CBS","Adrian","Martinez","QB",0,0,0,0,0,0,0,0,0,0,0,0,0,0,0,0,0,0,0,0,0,0,0,0,0,0,0,0,0,0,0,0,0,0,0,0,0,0,0,0,0,0,0,0,0,0,0,0,0,0,0,0,0,0,0,0,0,0,"SF"
"17030",17,547.066666666667,341.8,3513.5,196.6,24.475,9.625,82.8,46.1,186,4,2.25,5.75,291.15,15.2,13,7.8,5.2,3.9,2.6,1.3,45.9,6,2.1,0.9,45.4,24,-5,"Cam Ward","QB","3168422","CBS","Cam","Ward","QB",0,0,0,0,0,0,0,0,0,0,0,0,0,0,0,0,0,0,0,0,0,0,0,0,0,0,0,0,0,0,0,0,0,0,0,0,0,0,0,0,0,0,0,0,0,0,0,0,0,0,0,0,0,0,0,0,0,0,"TEN"
"17031",17,216.233333333333,151.45,1485.5,77.9,9.8,6.15,80,23.625,144.25,6.5,0.775,0.7,121.916666666667,5.7,5.1,3,2,1.5,1,0.5,17.8,1.7,0.6,0.3,9.9,24,-5,"Shedeur Sanders","QB","26710004","CBS","Shedeur","Sanders","QB",0,0,0,0,0,0,0,0,0,0,0,0,0,0,0,0,0,0,0,0,0,0,0,0,0,0,0,0,0,0,0,0,0,0,0,0,0,0,0,0,0,0,0,0,0,0,0,0,0,0,0,0,0,0,0,0,0,0,"CLE"
"17032",17,492.533333333333,318.25,3476.25,206.9,25.825,10.225,88.2,99.65,555.75,5.4,7.75,2.45,367.333333333333,20.4,11.6,7.1,4.6,3.5,2.3,1.2,39,5.9,2.1,0.9,62.8,23,-5,"Jaxson Dart","QB","26694019","CBS","Jaxson","Dart","QB",0,0,0,0,0,0,0,0,0,0,0,0,0,0,0,0,0,0,0,0,0,0,0,0,0,0,0,0,0,0,0,0,0,0,0,0,0,0,0,0,0,0,0,0,0,0,0,0,0,0,0,0,0,0,0,0,0,0,"NYG"
"17033",17,5.5,3.5,45,5.3,0.5,0,119.5,4.35,13,3,0,0,4.05,0.4,0,0,0,0,0,0,0,0,0,0,0,24,-5,"Jalen Milroe","QB","26694943","CBS","Jalen","Milroe","QB",0,0,0,0,0,0,0,0,0,0,0,0,0,0,0,0,0,0,0,0,0,0,0,0,0,0,0,0,0,0,0,0,0,0,0,0,0,0,0,0,0,0,0,0,0,0,0,0,0,0,0,0,0,0,0,0,0,0,"SEA"
"17034",17,37.6,40.3333333333333,409.333333333333,7.3,3.3,2.16666666666667,81.9,7.06666666666667,19.6666666666667,4.8,0,0.25,31.7833333333333,0.4,1.4,0.8,0.6,0.4,0.3,0.4,6.5,0.7,0.2,0.1,3.7,23,-5,"Quinn Ewers","QB","26746721","CBS","Quinn","Ewers","QB",0,0,0,0,0,0,0,0,0,0,0,0,0,0,0,0,0,0,0,0,0,0,0,0,0,0,0,0,0,0,0,0,0,0,0,0,0,0,0,0,0,0,0,0,0,0,0,0,0,0,0,0,0,0,0,0,0,0,"MIA"
"17035",17,13.7,35.2,375.333333333333,9.5,2.46666666666667,1.16666666666667,100.9,6.6,32.3333333333333,4,0.366666666666667,0.6,30.4666666666667,0.4,0.1,0.1,0.1,0,0,0.1,0.4,0.1,0,0,1.6,24,-5,"Riley Leonard","QB","26699092","CBS","Riley","Leonard","QB",0,0,0,0,0,0,0,0,0,0,0,0,0,0,0,0,0,0,0,0,0,0,0,0,0,0,0,0,0,0,0,0,0,0,0,0,0,0,0,0,0,0,0,0,0,0,0,0,0,0,0,0,0,0,0,0,0,0,"IND"
"17036",17,16,10,101,5.9,1,0,101.3,2,8,4,0,0,7,0.4,0,0,0,0,0,0,0,0,0,0,0,25,-5,"Will Howard","QB","3162310","CBS","Will","Howard","QB",0,0,0,0,0,0,0,0,0,0,0,0,0,0,0,0,0,0,0,0,0,0,0,0,0,0,0,0,0,0,0,0,0,0,0,0,0,0,0,0,0,0,0,0,0,0,0,0,0,0,0,0,0,0,0,0,0,0,"PIT"
"17037",0,12.3,47.85,456.5,0,2.45,0.6,0,4.55,21.5,0,0,0,34.275,0,0.4,0.2,0.1,0.1,0.1,0,1.1,0.1,0,0,1.2,26,-5,"Gabriel, Dillon","QB",NA,"FantasySharks","Dillon","Gabriel","QB",0,0,0,0,0,0,0,0,0,0,0,0,0,0,0,0,0,0,0,0,0,0,0,0,0,0,0,0,0,0,0,0,0,0,0,0,0,0,0,0,0,0,0,0,0,0,0,0,0,0,0,0,0,0,0,0,0,0,"CLE"
"17039",17,520.366666666667,348.875,3844.75,235.3,25.65,10.925,91.4,68.5,303,4.4,4.175,3.55,334.75,18.1,11.4,9.7,4.6,3.4,2.3,1.2,42.6,9.4,2.4,1,40.9,27,-5,"Tyler Shough","QB","2964064","CBS","Tyler","Shough","QB",0,0,0,0,0,0,0,0,0,0,0,0,0,0,0,0,0,0,0,0,0,0,0,0,0,0,0,0,0,0,0,0,0,0,0,0,0,0,0,0,0,0,0,0,0,0,0,0,0,0,0,0,0,0,0,0,0,0,"NO"
"17040",17,10.55,6.9,63,7.1,0.55,0.55,77.1,2.05,10.5,5.3,0,0,3.8,0.4,0,0,0,0,0,0,0.2,0,0,0,0.1,25,-5,"Brady Cook","QB","3163207","CBS","Brady","Cook","QB",0,0,0,0,0,0,0,0,0,0,0,0,0,0,0,0,0,0,0,0,0,0,0,0,0,0,0,0,0,0,0,0,0,0,0,0,0,0,0,0,0,0,0,0,0,0,0,0,0,0,0,0,0,0,0,0,0,0,"NYJ"
"17462",17,374.633333333333,260.35,2793.75,155.3,17.925,10.275,83.2,40.775,172.5,4.7,1,1.75,212.866666666667,11.7,6.4,3.9,2.6,1.9,1.3,0.6,16.7,3.9,1.3,0.6,8.9,23,-6,"Fernando Mendoza","QB","28916321","CBS","Fernando","Mendoza","QB",0,0,0,0,0,0,0,0,0,0,0,0,0,0,0,0,0,0,0,0,0,0,0,0,0,0,0,0,0,0,0,0,0,0,0,0,0,0,0,0,0,0,0,0,0,0,0,0,0,0,0,0,0,0,0,0,0,0,"LV"
"17463",17,41.3,26.3333333333333,310.333333333333,26.5,2.8,1.5,101.4,4.33333333333333,17.3333333333333,4.6,0,0.15,31.45,2,1.7,0.7,0.4,0.3,0.2,0.1,14,0.6,0.2,0.1,9,24,-6,"Ty Simpson","QB","28878532","CBS","Ty","Simpson","QB",0,0,0,0,0,0,0,0,0,0,0,0,0,0,0,0,0,0,0,0,0,0,0,0,0,0,0,0,0,0,0,0,0,0,0,0,0,0,0,0,0,0,0,0,0,0,0,0,0,0,0,0,0,0,0,0,0,0,"LAR"
"17465",17,17,11,111,6.5,1,0,102.8,2,8,4,0,0,8,0.5,0,0,0,0,0,0,0,0,0,0,0,24,-6,"Garrett Nussmeier","QB","26701706","CBS","Garrett","Nussmeier","QB",0,0,0,0,0,0,0,0,0,0,0,0,0,0,0,0,0,0,0,0,0,0,0,0,0,0,0,0,0,0,0,0,0,0,0,0,0,0,0,0,0,0,0,0,0,0,0,0,0,0,0,0,0,0,0,0,0,0,"KC"
"17466",17,42,26.5,282,6.8,2,1,103,4.5,18,3.5,0,0,8,0.5,0,0,0,0,0,0,0,0,0,0,0,25,-6,"Carson Beck","QB","3163129","CBS","Carson","Beck","QB",0,0,0,0,0,0,0,0,0,0,0,0,0,0,0,0,0,0,0,0,0,0,0,0,0,0,0,0,0,0,0,0,0,0,0,0,0,0,0,0,0,0,0,0,0,0,0,0,0,0,0,0,0,0,0,0,0,0,"ARI"
"17467",17,29.95,20.15,149,5.3,1.95,1.6,104.9,6.05,35,4.5,0,0.9,14.2,0.4,1.1,0.7,0.4,0.3,0.2,0.1,10.4,0.4,0.1,0.1,0,23,-6,"Cade Klubnik","QB","28874636","CBS","Cade","Klubnik","QB",0,0,0,0,0,0,0,0,0,0,0,0,0,0,0,0,0,0,0,0,0,0,0,0,0,0,0,0,0,0,0,0,0,0,0,0,0,0,0,0,0,0,0,0,0,0,0,0,0,0,0,0,0,0,0,0,0,0,"NYJ"
"17468",17,16,10,101,5.9,1,0,101.3,2,8,4,0,0,7,0.4,0,0,0,0,0,0,0,0,0,0,0,22,-6,"Drew Allar","QB","28876938","CBS","Drew","Allar","QB",0,0,0,0,0,0,0,0,0,0,0,0,0,0,0,0,0,0,0,0,0,0,0,0,0,0,0,0,0,0,0,0,0,0,0,0,0,0,0,0,0,0,0,0,0,0,0,0,0,0,0,0,0,0,0,0,0,0,"PIT"
"17654",17,14,10,105,6.2,1,0,116.7,2,10,5,0,0,8,0.5,0,0,0,0,0,0,0,0,0,0,0,24,-6,"Cole Payton","QB","26725861","CBS","Cole","Payton","QB",0,0,0,0,0,0,0,0,0,0,0,0,0,0,0,0,0,0,0,0,0,0,0,0,0,0,0,0,0,0,0,0,0,0,0,0,0,0,0,0,0,0,0,0,0,0,0,0,0,0,0,0,0,0,0,0,0,0,"PHI"
"17702",17,15,10,118,6.9,1,0,112.6,2,9,4.5,0,0,8,0.5,0,0,0,0,0,0,0,0,0,0,0,24,-6,"Behren Morton","QB","26696177","CBS","Behren","Morton","QB",0,0,0,0,0,0,0,0,0,0,0,0,0,0,0,0,0,0,0,0,0,0,0,0,0,0,0,0,0,0,0,0,0,0,0,0,0,0,0,0,0,0,0,0,0,0,0,0,0,0,0,0,0,0,0,0,0,0,"NE"
"7836",17,532.7,342.725,3484,178.4,25.825,9.675,88.9,32.475,106,3.2,1.025,2.35,283.783333333333,13.8,13.9,8.3,5.8,4.2,2.8,1.4,36.1,7.6,2.4,1,72.1,43,15,"Aaron Rodgers","QB","419780","CBS","Aaron","Rodgers","QB",0,0,0,0,0,0,0,0,0,0,0,0,0,0,0,0,0,0,0,0,0,0,0,0,0,0,0,0,0,0,0,0,0,0,0,0,0,0,0,0,0,0,0,0,0,0,0,0,0,0,0,0,0,0,0,0,0,0,"PIT"
"9064",17,45.4,37.975,391,10.2,3.15,1.65,84.4,4.4,11.75,4,0.075,0.65,35.7666666666667,0.2,2.2,1.3,0.9,0.6,0.4,0.2,5.4,0.9,0.3,0.1,6.9,41,12,"Joe Flacco","QB","1250697","CBS","Joe","Flacco","QB",0,0,0,0,0,0,0,0,0,0,0,0,0,0,0,0,0,0,0,0,0,0,0,0,0,0,0,0,0,0,0,0,0,0,0,0,0,0,0,0,0,0,0,0,0,0,0,0,0,0,0,0,0,0,0,0,0,0,"CIN"
"9431",17,544.966666666667,353.575,4239.25,238.1,35.925,9.2,102,31.6,77.25,1.4,0.25,1.85,357.083333333333,20.1,17.8,8.5,5.4,4,2.7,1.3,34.6,11.2,8.9,1.2,79.4,38,11,"Matthew Stafford","QB","1114942","CBS","Matthew","Stafford","QB",0,0,0,0,0,0,0,0,0,0,0,0,0,0,0,0,0,0,0,0,0,0,0,0,0,0,0,0,0,0,0,0,0,0,0,0,0,0,0,0,0,0,0,0,0,0,0,0,0,0,0,0,0,0,0,0,0,0,"LAR"
"11367",17,0,0,0,0,0,0,0,4.1,2.76666666666667,0.5,0,0,38.4,1.8,0,0,0,0,0,0,0,0,0,0,4.7,35,7,"Kyle Juszczyk","FB","1683145","CBS","Kyle","Juszczyk","RB",31.9,23.7333333333333,215.666666666667,15,9.4,2.06666666666667,0,0,0,0,0,0,0,0,6.9,0.9,0.4,0,0,0,0,0,0,0,0,0,0,0,0,0,0,0,0,0,0,0,0,0,0,0,0,0,0,0,0,0,0,0,0,0,0,0,0,0,0,0,0,0,"SF"
"12155",0,0,0,0,0,0,0,0,11.1,51,0,0.5,0,11.8,0,0,0,0,0,0,0,0,0,0,0,2.1,33,5,"Abdullah, Ameer","RB",NA,"FantasySharks","Ameer","Abdullah","RB",4.6,4.3,36,0,0,0,0.5,0,0,0,0,0,0.2,0.1,0.3,0.1,0.1,127,0,0,0,0,0,0,0,0,0,0,0,0,0,0,0,0,0,0,0,0,0,0,0,0,0,0,0,0,0,0,0,0,0,0,0,0,0,0,0,0,"JAC"
"12325",17,0,0,0,0,0,0,0,4.7,5.5,1.1,0.5,0,6.55,0.8,0,0,0,0,0,0,0,0,0,0,0.4,34,5,"Michael Burton","FB","1759407","CBS","Michael","Burton","RB",4,3,20,2.4,6.7,0.5,0,0,0,0,0,0,0,0,0,0,0,0,0,0,0,0,0,0,0,0,0,0,0,0,0,0,0,0,0,0,0,0,0,0,0,0,0,0,0,0,0,0,0,0,0,0,0,0,0,0,0,0,"CLE"
"12447",0,0,0,0,0,0,0,0,21.2,53,0,0,0,11.8,0,0,0,0,0,0,0,0,0,0,0,0.9,34,5,"Mostert, Raheem","RB",NA,"FantasySharks","Raheem","Mostert","RB",10.7,10.7,65,0,0,0,0,0,0,0,0,0,0.2,0.1,0.9,0.3,0.1,550,0,0,0,0,0,0,0,0,0,0,0,0,0,0,0,0,0,0,0,0,0,0,0,0,0,0,0,0,0,0,0,0,0,0,0,0,0,0,0,0,"LVR"
"12626",17,0,0,0,0,0,0,0,290.35,1499.25,5.4,13.825,2.05,249.833333333333,15.1,0,0,0,0,0,0,0,0,0,0,32.1,32,4,"Derrick Henry","RB","2061188","CBS","Derrick","Henry","RB",22.1,16.45,164,9.4,9.9,0.6,9.7,0,2.1,0.4,1.2,0,13.4,9.7,3.1,0.5,0.3,0,0,0,0,0,0,0,0,0,0,0,0,0,0,0,0,0,0,0,0,0,0,0,0,0,0,0,0,0,0,0,0,0,0,0,0,0,0,0,0,0,"BAL"
"13130",17,0,0,0,0,0,0,0,259.45,1059.25,3.9,8.325,0.85,271.9,13.5,0,0,0,0,0,0,0,0,0,0,36.9,30,3,"Christian McCaffrey","RB","2136743","CBS","Christian","McCaffrey","RB",98,77.2,683,40.1,9.2,5.275,5.6,0.7,0,0,0,0,11.9,1.9,19.1,3.3,1.4,0,0,0,0,0,0,0,0,0,0,0,0,0,0,0,0,0,0,0,0,0,0,0,0,0,0,0,0,0,0,0,0,0,0,0,0,0,0,0,0,0,"SF"
"13131",0,0,0,0,0,0,0,0,99,391,0,2,0,66.7,0,0,0,0,0,0,0,0,0,0,0,0,30,3,"Joe Mixon","RB","15839","RTSports","Joe","Mixon","RB",0,9,66,0,0,0,0,0,0,0,0,0,0,0,0,0,0,0,0,0,0,0,0,0,0,0,0,0,0,0,0,0,0,0,0,0,0,0,0,0,0,0,0,0,0,0,0,0,0,0,0,0,0,0,0,0,0,0,"HOU"
"13132",17,0,0,0,0,0,0,0,123.225,467.5,3.8,2.2,1.3,87.1,5.5,0,0,0,0,0,0,0,0,0,0,4.5,31,3,"Alvin Kamara","RB","2082721","CBS","Alvin","Kamara","RB",39.9,31.925,211.5,15.4,7.3,0.775,0,0.8,0,0,0,0,1.4,0.7,3.2,0.6,0.3,119,0,0,0,0,0,0,0,0,0,0,0,0,0,0,0,0,0,0,0,0,0,0,0,0,0,0,0,0,0,0,0,0,0,0,0,0,0,0,0,0,"NO"
"13133",17,0,0,0,0,0,0,0,83.6,366.75,4.6,2.85,2.25,61.9,3.5,0,0,0,0,0,0,0,0,0,0,7.7,31,3,"Samaje Perine","RB","2131148","CBS","Samaje","Perine","RB",22.7333333333333,18.225,133,7.7,7.7,0.25,2.1,0,0,0.3,0,0,1.2,0.6,0.8,0.5,0.2,346,0,0,0,0,0,0,0,0,0,0,0,0,0,0,0,0,0,0,0,0,0,0,0,0,0,0,0,0,0,0,0,0,0,0,0,0,0,0,0,0,"CIN"
"13138",0,0,0,0,0,0,0,0,98,393,0,2,0,78.5,0,0,0,0,0,0,0,0,0,0,0,0,31,3,"Kareem Hunt","RB","15843","RTSports","Kareem","Hunt","RB",0,15,122,0,0,0,0,0,0,0,0,0,0,0,0,0,0,0,0,0,0,0,0,0,0,0,0,0,0,0,0,0,0,0,0,0,0,0,0,0,0,0,0,0,0,0,0,0,0,0,0,0,0,0,0,0,0,0,"KC"
"13143",0,0,0,0,0,0,0,0,26.1,124,0,0.2,0,29.6,0,0,0,0,0,0,0,0,0,0,0,3.4,31,3,"McNichols, Jeremy","RB",NA,"FantasySharks","Jeremy","McNichols","RB",25.1,19.4,146,0,0,0,0,0,0,0,0,0.2,0.5,0.2,1.6,0.6,0.3,44,0,0,0,0,0,0,0,0,0,0,0,0,0,0,0,0,0,0,0,0,0,0,0,0,0,0,0,0,0,0,0,0,0,0,0,0,0,0,0,0,"WAS"
"13146",17,0,0,0,0,0,0,0,86.5666666666667,355.333333333333,3.6,2.2,0.25,70.2,4.1,0,0,0,0,0,0,0,0,0,0,6.8,31,3,"James Conner","RB","2071585","CBS","James","Conner","RB",35.65,23.5333333333333,167,15.5,7.3,1.13333333333333,1.6,0,0,0,0,0,1.4,0.7,4.2,0.6,0.3,25,0,0,0,0,0,0,0,0,0,0,0,0,0,0,0,0,0,0,0,0,0,0,0,0,0,0,0,0,0,0,0,0,0,0,0,0,0,0,0,0,"ARI"
"13148",0,0,0,0,0,0,0,0,7.7,17,0,0.1,0.4,7.7,0,0,0,0,0,0,0,0,0,0,0,3.1,32,3,"Ogunbowale, Dare","RB",NA,"FantasySharks","Dare","Ogunbowale","RB",9.2,6.8,60,0,0,0,0.1,0,0,0,0,0,0.1,0,2.6,0.2,0.1,0,0,0,0,0,0,0,0,0,0,0,0,0,0,0,0,0,0,0,0,0,0,0,0,0,0,0,0,0,0,0,0,0,0,0,0,0,0,0,0,0,"LVR"
"13319",17,0,0,0,0,0,0,0,155.925,669.75,4.2,3.075,1.35,115.566666666667,6.2,0,0,0,0,0,0,0,0,0,0,11.5,32,3,"Aaron Jones","RB","2071937","CBS","Aaron","Jones","RB",55.2333333333333,37.025,265.75,17.1,7.6,1.525,2.7,0.6,0,0,0,0,8.2,1.5,9.6,0.9,0.4,0,0,0,0,0,0,0,0,0,0,0,0,0,0,0,0,0,0,0,0,0,0,0,0,0,0,0,0,0,0,0,0,0,0,0,0,0,0,0,0,0,"MIN"
"13404",17,0,0,0,0,0,0,0,48.5,210.5,4.3,1.5,0,44.7,0.8,0,0,0,0,0,0,0,0,0,0,0,31,3,"Austin Ekeler","RB","2820090","CBS","Austin","Ekeler","RB",8,11.5,97,3.6,10.2,0.5,0,0,0,0,0,0,0,0,0,0,0,0,0,0,0,0,0,0,0,0,0,0,0,0,0,0,0,0,0,0,0,0,0,0,0,0,0,0,0,0,0,0,0,0,0,0,0,0,0,0,0,0,"WAS"
"13455",0,0,0,0,0,0,0,0,0.8,3,0,0,0,0.3,0,0,0,0,0,0,0,0,0,0,0,0,32,3,"Ricard, Patrick","RB",NA,"FantasySharks","Patrick","Ricard","RB",0.8,0,0,0,0,0,0,0,0,0,0,0,0,0,0,0,0,0,0,0,0,0,0,0,0,0,0,0,0,0,0,0,0,0,0,0,0,0,0,0,0,0,0,0,0,0,0,0,0,0,0,0,0,0,0,0,0,0,"NYG"
"13604",17,0,0,0,0,0,0,0,297.825,1323.5,4.5,8.875,1,232.966666666667,11.9,0,0,0,0,0,0,0,0,0,0,29.4,29,2,"Saquon Barkley","RB","2185957","CBS","Saquon","Barkley","RB",52.5666666666667,38.425,308.25,18.4,7.8,1.8,2.7,1.8,0.8,0.4,0,2.9,12.1,8.6,5.6,1,0.5,0,0,0,0,0,0,0,0,0,0,0,0,0,0,0,0,0,0,0,0,0,0,0,0,0,0,0,0,0,0,0,0,0,0,0,0,0,0,0,0,0,"PHI"
"13610",0,0,0,0,0,0,0,0,105,439,0,2,0,71.4,0,0,0,0,0,0,0,0,0,0,0,0,31,2,"Nick Chubb","RB","16189","RTSports","Nick","Chubb","RB",0,10,55,0,0,0,0,0,0,0,0,0,0,0,0,0,0,0,0,0,0,0,0,0,0,0,0,0,0,0,0,0,0,0,0,0,0,0,0,0,0,0,0,0,0,0,0,0,0,0,0,0,0,0,0,0,0,0,"HOU"
"14071",17,0,0,0,0,0,0,0,234.375,966.75,3.9,8.175,1.35,179.666666666667,9.1,0,0,0,0,0,0,0,0,0,0,28.2,29,1,"David Montgomery","RB","2261252","CBS","David","Montgomery","RB",36.3333333333333,30.075,227.75,12.5,7.9,0.825,4.7,0.4,0.7,0.8,0,0,3.5,1.8,5,0.9,0.4,0,0,0,0,0,0,0,0,0,0,0,0,0,0,0,0,0,0,0,0,0,0,0,0,0,0,0,0,0,0,0,0,0,0,0,0,0,0,0,0,0,"HOU"
"14073",17,0,0,0,0,0,0,0,257.575,1047.5,3.8,11.825,1.5,213.266666666667,11.4,0,0,0,0,0,0,0,0,0,0,32,28,1,"Josh Jacobs","RB","2257876","CBS","Josh","Jacobs","RB",41.9,35.575,283.75,16.6,8.1,1.25,9.9,0.5,0,0.4,0.6,0,10.4,1.8,4.5,0.9,0.5,45,0,0,0,0,0,0,0,0,0,0,0,0,0,0,0,0,0,0,0,0,0,0,0,0,0,0,0,0,0,0,0,0,0,0,0,0,0,0,0,0,"GB"
"14080",0,0,0,0,0,0,0,0,77.4666666666667,284.333333333333,0,2.83333333333333,0,81.45,0,0,0,0,0,0,0,0,0,0,0,14.8,29,1,"Devin Singletary","RB","4040761","ESPN","Devin","Singletary","RB",12.1,12.4,94,0,0,0,4.3,0,0.2,0,0,0,1.4,0.7,0.9,0.6,0.3,402,0,0,0,0,0,0,0,0,0,0,0,0,0,0,0,0,0,0,0,0,0,0,0,0,0,0,0,0,0,0,0,0,0,0,0,0,0,0,0,0,"NYG"
"14085",17,0,0,0,0,0,0,0,234.35,1021.75,4.4,5.65,2.6,154.1,8.2,0,0,0,0,0,0,0,0,0,0,14.9,29,1,"Tony Pollard","RB","2184011","CBS","Tony","Pollard","RB",44.9,32.025,197.25,12.6,6.3,0,2.7,0.5,0.5,0.5,0,0.5,12.9,2.2,1.9,0.8,0.4,0,0,0,0,0,0,0,0,0,0,0,0,0,0,0,0,0,0,0,0,0,0,0,0,0,0,0,0,0,0,0,0,0,0,0,0,0,0,0,0,0,"TEN"
"14086",17,0,0,0,0,0,0,0,52.175,254.75,5.1,1.85,0,73.6666666666667,4.1,0,0,0,0,0,0,0,0,0,0,4.4,29,1,"Justice Hill","RB","2250388","CBS","Justice","Hill","RB",39.3666666666667,30.4,251.5,14.8,8.4,1.575,0.5,0.4,0,0,0,0.5,0.8,0.4,1.9,0.7,0.4,190,0,0,0,0,0,0,0,0,0,0,0,0,0,0,0,0,0,0,0,0,0,0,0,0,0,0,0,0,0,0,0,0,0,0,0,0,0,0,0,0,"BAL"
"14095",17,0,0,0,0,0,0,0,49.375,211.25,4.3,2.1,0,74.8666666666667,3.8,0,0,0,0,0,0,0,0,0,0,12.7,29,1,"Ty Johnson","RB","2179323","CBS","Ty","Johnson","RB",29.9666666666667,22.825,235.75,16.5,11.7,2,2.4,0,0,0,0,0,0.8,0.4,2.3,0.9,0.4,281,0,0,0,0,0,0,0,0,0,0,0,0,0,0,0,0,0,0,0,0,0,0,0,0,0,0,0,0,0,0,0,0,0,0,0,0,0,0,0,0,"BUF"
"14223",0,0,0,0,0,0,0,0,59.65,212,0,1,0,45.5,0,0,0,0,0,0,0,0,0,0,0,0.7,28,1,"Mattison, Alexander","RB",NA,"FantasySharks","Alexander","Mattison","RB",10.6,12.95,93,0,0,0,0,0,0,0,0,0,0.2,0.1,1.3,0.2,0.1,0,0,0,0,0,0,0,0,0,0,0,0,0,0,0,0,0,0,0,0,0,0,0,0,0,0,0,0,0,0,0,0,0,0,0,0,0,0,0,0,0,"MIA"
"14319",17,0,0,0,0,0,0,0,0.5,4,8,0,0,13.7,0.8,0,0,0,0,0,0,0,0,0,0,1.5,30,1,"Andrew Beck","FB","2131774","CBS","Andrew","Beck","RB",7.85,5.7,44.5,2.1,7,1.75,0,0,0,0,0,0,0,0,1.5,0.2,0.1,0,0,0,0,0,0,0,0,0,0,0,0,0,0,0,0,0,0,0,0,0,0,0,0,0,0,0,0,0,0,0,0,0,0,0,0,0,0,0,0,0,"NYJ"
"14331",0,0,0,0,0,0,0,0,9.1,13,0,0,0,1.3,0,0,0,0,0,0,0,0,0,0,0,1.1,30,1,"Johnson, D'Ernest","RB",NA,"FantasySharks","D'Ernest","Johnson","RB",0,0,0,0,0,0,0,0,0,0,0,0,0.1,0,0,0,0,305,0,0,0,0,0,0,0,0,0,0,0,0,0,0,0,0,0,0,0,0,0,0,0,0,0,0,0,0,0,0,0,0,0,0,0,0,0,0,0,0,"NEP"
"14420",0,0,0,0,0,0,0,0,1,5,0,0,0,1.7,0,0,0,0,0,0,0,0,0,0,0,0,30,1,"Ingold, Alec","RB",NA,"FantasySharks","Alec","Ingold","RB",3.4,2.5,12,0,0,0,0,0,0,0,0,0,0,0,0,0.1,0,0,0,0,0,0,0,0,0,0,0,0,0,0,0,0,0,0,0,0,0,0,0,0,0,0,0,0,0,0,0,0,0,0,0,0,0,0,0,0,0,0,"LAC"
"14727",0,0,0,0,0,0,0,0,1.6,2,0,0,0,0.2,0,0,0,0,0,0,0,0,0,0,0,0,30,1,"Reynolds, Craig","RB",NA,"FantasySharks","Craig","Reynolds","RB",0,0,0,0,0,0,0,0,0,0,0,0,0,0,0,0,0,62,0,0,0,0,0,0,0,0,0,0,0,0,0,0,0,0,0,0,0,0,0,0,0,0,0,0,0,0,0,0,0,0,0,0,0,0,0,0,0,0,"NEP"
"14797",17,0,0,0,0,0,0,0,219.225,997.25,4.5,7.975,0.8,183.633333333333,10.9,0,0,0,0,0,0,0,0,0,0,24.7,27,0,"D'Andre Swift","RB","2871710","CBS","D'Andre","Swift","RB",43.8333333333333,31.825,280.5,19.2,9.1,0.775,5.2,1.1,0.7,0.4,0,0.4,11.7,2,0.6,1.1,0.5,0,0,0,0,0,0,0,0,0,0,0,0,0,0,0,0,0,0,0,0,0,0,0,0,0,0,0,0,0,0,0,0,0,0,0,0,0,0,0,0,0,"CHI"
"14800",17,0,0,0,0,0,0,0,200.7,949.75,4.6,5.775,0.7,144.633333333333,8.1,0,0,0,0,0,0,0,0,0,0,14.6,28,0,"J.K. Dobbins","RB","2804420","CBS","J.K.","Dobbins","RB",27.3333333333333,23.575,122.5,4.4,3.8,0.375,3.7,1.4,0,0,0,0,10.1,1.6,3.6,0.6,0.3,0,0,0,0,0,0,0,0,0,0,0,0,0,0,0,0,0,0,0,0,0,0,0,0,0,0,0,0,0,0,0,0,0,0,0,0,0,0,0,0,0,"DEN"
"14802",17,0,0,0,0,0,0,0,330.425,1522,4.5,14.025,1.65,293.566666666667,16.1,0,0,0,0,0,0,0,0,0,0,43.4,27,0,"Jonathan Taylor","RB","2866395","CBS","Jonathan","Taylor","RB",58.5,45.725,348,20.5,7.3,1.65,10,1.2,1.5,0,0.5,1.9,14.7,10.6,4.6,1.1,0.6,5,0,0,0,0,0,0,0,0,0,0,0,0,0,0,0,0,0,0,0,0,0,0,0,0,0,0,0,0,0,0,0,0,0,0,0,0,0,0,0,0,"IND"
"14805",17,0,0,0,0,0,0,0,62.0333333333333,263,4.3,1.66666666666667,2.75,40.0666666666667,3.8,0,0,0,0,0,0,0,0,0,0,0,28,0,"AJ Dillon","RB","2867083","CBS","AJ","Dillon","RB",10.5,9.33333333333333,77.6666666666667,8.5,8.1,0.333333333333333,0,0,0,0,0,0,0.1,0.1,0,0,0,81,0,0,0,0,0,0,0,0,0,0,0,0,0,0,0,0,0,0,0,0,0,0,0,0,0,0,0,0,0,0,0,0,0,0,0,0,0,0,0,0,"CAR"
"14811",17,0,0,0,0,0,0,0,35,154,4.4,1,0,13,0.8,0,0,0,0,0,0,0,0,0,0,0,28,0,"Salvon Ahmed","RB","2815163","CBS","Salvon","Ahmed","RB",2,1,12,0.7,12,0,0,0,0,0,0,0,0,0,0,0,0,0,0,0,0,0,0,0,0,0,0,0,0,0,0,0,0,0,0,0,0,0,0,0,0,0,0,0,0,0,0,0,0,0,0,0,0,0,0,0,0,0,"CHI"
"14815",0,0,0,0,0,0,0,0,0.6,1,0,0,0,0.1,0,0,0,0,0,0,0,0,0,0,0,0,28,0,"DeeJay Dallas","RB","4240631","ESPN","DeeJay","Dallas","RB",0,0,0,0,0,0,0,0,0,0,0,0,0,0,0,0,0,181,0,0,0,0,0,0,0,0,0,0,0,0,0,0,0,0,0,0,0,0,0,0,0,0,0,0,0,0,0,0,0,0,0,0,0,0,0,0,0,0,"JAC"
"14823",17,0,0,0,0,0,0,0,202.55,887.75,4.4,5.6,1.2,158.866666666667,7.9,0,0,0,0,0,0,0,0,0,0,15.6,28,0,"Rico Dowdle","RB","2252798","CBS","Rico","Dowdle","RB",44.8666666666667,34.175,251.5,14.9,7,1.3,4.4,0,0,0,0,0,5.3,1.6,4.1,1.2,0.6,354,0,0,0,0,0,0,0,0,0,0,0,0,0,0,0,0,0,0,0,0,0,0,0,0,0,0,0,0,0,0,0,0,0,0,0,0,0,0,0,0,"PIT"
"14852",0,0,0,0,0,0,0,0,73,306,0,1,0,78.8,0,0,0,0,0,0,0,0,0,0,0,0,28,0,"Antonio Gibson","RB","17057","RTSports","Antonio","Gibson","RB",0,24,182,0,0,0,0,0,0,0,0,0,0,0,0,0,0,0,0,0,0,0,0,0,0,0,0,0,0,0,0,0,0,0,0,0,0,0,0,0,0,0,0,0,0,0,0,0,0,0,0,0,0,0,0,0,0,0,"NE"
"15103",0,0,0,0,0,0,0,0,5.4,12,0,0,0,3.2,0,0,0,0,0,0,0,0,0,0,0,2.1,29,0,"Gilliam, Reggie","RB",NA,"FantasySharks","Reggie","Gilliam","RB",1.1,1.1,20,0,0,0,0,0,0,0,0,0,0.1,0,0,0.1,0,0,0,0,0,0,0,0,0,0,0,0,0,0,0,0,0,0,0,0,0,0,0,0,0,0,0,0,0,0,0,0,0,0,0,0,0,0,0,0,0,0,"NEP"
"15253",17,0,0,0,0,0,0,0,252.475,1044.75,4,6.9,0.65,204,9.9,0,0,0,0,0,0,0,0,0,0,27.8,27,-1,"Travis Etienne","RB","2809206","CBS","Travis","Etienne","RB",59.8,43,335.5,20.6,7.6,2.9,3,1.5,0.7,0.7,0.6,0,11.4,1.9,6,1.2,0.6,0,0,0,0,0,0,0,0,0,0,0,0,0,0,0,0,0,0,0,0,0,0,0,0,0,0,0,0,0,0,0,0,0,0,0,0,0,0,0,0,0,"NO"
"15254",0,0,0,0,0,0,0,0,91,373,0,2,0,63.8,0,0,0,0,0,0,0,0,0,0,0,0,28,-1,"Najee Harris","RB","17359","RTSports","Najee","Harris","RB",0,8,65,0,0,0,0,0,0,0,0,0,0,0,0,0,0,0,0,0,0,0,0,0,0,0,0,0,0,0,0,0,0,0,0,0,0,0,0,0,0,0,0,0,0,0,0,0,0,0,0,0,0,0,0,0,0,0,"LAC"
"15255",17,0,0,0,0,0,0,0,107.975,472,4.3,3.375,0.8,117.866666666667,6.8,0,0,0,0,0,0,0,0,0,0,20.3,27,-1,"Kenneth Gainwell","RB","2968948","CBS","Kenneth","Gainwell","RB",69.0666666666667,51.975,358.75,25.8,7.3,2.05,3.5,0,0,0,0,0,2,1,13,1.5,0.8,413,0,0,0,0,0,0,0,0,0,0,0,0,0,0,0,0,0,0,0,0,0,0,0,0,0,0,0,0,0,0,0,0,0,0,0,0,0,0,0,0,"TB"
"15256",17,0,0,0,0,0,0,0,258.65,1173,4.7,10.625,1.8,209.7,9.9,0,0,0,0,0,0,0,0,0,0,29.6,26,-1,"Javonte Williams","RB","2961719","CBS","Javonte","Williams","RB",47.8666666666667,35.4,187,8.3,4.9,1.525,7.8,1.1,0,0.6,0,0,12.5,2.2,10.8,0.6,0.3,0,0,0,0,0,0,0,0,0,0,0,0,0,0,0,0,0,0,0,0,0,0,0,0,0,0,0,0,0,0,0,0,0,0,0,0,0,0,0,0,0,"DAL"
"15258",0,0,0,0,0,0,0,0,58.6,219,0,0.5,0,49.85,0,0,0,0,0,0,0,0,0,0,0,9,27,-1,"Carter, Michael","RB",NA,"FantasySharks","Michael","Carter","RB",35.2,22.35,174.5,0,0,0,0,0,0,0,0,0,1.1,0.6,5.9,1,0.5,31,0,0,0,0,0,0,0,0,0,0,0,0,0,0,0,0,0,0,0,0,0,0,0,0,0,0,0,0,0,0,0,0,0,0,0,0,0,0,0,0,"TEN"
"15259",17,0,0,0,0,0,0,0,165.85,714,4.1,5.925,2.65,152.466666666667,7.5,0,0,0,0,0,0,0,0,0,0,20.9,28,-1,"Rhamondre Stevenson","RB","3125832","CBS","Rhamondre","Stevenson","RB",43.8,35.775,313.25,19.1,9.9,2.15,3.7,0.5,0.7,0.5,0,1.2,5.9,1.5,4.7,1.4,0.7,20,0,0,0,0,0,0,0,0,0,0,0,0,0,0,0,0,0,0,0,0,0,0,0,0,0,0,0,0,0,0,0,0,0,0,0,0,0,0,0,0,"NE"
"15260",0,0,0,0,0,0,0,0,39.9,147,0,0.3,0,17.6,0,0,0,0,0,0,0,0,0,0,0,0.9,27,-1,"Patterson, Jaret","RB",NA,"FantasySharks","Jaret","Patterson","RB",5.5,4.1,11,0,0,0,0.3,0,0,0,0,0,0.6,0.3,0.1,0,0,144,0,0,0,0,0,0,0,0,0,0,0,0,0,0,0,0,0,0,0,0,0,0,0,0,0,0,0,0,0,0,0,0,0,0,0,0,0,0,0,0,"LAC"
"15261",17,0,0,0,0,0,0,0,189.175,781.75,4.2,5.4,1.75,150.833333333333,7.3,0,0,0,0,0,0,0,0,0,0,21.4,27,-1,"Chuba Hubbard","RB","2865693","CBS","Chuba","Hubbard","RB",49.8666666666667,36.2,241.75,12.9,6.3,1.75,6.5,0.5,0.5,0,0,0,5.6,1.6,7,0.9,0.5,28,0,0,0,0,0,0,0,0,0,0,0,0,0,0,0,0,0,0,0,0,0,0,0,0,0,0,0,0,0,0,0,0,0,0,0,0,0,0,0,0,"CAR"
"15263",17,0,0,0,0,0,0,0,35,159,4.5,1,0,14,0.8,0,0,0,0,0,0,0,0,0,0,0,28,-1,"Elijah Mitchell","RB","2819876","CBS","Elijah","Mitchell","RB",3,2,22,1.3,11,0,0,0,0,0,0,0,0,0,0,0,0,0,0,0,0,0,0,0,0,0,0,0,0,0,0,0,0,0,0,0,0,0,0,0,0,0,0,0,0,0,0,0,0,0,0,0,0,0,0,0,0,0,"PHI"
"15414",0,0,0,0,0,0,0,0,2.5,9,0,0,0,0.9,0,0,0,0,0,0,0,0,0,0,0,0.6,28,-1,"Kene Nwangwu","RB","4035537","ESPN","Kene","Nwangwu","RB",0.7,0,0,0,0,0,0,0,0,0,0,0,0,0,0,0,0,620,0,0,0,0,0,0,0,0,0,0,0,0,0,0,0,0,0,0,0,0,0,0,0,0,0,0,0,0,0,0,0,0,0,0,0,0,0,0,0,0,"NYJ"
"15650",0,0,0,0,0,0,0,0,8.5,22,0,0,0,6.6,0,0,0,0,0,0,0,0,0,0,0,2.2,29,-1,"Prentice, Adam","RB",NA,"FantasySharks","Adam","Prentice","RB",7.3,4.3,44,0,0,0,0,0,0,0,0,0,0.1,0,1.2,0.2,0.1,0,0,0,0,0,0,0,0,0,0,0,0,0,0,0,0,0,0,0,0,0,0,0,0,0,0,0,0,0,0,0,0,0,0,0,0,0,0,0,0,0,"DEN"
"15708",17,0,0,0,0,0,0,0,248.5,1101.25,4.5,6.9,1.7,210.133333333333,11.1,0,0,0,0,0,0,0,0,0,0,16.8,25,-2,"Breece Hall","RB","3123469","CBS","Breece","Hall","RB",60.4333333333333,47.225,418,23.3,9.2,2.225,2.3,0.8,0.6,0,0,0.9,12.3,2,11.2,1.6,0.8,0,0,0,0,0,0,0,0,0,0,0,0,0,0,0,0,0,0,0,0,0,0,0,0,0,0,0,0,0,0,0,0,0,0,0,0,0,0,0,0,0,"NYJ"
"15710",17,0,0,0,0,0,0,0,245.05,1133.25,4.7,10.35,1.95,221.033333333333,11.4,0,0,0,0,0,0,0,0,0,0,29.2,26,-2,"Kyren Williams","RB","3121836","CBS","Kyren","Williams","RB",44.8,33.35,236.25,14.7,7.4,2.45,9.4,0,0,0,0,0,12.5,2.4,9.5,0.9,0.5,0,0,0,0,0,0,0,0,0,0,0,0,0,0,0,0,0,0,0,0,0,0,0,0,0,0,0,0,0,0,0,0,0,0,0,0,0,0,0,0,0,"LAR"
"15711",17,0,0,0,0,0,0,0,260,1177.5,4.7,8.65,0.7,215.9,10.7,0,0,0,0,0,0,0,0,0,0,24.4,26,-2,"Kenneth Walker III","RB","3121372","CBS","Kenneth","Walker III","RB",55.4666666666667,44.525,341,21.2,7.7,1.4,5.6,0.8,0,0,0,0.3,11.2,2.2,7.2,1.2,0.6,67,0,0,0,0,0,0,0,0,0,0,0,0,0,0,0,0,0,0,0,0,0,0,0,0,0,0,0,0,0,0,0,0,0,0,0,0,0,0,0,0,"KC"
"15712",17,0,0,0,0,0,0,0,114.425,438.5,3.7,4.275,0.5,90.3666666666667,4.1,0,0,0,0,0,0,0,0,0,0,12.2,26,-2,"Tyler Allgeier","RB","2975590","CBS","Tyler","Allgeier","RB",24.4333333333333,19.7,136.75,5.4,5.7,0.075,2.8,0.6,0.6,0,0,0,1.7,0.9,5.2,0.7,0.4,64,0,0,0,0,0,0,0,0,0,0,0,0,0,0,0,0,0,0,0,0,0,0,0,0,0,0,0,0,0,0,0,0,0,0,0,0,0,0,0,0,"ARI"
"15713",17,0,0,0,0,0,0,0,33.3333333333333,147.666666666667,5.5,1,0,35.4333333333333,1.1,0,0,0,0,0,0,0,0,0,0,2,27,-2,"Jerome Ford","RB","2966543","CBS","Jerome","Ford","RB",12.65,16.0666666666667,89.6666666666667,2.7,5.8,0,0,0,0,0,0,0,0.1,0,3.9,0.2,0.1,166,0,0,0,0,0,0,0,0,0,0,0,0,0,0,0,0,0,0,0,0,0,0,0,0,0,0,0,0,0,0,0,0,0,0,0,0,0,0,0,0,"WAS"
"15715",17,0,0,0,0,0,0,0,289.25,1426,5,11.4,2.9,258.1,12.6,0,0,0,0,0,0,0,0,0,0,39.4,27,-2,"James Cook","RB","2975698","CBS","James","Cook","RB",43.1666666666667,35.65,300.25,16.1,8.6,1.95,8.4,0.7,0.2,0,2.8,0.6,14.2,6.6,3.1,1.1,0.6,0,0,0,0,0,0,0,0,0,0,0,0,0,0,0,0,0,0,0,0,0,0,0,0,0,0,0,0,0,0,0,0,0,0,0,0,0,0,0,0,0,"BUF"
"15716",17,0,0,0,0,0,0,0,117.9,497.25,4.5,4.125,0.8,78.9,4.6,0,0,0,0,0,0,0,0,0,0,6.6,27,-2,"Brian Robinson Jr.","RB","2741207","CBS","Brian","Robinson","RB",10.2333333333333,9.3,61.25,1.6,5.4,0,1.3,0.9,0.3,0,0,0,1.7,0.9,2.9,0.2,0.1,225,0,0,0,0,0,0,0,0,0,0,0,0,0,0,0,0,0,0,0,0,0,0,0,0,0,0,0,0,0,0,0,0,0,0,0,0,0,0,0,0,"ATL"
"15717",17,0,0,0,0,0,0,0,20.2,89,4.6,0.5,0,7.4,0.8,0,0,0,0,0,0,0,0,0,0,0,26,-2,"Dameon Pierce","RB","2964236","CBS","Dameon","Pierce","RB",0.7,0,0,0,0,0,0,0,0,0,0,0,0.1,0,0,0,0,160,0,0,0,0,0,0,0,0,0,0,0,0,0,0,0,0,0,0,0,0,0,0,0,0,0,0,0,0,0,0,0,0,0,0,0,0,0,0,0,0,"PHI"
"15718",0,0,0,0,0,0,0,0,5.05,21,0,0,0,10.6,0,0,0,0,0,0,0,0,0,0,0,1.1,26,-2,"Tyler Badie","RB","4362748","ESPN","Tyler","Badie","RB",15.35,10.15,73.5,0,0,0,0,0,0,0,0,0,0.1,0.1,3.7,0.3,0.2,415,0,0,0,0,0,0,0,0,0,0,0,0,0,0,0,0,0,0,0,0,0,0,0,0,0,0,0,0,0,0,0,0,0,0,0,0,0,0,0,0,"DEN"
"15721",17,0,0,0,0,0,0,0,135.4,594.25,4.9,4.1,0.7,116.466666666667,6.5,0,0,0,0,0,0,0,0,0,0,17.8,27,-2,"Rachaad White","RB","3169147","CBS","Rachaad","White","RB",40.2333333333333,36.1,225.25,9.8,6.7,1.25,2.4,0,0,0,0,0,2.2,1.1,8.6,0.7,0.4,7,0,0,0,0,0,0,0,0,0,0,0,0,0,0,0,0,0,0,0,0,0,0,0,0,0,0,0,0,0,0,0,0,0,0,0,0,0,0,0,0,"WAS"
"15723",17,0,0,0,0,0,0,0,36.5666666666667,121,2.7,0.666666666666667,0,23.1,0.8,0,0,0,0,0,0,0,0,0,0,0.5,28,-2,"Ty Chandler","RB","2867472","CBS","Ty","Chandler","RB",7.5,8.26666666666667,48.3333333333333,3.4,4.8,0.333333333333333,0,0,0,0,0,0,0,0,0.5,0,0,27,0,0,0,0,0,0,0,0,0,0,0,0,0,0,0,0,0,0,0,0,0,0,0,0,0,0,0,0,0,0,0,0,0,0,0,0,0,0,0,0,"NO"
"15726",0,0,0,0,0,0,0,0,14.5,70,0,0,0,8.1,0,0,0,0,0,0,0,0,0,0,0,0.3,27,-2,"Rivers, Ronnie","RB",NA,"FantasySharks","Ronnie","Rivers","RB",3.4,1.3,11,0,0,0,0,0,0,0,0,0,0.3,0.1,0,0,0,718,0,0,0,0,0,0,0,0,0,0,0,0,0,0,0,0,0,0,0,0,0,0,0,0,0,0,0,0,0,0,0,0,0,0,0,0,0,0,0,0,"LAR"
"15727",0,0,0,0,0,0,0,0,62,219,0,1,0,50.5,0,0,0,0,0,0,0,0,0,0,0,0,25,-2,"Bam Knight","RB","4427728","ESPN","Bam","Knight","RB",0,13,96,0,0,0,0,0,0,0,0,0,0,0,0,0,0,0,0,0,0,0,0,0,0,0,0,0,0,0,0,0,0,0,0,0,0,0,0,0,0,0,0,0,0,0,0,0,0,0,0,0,0,0,0,0,0,0,"ARI"
"15730",0,0,0,0,0,0,0,0,5.9,25,0,0,0,2.5,0,0,0,0,0,0,0,0,0,0,0,0,26,-2,"Goodson, Tyler","RB",NA,"FantasySharks","Tyler","Goodson","RB",1.5,0,0,0,0,0,0,0,0,0,0,0,0.1,0.1,0,0,0,60,0,0,0,0,0,0,0,0,0,0,0,0,0,0,0,0,0,0,0,0,0,0,0,0,0,0,0,0,0,0,0,0,0,0,0,0,0,0,0,0,"ATL"
"15733",0,0,0,0,0,0,0,0,1.6,5,0,0,0,1.5,0,0,0,0,0,0,0,0,0,0,0,0,28,-2,"Strong Jr., Pierre","RB",NA,"FantasySharks","Pierre","Strong Jr.","RB",3.1,3.1,9,0,0,0,0,0,0,0,0,0,0,0,0,0,0,0,0,0,0,0,0,0,0,0,0,0,0,0,0,0,0,0,0,0,0,0,0,0,0,0,0,0,0,0,0,0,0,0,0,0,0,0,0,0,0,0,"GBP"
"15738",17,0,0,0,0,0,0,0,80.6,374.333333333333,4.8,2.73333333333333,0.8,66.85,4.2,0,0,0,0,0,0,0,0,0,0,7,28,-2,"Malik Davis","RB","2773009","CBS","Malik","Davis","RB",13.0333333333333,7.8,54.3333333333333,4.4,8.3,0,2.1,0,0,0,1.1,0,1.5,0.8,1.2,0.2,0.1,16,0,0,0,0,0,0,0,0,0,0,0,0,0,0,0,0,0,0,0,0,0,0,0,0,0,0,0,0,0,0,0,0,0,0,0,0,0,0,0,0,"DAL"
"15742",17,0,0,0,0,0,0,0,176.05,779.5,4.3,4.65,0.5,161.666666666667,8.1,0,0,0,0,0,0,0,0,0,0,22.2,28,-2,"Jaylen Warren","RB","3126535","CBS","Jaylen","Warren","RB",50.6,44.45,334.75,18.6,7.9,1.575,3.6,0.2,0,0,1.8,0,10.9,1.8,5.8,1.3,0.6,219,0,0,0,0,0,0,0,0,0,0,0,0,0,0,0,0,0,0,0,0,0,0,0,0,0,0,0,0,0,0,0,0,0,0,0,0,0,0,0,0,"PIT"
"15749",17,0,0,0,0,0,0,0,134.8,564.5,4.2,3.025,0.5,89.9,4.8,0,0,0,0,0,0,0,0,0,0,11.4,27,-2,"Isiah Pacheco","RB","2966551","CBS","Isiah","Pacheco","RB",26.5666666666667,21.725,136.5,9.1,6,0.875,1.6,0,0,0.5,0,0,1.9,0.9,2.6,0.5,0.2,0,0,0,0,0,0,0,0,0,0,0,0,0,0,0,0,0,0,0,0,0,0,0,0,0,0,0,0,0,0,0,0,0,0,0,0,0,0,0,0,0,"DET"
"15965",0,0,0,0,0,0,0,0,14.7,50,0,0,0,5,0,0,0,0,0,0,0,0,0,0,0,1.8,26,-2,"Chestnut, Julius","RB",NA,"FantasySharks","Julius","Chestnut","RB",3.7,0,0,0,0,0,0,0,0,0,0,0,0.2,0.1,0,0,0,181,0,0,0,0,0,0,0,0,0,0,0,0,0,0,0,0,0,0,0,0,0,0,0,0,0,0,0,0,0,0,0,0,0,0,0,0,0,0,0,0,"TEN"
"15972",17,0,0,0,0,0,0,0,168,805,4.7,6.075,0.75,131.833333333333,7.4,0,0,0,0,0,0,0,0,0,0,9.8,27,-2,"Jordan Mason","RB","2967536","CBS","Jordan","Mason","RB",18.8666666666667,16.4,87.75,4.8,4.6,0.075,3.3,1,0,0,0,0,2.8,1.4,1.9,0.2,0.1,0,0,0,0,0,0,0,0,0,0,0,0,0,0,0,0,0,0,0,0,0,0,0,0,0,0,0,0,0,0,0,0,0,0,0,0,0,0,0,0,0,"MIN"
"16161",17,0,0,0,0,0,0,0,298.725,1466,5,10.9,1.9,326.4,17.8,0,0,0,0,0,0,0,0,0,0,32.9,24,-3,"Bijan Robinson","RB","3168163","CBS","Bijan","Robinson","RB",97.4333333333333,73.925,690.25,46.8,10.1,3.45,8.2,0.9,0,0.5,0,1,14.6,6.8,11.5,2.5,1.3,0,0,0,0,0,0,0,0,0,0,0,0,0,0,0,0,0,0,0,0,0,0,0,0,0,0,0,0,0,0,0,0,0,0,0,0,0,0,0,0,0,"ATL"
"16162",17,0,0,0,0,0,0,0,260.15,1326,5.2,14.15,1,318.333333333333,17.5,0,0,0,0,0,0,0,0,0,0,32,24,-3,"Jahmyr Gibbs","RB","3162723","CBS","Jahmyr","Gibbs","RB",85.3666666666667,68.85,579,36.7,8.6,4.05,7.4,2.8,0.4,0.4,1.3,1.3,13.1,2.3,13,2.2,1.1,0,0,0,0,0,0,0,0,0,0,0,0,0,0,0,0,0,0,0,0,0,0,0,0,0,0,0,0,0,0,0,0,0,0,0,0,0,0,0,0,0,"DET"
"16164",17,0,0,0,0,0,0,0,102.7,488.75,5.2,3.55,0.8,80.4333333333333,5,0,0,0,0,0,0,0,0,0,0,13.1,25,-3,"Tank Bigsby","RB","3162021","CBS","Tank","Bigsby","RB",7.33333333333333,6.75,55.25,2.1,8.8,0,2,0,1.3,0,0,0,1.9,1,2,0.3,0.1,158,0,0,0,0,0,0,0,0,0,0,0,0,0,0,0,0,0,0,0,0,0,0,0,0,0,0,0,0,0,0,0,0,0,0,0,0,0,0,0,0,"PHI"
"16165",17,0,0,0,0,0,0,0,89.5,364.75,3.7,2.925,0.5,96,4.6,0,0,0,0,0,0,0,0,0,0,9.4,25,-3,"Tyjae Spears","RB","3122588","CBS","Tyjae","Spears","RB",56,47.4,307,19.2,6.5,1.05,2.1,0.5,0,0,0,0,1.3,0.6,6.6,1,0.5,105,0,0,0,0,0,0,0,0,0,0,0,0,0,0,0,0,0,0,0,0,0,0,0,0,0,0,0,0,0,0,0,0,0,0,0,0,0,0,0,0,"TEN"
"16166",17,0,0,0,0,0,0,0,56.975,239.25,4.3,3.05,0,54.6333333333333,1.4,0,0,0,0,0,0,0,0,0,0,13.6,25,-3,"Sean Tucker","RB","3168416","CBS","Sean","Tucker","RB",4.3,5.65,45.25,0.4,6,0.175,3.9,0,0,0,0.3,0,0.9,0.5,1.5,0.2,0.1,399,0,0,0,0,0,0,0,0,0,0,0,0,0,0,0,0,0,0,0,0,0,0,0,0,0,0,0,0,0,0,0,0,0,0,0,0,0,0,0,0,"TB"
"16167",17,0,0,0,0,0,0,0,230.8,1190.25,4.9,7.125,0.6,258.966666666667,13.4,0,0,0,0,0,0,0,0,0,0,26.4,25,-3,"De'Von Achane","RB","3171161","CBS","De'Von","Achane","RB",84.4,68.525,513.5,32.4,7.4,4.275,2.3,1.2,0.7,0.3,1.3,0.8,12.9,2.2,11.2,1.8,0.9,0,0,0,0,0,0,0,0,0,0,0,0,0,0,0,0,0,0,0,0,0,0,0,0,0,0,0,0,0,0,0,0,0,0,0,0,0,0,0,0,0,"MIA"
"16168",17,0,0,0,0,0,0,0,32,147,4.6,1,0,12,0.7,0,0,0,0,0,0,0,0,0,0,0,24,-3,"Israel Abanikanda","RB","3163291","CBS","Israel","Abanikanda","RB",2,1,14,0.8,14,0,0,0,0,0,0,0,0,0,0,0,0,0,0,0,0,0,0,0,0,0,0,0,0,0,0,0,0,0,0,0,0,0,0,0,0,0,0,0,0,0,0,0,0,0,0,0,0,0,0,0,0,0,"DAL"
"16169",17,0,0,0,0,0,0,0,130.175,546.75,4,7.175,0.5,110.933333333333,5.2,0,0,0,0,0,0,0,0,0,0,23.6,25,-3,"Zach Charbonnet","RB","3123810","CBS","Zach","Charbonnet","RB",24.5333333333333,18.45,145.5,9.5,8.1,0,7.6,1.1,0.9,0,0,0,3.3,1.3,2.9,0.7,0.3,0,0,0,0,0,0,0,0,0,0,0,0,0,0,0,0,0,0,0,0,0,0,0,0,0,0,0,0,0,0,0,0,0,0,0,0,0,0,0,0,0,"SEA"
"16171",0,0,0,0,0,0,0,0,32.85,121,0,0.1,0,25.8,0,0,0,0,0,0,0,0,0,0,0,0.5,24,-3,"Kendre Miller","RB","4599739","ESPN","Kendre","Miller","RB",8.5,7.3,56,0,0,0,0,0.2,0,0,0,0,0.7,0.4,0,0.2,0.1,501,0,0,0,0,0,0,0,0,0,0,0,0,0,0,0,0,0,0,0,0,0,0,0,0,0,0,0,0,0,0,0,0,0,0,0,0,0,0,0,0,"NO"
"16173",0,0,0,0,0,0,0,0,1.9,9,0,0,0,1.7,0,0,0,0,0,0,0,0,0,0,0,0,27,-3,"Gray, Eric","RB",NA,"FantasySharks","Eric","Gray","RB",2.2,2.2,8,0,0,0,0,0,0,0,0,0,0,0,0,0,0,399,0,0,0,0,0,0,0,0,0,0,0,0,0,0,0,0,0,0,0,0,0,0,0,0,0,0,0,0,0,0,0,0,0,0,0,0,0,0,0,0,"NYG"
"16174",17,0,0,0,0,0,0,0,129.15,545.25,3.9,5.225,0.5,101.7,6.4,0,0,0,0,0,0,0,0,0,0,17.9,26,-3,"Chris Rodriguez Jr.","RB","2964667","CBS","Chris","Rodriguez","RB",7.03333333333333,6.5,49.5,1.4,11.5,0.25,4.9,0,0,0,0,0,1.9,0.9,1.7,0.3,0.1,276,0,0,0,0,0,0,0,0,0,0,0,0,0,0,0,0,0,0,0,0,0,0,0,0,0,0,0,0,0,0,0,0,0,0,0,0,0,0,0,0,"JAC"
"16175",17,0,0,0,0,0,0,0,24.95,82,3.4,2.15,0,19.05,1.4,0,0,0,0,0,0,0,0,0,0,3.5,25,-3,"Roschon Johnson","RB","3121395","CBS","Roschon","Johnson","RB",4.7,4.7,23,1.1,6,0,1.3,0,0,0,0,0,0.2,0.1,1,0.1,0.1,53,0,0,0,0,0,0,0,0,0,0,0,0,0,0,0,0,0,0,0,0,0,0,0,0,0,0,0,0,0,0,0,0,0,0,0,0,0,0,0,0,"CHI"
"16178",17,0,0,0,0,0,0,0,87.05,410,4.4,1.95,0.5,61.6333333333333,3,0,0,0,0,0,0,0,0,0,0,4.7,24,-3,"Keaton Mitchell","RB","3164710","CBS","Keaton","Mitchell","RB",18.0666666666667,14.275,100.5,4.2,6.6,0.25,0.3,0.5,0,0,0,0,1.3,0.6,0,0.2,0.1,411,0,0,0,0,0,0,0,0,0,0,0,0,0,0,0,0,0,0,0,0,0,0,0,0,0,0,0,0,0,0,0,0,0,0,0,0,0,0,0,0,"LAC"
"16181",17,0,0,0,0,0,0,0,243,1047.25,4.3,7.8,0.75,242.566666666667,12.5,0,0,0,0,0,0,0,0,0,0,29.9,26,-3,"Chase Brown","RB","2965160","CBS","Chase","Brown","RB",85.1,67.925,448.75,27.7,6.5,4.15,5.3,0.5,0,0.4,0,0,12,2,12.6,1.7,0.9,0,0,0,0,0,0,0,0,0,0,0,0,0,0,0,0,0,0,0,0,0,0,0,0,0,0,0,0,0,0,0,0,0,0,0,0,0,0,0,0,0,"CIN"
"16385",17,0,0,0,0,0,0,0,60.2,317.5,6,1,1.75,50.1333333333333,4.1,0,0,0,0,0,0,0,0,0,0,3.8,27,-3,"Emari Demercado","RB","2964372","CBS","Emari","Demercado","RB",20.8333333333333,14.125,100.75,7.6,7.7,0.675,0,0,0,0,0,0,0.8,0.4,2.1,0.3,0.1,185,0,0,0,0,0,0,0,0,0,0,0,0,0,0,0,0,0,0,0,0,0,0,0,0,0,0,0,0,0,0,0,0,0,0,0,0,0,0,0,0,"KC"
"16387",17,0,0,0,0,0,0,0,57.675,256.75,4.5,1,0.9,46.0333333333333,3.6,0,0,0,0,0,0,0,0,0,0,3.3,26,-3,"Christopher Brooks","RB","2962350","CBS","Chris","Brooks","RB",19.2333333333333,14.825,103,6.1,6.9,0.25,0,0,0,0,0,0,0.7,0.3,2.4,0.4,0.2,30,0,0,0,0,0,0,0,0,0,0,0,0,0,0,0,0,0,0,0,0,0,0,0,0,0,0,0,0,0,0,0,0,0,0,0,0,0,0,0,0,"GB"
"16390",0,0,0,0,0,0,0,0,52.8,233,0,1.35,0,43.05,0,0,0,0,0,0,0,0,0,0,0,5.3,26,-3,"McLaughlin, Jaleel","RB",NA,"FantasySharks","Jaleel","McLaughlin","RB",12.2,10.3,51.5,0,0,0,1.7,0,0,0,0,0,0.9,0.5,1,0.1,0.1,61,0,0,0,0,0,0,0,0,0,0,0,0,0,0,0,0,0,0,0,0,0,0,0,0,0,0,0,0,0,0,0,0,0,0,0,0,0,0,0,0,"DEN"
"16391",0,0,0,0,0,0,0,0,20.4,92,0,0,0,21.3,0,0,0,0,0,0,0,0,0,0,0,3.5,26,-3,"Luepke, Hunter","RB",NA,"FantasySharks","Hunter","Luepke","RB",14.2,12.3,108,0,0,0.2,0,0,0,0,0,0,0.4,0.2,2.4,0.4,0.2,0,0,0,0,0,0,0,0,0,0,0,0,0,0,0,0,0,0,0,0,0,0,0,0,0,0,0,0,0,0,0,0,0,0,0,0,0,0,0,0,0,"DAL"
"16432",17,0,0,0,0,0,0,0,86.35,354.25,4.1,1.575,0.5,65.9333333333333,3.9,0,0,0,0,0,0,0,0,0,0,6.4,27,-3,"Emanuel Wilson","RB","29104952","CBS","Emanuel","Wilson","RB",11.8666666666667,10,65,5.5,6.7,0,0.2,1,0,0,0,0,1.6,0.8,1.5,0.3,0.1,241,0,0,0,0,0,0,0,0,0,0,0,0,0,0,0,0,0,0,0,0,0,0,0,0,0,0,0,0,0,0,0,0,0,0,0,0,0,0,0,0,"SEA"
"16593",17,0,0,0,0,0,0,0,164.575,782,5.1,6.05,0.5,117.8,6.4,0,0,0,0,0,0,0,0,0,0,17.7,26,-4,"Blake Corum","RB","3169252","CBS","Blake","Corum","RB",16.0666666666667,12.675,83.5,2.1,5.8,0.25,2.9,0.9,0,0,0.5,0,3,1.5,0,0.4,0.2,258,0,0,0,0,0,0,0,0,0,0,0,0,0,0,0,0,0,0,0,0,0,0,0,0,0,0,0,0,0,0,0,0,0,0,0,0,0,0,0,0,"LAR"
"16594",0,0,0,0,0,0,0,0,53.5,258,0,0.5,0,42.85,0,0,0,0,0,0,0,0,0,0,0,1.3,24,-4,"Benson, Trey","RB",NA,"FantasySharks","Trey","Benson","RB",16.3,12.8,75.5,0,0,0,0,0,0,0,0,0,0.9,0.5,2.4,0.3,0.1,32,0,0,0,0,0,0,0,0,0,0,0,0,0,0,0,0,0,0,0,0,0,0,0,0,0,0,0,0,0,0,0,0,0,0,0,0,0,0,0,0,"ARI"
"16596",17,0,0,0,0,0,0,0,90.85,358.75,3.9,2.75,1.65,63.1666666666667,4.1,0,0,0,0,0,0,0,0,0,0,6.9,22,-4,"Braelon Allen","RB","26726580","CBS","Braelon","Allen","RB",18.0666666666667,13.6,101.25,5.8,7.5,0.3,1,0,0,0,0,0,1,0.5,1.6,0.4,0.2,93,0,0,0,0,0,0,0,0,0,0,0,0,0,0,0,0,0,0,0,0,0,0,0,0,0,0,0,0,0,0,0,0,0,0,0,0,0,0,0,0,"NYJ"
"16597",17,0,0,0,0,0,0,0,170.55,779.25,4,3.5,1.9,118.033333333333,7.4,0,0,0,0,0,0,0,0,0,0,10.5,23,-4,"Jonathon Brooks","RB","26730706","CBS","Jonathon","Brooks","RB",38.0666666666667,27.725,198.5,11.6,8.6,0.5,0,0,0,0,0,0,2,1,11.7,0.8,0.4,348,0,0,0,0,0,0,0,0,0,0,0,0,0,0,0,0,0,0,0,0,0,0,0,0,0,0,0,0,0,0,0,0,0,0,0,0,0,0,0,0,"CAR"
"16598",17,0,0,0,0,0,0,0,247.525,1029.25,3.9,6.225,1,207.066666666667,10.5,0,0,0,0,0,0,0,0,0,0,22.5,24,-4,"Bucky Irving","RB","26693770","CBS","Bucky","Irving","RB",49.6666666666667,43.025,365.75,23.5,9.1,2.325,3.2,1.7,0,0,0,0,12,1.9,8,1.4,0.7,80,0,0,0,0,0,0,0,0,0,0,0,0,0,0,0,0,0,0,0,0,0,0,0,0,0,0,0,0,0,0,0,0,0,0,0,0,0,0,0,0,"TB"
"16599",17,0,0,0,0,0,0,0,20.1,91,4.7,1,0,11.9,1.4,0,0,0,0,0,0,0,0,0,0,1,24,-4,"Frank Gore Jr.","RB","3172189","CBS","Frank","Gore Jr.","RB",2,1.5,13,1.5,8.7,0,0,0,0,0,0,0,0,0,0,0,0,251,0,0,0,0,0,0,0,0,0,0,0,0,0,0,0,0,0,0,0,0,0,0,0,0,0,0,0,0,0,0,0,0,0,0,0,0,0,0,0,0,"BUF"
"16601",0,0,0,0,0,0,0,0,13.25,55.5,0,0.1,0,12.3,0,0,0,0,0,0,0,0,0,0,0,1,24,-4,"Will Shipley","RB","4431545","ESPN","Will","Shipley","RB",11.85,9.1,62,0,0,0,0.2,0,0,0,0,0,0.3,0.1,1,0.2,0.1,578,0,0,0,0,0,0,0,0,0,0,0,0,0,0,0,0,0,0,0,0,0,0,0,0,0,0,0,0,0,0,0,0,0,0,0,0,0,0,0,0,"PHI"
"16603",0,0,0,0,0,0,0,0,53.1333333333333,236.666666666667,0,1.36666666666667,0,65.45,0,0,0,0,0,0,0,0,0,0,0,8.9,27,-4,"Ray Davis","RB","4429501","ESPN","Ray","Davis","RB",16,13.7333333333333,122,0,0,0.466666666666667,1.1,0,0,0,0,0,1,0.5,3.6,0.7,0.3,1769,0,0,0,0,0,0,0,0,0,0,0,0,0,0,0,0,0,0,0,0,0,0,0,0,0,0,0,0,0,0,0,0,0,0,0,0,0,0,0,0,"BUF"
"16604",17,0,0,0,0,0,0,0,65.475,288.25,3.9,2,0,42.0333333333333,0.7,0,0,0,0,0,0,0,0,0,0,2.1,25,-4,"MarShawn Lloyd","RB","3162514","CBS","MarShawn","Lloyd","RB",8.43333333333333,8.1,53.25,0.7,12,0.25,0,0,0,0,0,0,0.5,0.2,1.6,0.1,0,173,0,0,0,0,0,0,0,0,0,0,0,0,0,0,0,0,0,0,0,0,0,0,0,0,0,0,0,0,0,0,0,0,0,0,0,0,0,0,0,0,"GB"
"16608",17,0,0,0,0,0,0,0,49.95,201.5,3.4,1.675,0.3,35,0.7,0,0,0,0,0,0,0,0,0,0,0.9,27,-4,"George Holani","RB","3131661","CBS","George","Holani","RB",6.66666666666667,6.55,45.5,1.8,7.5,0,0.7,0,0,0,0,0,0.3,0.2,0,0.1,0,388,0,0,0,0,0,0,0,0,0,0,0,0,0,0,0,0,0,0,0,0,0,0,0,0,0,0,0,0,0,0,0,0,0,0,0,0,0,0,0,0,"SEA"
"16610",17,0,0,0,0,0,0,0,84.1,341,3.7,2.05,1.6,60.2666666666667,2.3,0,0,0,0,0,0,0,0,0,0,11.3,23,-4,"Jaylen Wright","RB","26698774","CBS","Jaylen","Wright","RB",12.7,10.025,75.25,2.9,7,0.125,3.2,0,0,0,0,0,1.4,0.7,2.1,0.4,0.2,11,0,0,0,0,0,0,0,0,0,0,0,0,0,0,0,0,0,0,0,0,0,0,0,0,0,0,0,0,0,0,0,0,0,0,0,0,0,0,0,0,"MIA"
"16613",0,0,0,0,0,0,0,0,8.5,20,0,0,0.2,3.2,0,0,0,0,0,0,0,0,0,0,0,0.2,27,-4,"Dylan Laube","RB","4366963","ESPN","Dylan","Laube","RB",3.3,2.2,14,0,0,0,0,0,0,0,0,0,0.1,0,0,0.1,0,662,0,0,0,0,0,0,0,0,0,0,0,0,0,0,0,0,0,0,0,0,0,0,0,0,0,0,0,0,0,0,0,0,0,0,0,0,0,0,0,0,"LV"
"16678",0,0,0,0,0,0,0,0,6,22,0,0,0,2.7,0,0,0,0,0,0,0,0,0,0,0,0,25,-4,"Vaki, Sione","RB",NA,"FantasySharks","Sione","Vaki","RB",0.7,0.7,5,0,0,0,0,0,0,0,0,0,0.1,0,0,0,0,890,0,0,0,0,0,0,0,0,0,0,0,0,0,0,0,0,0,0,0,0,0,0,0,0,0,0,0,0,0,0,0,0,0,0,0,0,0,0,0,0,"DET"
"16688",17,0,0,0,0,0,0,0,34.4,153.5,4.9,0.7,0,20.15,0.8,0,0,0,0,0,0,0,0,0,0,1.9,26,-4,"Isaac Guerendo","RB","2964154","CBS","Isaac","Guerendo","RB",7.35,6.65,65.5,2.2,9.3,0,0.4,0,0,0,0,0,0.6,0.3,0,0.4,0.2,208,0,0,0,0,0,0,0,0,0,0,0,0,0,0,0,0,0,0,0,0,0,0,0,0,0,0,0,0,0,0,0,0,0,0,0,0,0,0,0,0,"SF"
"16746",0,0,0,0,0,0,0,0,14.7,54,0,0,0,10.7,0,0,0,0,0,0,0,0,0,0,0,0.1,25,-4,"Rasheen Ali","RB","4690013","ESPN","Rasheen","Ali","RB",13.1,7.3,45,0,0,0.1,0,0,0,0,0,0,0.2,0.1,1.2,0.2,0.1,500,0,0,0,0,0,0,0,0,0,0,0,0,0,0,0,0,0,0,0,0,0,0,0,0,0,0,0,0,0,0,0,0,0,0,0,0,0,0,0,0,"BAL"
"16747",17,0,0,0,0,0,0,0,127,533.5,4.3,2.325,0.55,105.733333333333,5.7,0,0,0,0,0,0,0,0,0,0,10.4,27,-4,"Tyrone Tracy Jr.","RB","2963637","CBS","Tyrone","Tracy","RB",32.4333333333333,25.175,198,14.6,8,1.55,0.8,0.9,0,0.5,0,0,5.8,1.1,3.1,0.8,0.4,65,0,0,0,0,0,0,0,0,0,0,0,0,0,0,0,0,0,0,0,0,0,0,0,0,0,0,0,0,0,0,0,0,0,0,0,0,0,0,0,0,"NYG"
"16752",17,0,0,0,0,0,0,0,38.65,199.5,5.5,0.85,0,39.2666666666667,1.1,0,0,0,0,0,0,0,0,0,0,1.4,24,-4,"Isaiah Davis","RB","26718641","CBS","Isaiah","Davis","RB",14.8333333333333,12.725,105.75,3.6,8.7,0.125,0,0,0.4,0,0,0,0.8,0.4,1,0.5,0.2,205,0,0,0,0,0,0,0,0,0,0,0,0,0,0,0,0,0,0,0,0,0,0,0,0,0,0,0,0,0,0,0,0,0,0,0,0,0,0,0,0,"NYJ"
"16757",17,0,0,0,0,0,0,0,83.125,320.25,3.8,1.875,0,65.1,2.8,0,0,0,0,0,0,0,0,0,0,13.3,25,-4,"Kimani Vidal","RB","3163421","CBS","Kimani","Vidal","RB",17.8,12.925,112,8.6,9.1,0.3,1.6,0,0,0,0,0.9,2.1,1.1,5.1,0.5,0.2,225,0,0,0,0,0,0,0,0,0,0,0,0,0,0,0,0,0,0,0,0,0,0,0,0,0,0,0,0,0,0,0,0,0,0,0,0,0,0,0,0,"LAC"
"16773",17,0,0,0,0,0,0,0,50.6,199.333333333333,4.3,0.666666666666667,0.5,37.5,3.3,0,0,0,0,0,0,0,0,0,0,2.7,27,-4,"Jawhar Jordan","RB","3121704","CBS","Jawhar","Jordan","RB",18.25,13.75,100.5,10.1,7.8,0.5,0,0,0,0,0,0,0.6,0.3,1.5,0.1,0.1,117,0,0,0,0,0,0,0,0,0,0,0,0,0,0,0,0,0,0,0,0,0,0,0,0,0,0,0,0,0,0,0,0,0,0,0,0,0,0,0,0,"HOU"
"16816",0,0,0,0,0,0,0,0,17.4,58,0,0,0,5.8,0,0,0,0,0,0,0,0,0,0,0,4.5,27,-4,"Brooks, British","RB",NA,"FantasySharks","British","Brooks","RB",0.6,0,0,0,0,0,0,0,0,0,0,0,0.2,0.1,0,0,0,79,0,0,0,0,0,0,0,0,0,0,0,0,0,0,0,0,0,0,0,0,0,0,0,0,0,0,0,0,0,0,0,0,0,0,0,0,0,0,0,0,"HOU"
"16850",0,0,0,0,0,0,0,0,1.4,3,0,0,0,0.3,0,0,0,0,0,0,0,0,0,0,0,0,25,-3,"Jacob Saylors","RB","4383429","ESPN","Jacob","Saylors","RB",0,0,0,0,0,0,0,0,0,0,0,0,0,0,0,0,0,815,0,0,0,0,0,0,0,0,0,0,0,0,0,0,0,0,0,0,0,0,0,0,0,0,0,0,0,0,0,0,0,0,0,0,0,0,0,0,0,0,"DET"
"16864",17,0,0,0,0,0,0,0,31,130,4.2,1,0,12,0.7,0,0,0,0,0,0,0,0,0,0,0,28,-3,"Carlos Washington Jr.","RB","2867377","CBS","Carlos","Washington","RB",3,2,19,1.1,9.5,0,0,0,0,0,0,0,0,0,0,0,0,0,0,0,0,0,0,0,0,0,0,0,0,0,0,0,0,0,0,0,0,0,0,0,0,0,0,0,0,0,0,0,0,0,0,0,0,0,0,0,0,0,"MIA"
"17042",17,0,0,0,0,0,0,0,292.1,1136,3.6,8.3,0.6,250.866666666667,12.8,0,0,0,0,0,0,0,0,0,0,23.5,23,-5,"Ashton Jeanty","RB","28874008","CBS","Ashton","Jeanty","RB",82.7333333333333,63.85,429,20.1,6.2,3.875,3.7,0,0,0,0,1.5,10,2.1,9.8,1.7,0.8,6,0,0,0,0,0,0,0,0,0,0,0,0,0,0,0,0,0,0,0,0,0,0,0,0,0,0,0,0,0,0,0,0,0,0,0,0,0,0,0,0,"LV"
"17043",17,0,0,0,0,0,0,0,198.375,919.5,4.7,7.625,0.75,184.6,8.2,0,0,0,0,0,0,0,0,0,0,20.2,24,-5,"TreVeyon Henderson","RB","26699547","CBS","TreVeyon","Henderson","RB",45.3333333333333,40,267.75,11.9,6.1,1.525,4.7,0,0.2,0,0,2.6,6.2,1.7,3.7,1,0.5,205,0,0,0,0,0,0,0,0,0,0,0,0,0,0,0,0,0,0,0,0,0,0,0,0,0,0,0,0,0,0,0,0,0,0,0,0,0,0,0,0,"NE"
"17044",17,0,0,0,0,0,0,0,248.975,1056,4.1,9.475,0.5,220.1,10.1,0,0,0,0,0,0,0,0,0,0,27.1,23,-5,"Omarion Hampton","RB","28908905","CBS","Omarion","Hampton","RB",58.2,52.025,326,17.6,6.4,2.025,7.3,0.3,0.3,0,0,1,8.1,2,6.2,1,0.5,49,0,0,0,0,0,0,0,0,0,0,0,0,0,0,0,0,0,0,0,0,0,0,0,0,0,0,0,0,0,0,0,0,0,0,0,0,0,0,0,0,"LAC"
"17045",17,0,0,0,0,0,0,0,227.65,972.75,4.4,7.525,1.85,205.733333333333,11.2,0,0,0,0,0,0,0,0,0,0,22.9,24,-5,"Cam Skattebo","RB","26697012","CBS","Cam","Skattebo","RB",58.9666666666667,45.9,372,21.2,8.6,2.875,3.7,1.4,0.5,0.3,0.3,0,9,1.6,7.3,1.6,0.8,68,0,0,0,0,0,0,0,0,0,0,0,0,0,0,0,0,0,0,0,0,0,0,0,0,0,0,0,0,0,0,0,0,0,0,0,0,0,0,0,0,"NYG"
"17046",17,0,0,0,0,0,0,0,49.5333333333333,185.333333333333,4,1.3,0,35.6333333333333,1.4,0,0,0,0,0,0,0,0,0,0,2.1,23,-5,"Devin Neal","RB","26703005","CBS","Devin","Neal","RB",10.9,10.9,73.6666666666667,2.1,7,0,0.9,0,0,0,0,0,0.5,0.3,0.4,0.3,0.2,132,0,0,0,0,0,0,0,0,0,0,0,0,0,0,0,0,0,0,0,0,0,0,0,0,0,0,0,0,0,0,0,0,0,0,0,0,0,0,0,0,"NO"
"17047",17,0,0,0,0,0,0,0,68.875,232.25,2.8,0.75,1.6,69.0666666666667,4.2,0,0,0,0,0,0,0,0,0,0,3.5,22,-5,"Dylan Sampson","RB","28912068","CBS","Dylan","Sampson","RB",39.2666666666667,31.9,249.5,19.5,8.7,1.85,0,0,0,0,0,0,1,0.5,4.9,0.9,0.4,254,0,0,0,0,0,0,0,0,0,0,0,0,0,0,0,0,0,0,0,0,0,0,0,0,0,0,0,0,0,0,0,0,0,0,0,0,0,0,0,0,"CLE"
"17048",0,0,0,0,0,0,0,0,47.8333333333333,181.333333333333,0,0.666666666666667,0,42.35,0,0,0,0,0,0,0,0,0,0,0,0.5,23,-5,"Kaleb Johnson","RB","4819231","ESPN","Kaleb","Johnson","RB",4.6,7.65,49.5,0,0,0,0,0,0,0,0,0,0.3,0.2,0,0.1,0,225,0,0,0,0,0,0,0,0,0,0,0,0,0,0,0,0,0,0,0,0,0,0,0,0,0,0,0,0,0,0,0,0,0,0,0,0,0,0,0,0,"PIT"
"17049",17,0,0,0,0,0,0,0,37.4666666666667,139.666666666667,3.6,0.333333333333333,0,36.1666666666667,1.6,0,0,0,0,0,0,0,0,0,0,5.7,23,-5,"Brashard Smith","RB","26694196","CBS","Brashard","Smith","RB",27.15,19.4333333333333,129,8.4,6.8,1,0,0,0,0,0,0,0.4,0.2,4.3,0.4,0.2,286,0,0,0,0,0,0,0,0,0,0,0,0,0,0,0,0,0,0,0,0,0,0,0,0,0,0,0,0,0,0,0,0,0,0,0,0,0,0,0,0,"KC"
"17050",0,0,0,0,0,0,0,0,4.4,10,0,0,0,1,0,0,0,0,0,0,0,0,0,0,0,0,24,-5,"Mullings, Kalel","RB",NA,"FantasySharks","Kalel","Mullings","RB",0,0,0,0,0,0,0,0,0,0,0,0,0,0,0,0,0,0,0,0,0,0,0,0,0,0,0,0,0,0,0,0,0,0,0,0,0,0,0,0,0,0,0,0,0,0,0,0,0,0,0,0,0,0,0,0,0,0,"TEN"
"17051",17,0,0,0,0,0,0,0,284.125,1087.25,3.5,8.275,0.5,198.666666666667,9.5,0,0,0,0,0,0,0,0,0,0,23.1,23,-5,"Quinshon Judkins","RB","28878286","CBS","Quinshon","Judkins","RB",48.1333333333333,38.325,262.75,13.5,7.2,0.8,5.5,0,0,0,0.4,0.2,4.2,1.8,3.6,1.1,0.5,92,0,0,0,0,0,0,0,0,0,0,0,0,0,0,0,0,0,0,0,0,0,0,0,0,0,0,0,0,0,0,0,0,0,0,0,0,0,0,0,0,"CLE"
"17052",17,0,0,0,0,0,0,0,217.625,913.25,4,8.275,1.65,185.933333333333,9.6,0,0,0,0,0,0,0,0,0,0,25,23,-5,"Bhayshul Tuten","RB","26732838","CBS","Bhayshul","Tuten","RB",33.7666666666667,29.25,224.25,7.5,8,2.4,7.9,0,0.8,0,0.3,0,5.4,1.5,5.8,0.7,0.4,91,0,0,0,0,0,0,0,0,0,0,0,0,0,0,0,0,0,0,0,0,0,0,0,0,0,0,0,0,0,0,0,0,0,0,0,0,0,0,0,0,"JAC"
"17053",17,0,0,0,0,0,0,0,157.7,606,3.7,2.825,0.95,114.7,5.5,0,0,0,0,0,0,0,0,0,0,17.8,26,-5,"Woody Marks","RB","3171045","CBS","Woody","Marks","RB",32.4666666666667,24.2,195.25,10.4,8.4,1.875,1.5,0.8,0,0,0,0,2.9,1.4,6.8,0.7,0.3,0,0,0,0,0,0,0,0,0,0,0,0,0,0,0,0,0,0,0,0,0,0,0,0,0,0,0,0,0,0,0,0,0,0,0,0,0,0,0,0,0,"HOU"
"17055",17,0,0,0,0,0,0,0,77.8,324.25,3.9,2.075,1,64.4,4.8,0,0,0,0,0,0,0,0,0,0,5.5,22,-5,"Jordan James","RB","28916212","CBS","Jordan","James","RB",20.8333333333333,16.3,134.75,13.7,9.7,0.55,0.6,0.6,0,0,0,0,0.8,0.4,4.1,0.5,0.2,129,0,0,0,0,0,0,0,0,0,0,0,0,0,0,0,0,0,0,0,0,0,0,0,0,0,0,0,0,0,0,0,0,0,0,0,0,0,0,0,0,"SF"
"17056",0,0,0,0,0,0,0,0,11.75,50.5,0,0,0,5.2,0,0,0,0,0,0,0,0,0,0,0,1.2,22,-5,"Trevor Etienne","RB","4685350","ESPN","Trevor","Etienne","RB",3.05,2.55,16,0,0,0,0,0,0,0,0,0,0.2,0.1,0,0,0,575,0,0,0,0,0,0,0,0,0,0,0,0,0,0,0,0,0,0,0,0,0,0,0,0,0,0,0,0,0,0,0,0,0,0,0,0,0,0,0,0,"CAR"
"17057",17,0,0,0,0,0,0,0,31,130,4.2,1,0,12,0.7,0,0,0,0,0,0,0,0,0,0,0,23,-5,"Donovan Edwards","RB","26697211","CBS","Donovan","Edwards","RB",3,2,19,1.1,9.5,0,0,0,0,0,0,0,0,0,0,0,0,0,0,0,0,0,0,0,0,0,0,0,0,0,0,0,0,0,0,0,0,0,0,0,0,0,0,0,0,0,0,0,0,0,0,0,0,0,0,0,0,0,"MIA"
"17058",0,0,0,0,0,0,0,0,23.7,88.5,0,0.5,0,5.7,0,0,0,0,0,0,0,0,0,0,0,0,24,-5,"Tahj Brooks","RB","4429299","ESPN","Tahj","Brooks","RB",2.4,1,9,0,0,0,0,0,0,0,0,0,0.2,0.1,0,0,0,385,0,0,0,0,0,0,0,0,0,0,0,0,0,0,0,0,0,0,0,0,0,0,0,0,0,0,0,0,0,0,0,0,0,0,0,0,0,0,0,0,"CIN"
"17059",0,0,0,0,0,0,0,0,54.3333333333333,196.666666666667,0,1.96666666666667,0.6,44.6,0,0,0,0,0,0,0,0,0,0,0,6.5,22,-5,"Ollie Gordon II","RB","4711533","ESPN","Ollie","Gordon","RB",6.65,7,38.3333333333333,0,0,0.2,1.9,0,0,0,0,0,0.6,0.3,1.2,0.1,0.1,26,0,0,0,0,0,0,0,0,0,0,0,0,0,0,0,0,0,0,0,0,0,0,0,0,0,0,0,0,0,0,0,0,0,0,0,0,0,0,0,0,"MIA"
"17060",0,0,0,0,0,0,0,0,44.3666666666667,176.666666666667,0,1.1,0,33.85,0,0,0,0,0,0,0,0,0,0,0,3.2,23,-5,"DJ Giddens","RB","4874509","ESPN","DJ","Giddens","RB",11.1,7.73333333333333,47.6666666666667,0,0,0.0666666666666667,0.3,0,0,0,0,0,0.4,0.2,2.2,0.2,0.1,249,0,0,0,0,0,0,0,0,0,0,0,0,0,0,0,0,0,0,0,0,0,0,0,0,0,0,0,0,0,0,0,0,0,0,0,0,0,0,0,0,"IND"
"17061",17,0,0,0,0,0,0,0,30.95,123.5,3.9,0.55,0,29.3333333333333,1.2,0,0,0,0,0,0,0,0,0,0,1,22,-5,"LeQuint Allen","RB","28877884","CBS","LeQuint","Allen","RB",15.6666666666667,14.775,88.75,3,5.7,0.25,0.2,0,0,0,0,0,0.3,0.2,2.3,0.2,0.1,463,0,0,0,0,0,0,0,0,0,0,0,0,0,0,0,0,0,0,0,0,0,0,0,0,0,0,0,0,0,0,0,0,0,0,0,0,0,0,0,0,"JAC"
"17062",0,0,0,0,0,0,0,0,54.3,193,0,0.7,0,28,0,0,0,0,0,0,0,0,0,0,0,7.4,24,-5,"Sanders, Raheim","RB",NA,"FantasySharks","Raheim","Sanders","RB",13.2,8.4,48,0,0,0,0.7,0,0,0,0,0,0.8,0.4,1.4,0.2,0.1,171,0,0,0,0,0,0,0,0,0,0,0,0,0,0,0,0,0,0,0,0,0,0,0,0,0,0,0,0,0,0,0,0,0,0,0,0,0,0,0,0,"CLE"
"17063",17,0,0,0,0,0,0,0,17,73,4.4,1,0,9.7,1.1,0,0,0,0,0,0,0,0,0,0,0,24,-5,"Phil Mafah","RB","26695049","CBS","Phil","Mafah","RB",2.55,2,17,2,8.5,0,0,0,0,0,0,0,0,0,0,0,0,0,0,0,0,0,0,0,0,0,0,0,0,0,0,0,0,0,0,0,0,0,0,0,0,0,0,0,0,0,0,0,0,0,0,0,0,0,0,0,0,0,"DAL"
"17064",17,0,0,0,0,0,0,0,32,148,4.6,1,0,12,0.7,0,0,0,0,0,0,0,0,0,0,0,24,-5,"Jarquez Hunter","RB","26700820","CBS","Jarquez","Hunter","RB",2,1,14,0.8,14,0,0,0,0,0,0,0,0,0,0,0,0,0,0,0,0,0,0,0,0,0,0,0,0,0,0,0,0,0,0,0,0,0,0,0,0,0,0,0,0,0,0,0,0,0,0,0,0,0,0,0,0,0,"LAR"
"17066",17,0,0,0,0,0,0,0,181,774,4.2,4.975,0.5,131.5,7,0,0,0,0,0,0,0,0,0,0,15.6,24,-5,"Kyle Monangai","RB","3177368","CBS","Kyle","Monangai","RB",35.4333333333333,24.4,213.25,12.3,9.1,0.5,3.9,0,0,0,0,0,2.3,1.2,3.8,0.8,0.4,0,0,0,0,0,0,0,0,0,0,0,0,0,0,0,0,0,0,0,0,0,0,0,0,0,0,0,0,0,0,0,0,0,0,0,0,0,0,0,0,0,"CHI"
"17068",17,0,0,0,0,0,0,0,140.275,556,3.6,5.225,0.8,165.233333333333,8.3,0,0,0,0,0,0,0,0,0,0,15,25,-5,"RJ Harvey","RB","3121207","CBS","RJ","Harvey","RB",59.7666666666667,48.425,357,20.4,7.4,3.9,3.6,0,0,0.6,0.7,0,1.9,1,9.1,1.4,0.7,321,0,0,0,0,0,0,0,0,0,0,0,0,0,0,0,0,0,0,0,0,0,0,0,0,0,0,0,0,0,0,0,0,0,0,0,0,0,0,0,0,"DEN"
"17069",0,0,0,0,0,0,0,0,58.2,228.333333333333,0,1.36666666666667,0,39.4,0,0,0,0,0,0,0,0,0,0,0,4.7,22,-5,"Jaydon Blue","RB","4685279","ESPN","Jaydon","Blue","RB",9.45,7.56666666666667,54,0,0,0,0,1.1,0,0,0,0,1,0.5,0,0.2,0.1,56,0,0,0,0,0,0,0,0,0,0,0,0,0,0,0,0,0,0,0,0,0,0,0,0,0,0,0,0,0,0,0,0,0,0,0,0,0,0,0,0,"DAL"
"17256",17,0,0,0,0,0,0,0,177.025,806.25,4.8,7.2,1.6,134.3,7.4,0,0,0,0,0,0,0,0,0,0,24.7,25,-5,"Jacory Croskey-Merritt","RB","3126952","CBS","Jacory","Croskey-Merritt","RB",14.8333333333333,13.775,97,4.2,7.9,0.25,3.9,2.5,0,0,0.2,1.2,5.2,1.5,0.8,0.3,0.2,40,0,0,0,0,0,0,0,0,0,0,0,0,0,0,0,0,0,0,0,0,0,0,0,0,0,0,0,0,0,0,0,0,0,0,0,0,0,0,0,0,"WAS"
"17274",0,0,0,0,0,0,0,0,6.9,33,0,0,0,3.6,0,0,0,0,0,0,0,0,0,0,0,0,24,-5,"Kiner, Corey","RB",NA,"FantasySharks","Corey","Kiner","RB",0.6,0.4,3,0,0,0,0,0,0,0,0,0,0.1,0.1,0.2,0,0,0,0,0,0,0,0,0,0,0,0,0,0,0,0,0,0,0,0,0,0,0,0,0,0,0,0,0,0,0,0,0,0,0,0,0,0,0,0,0,0,0,"ARI"
"17307",0,0,0,0,0,0,0,0,3.4,5,0,0,0,0.5,0,0,0,0,0,0,0,0,0,0,0,0,26,-5,"Bentley, Ulysses","RB",NA,"FantasySharks","Ulysses","Bentley","RB",0,0,0,0,0,0,0,0,0,0,0,0,0,0,0,0,0,0,0,0,0,0,0,0,0,0,0,0,0,0,0,0,0,0,0,0,0,0,0,0,0,0,0,0,0,0,0,0,0,0,0,0,0,0,0,0,0,0,"IND"
"17337",0,0,0,0,0,0,0,0,39.9,138,0,0,1,21.3,0,0,0,0,0,0,0,0,0,0,0,4.4,27,-3,"Scott, Zavier","RB",NA,"FantasySharks","Zavier","Scott","RB",15.1,12.3,83,0,0,0.2,0,0,0,0,0,0,0.6,0.3,4,0.3,0.2,32,0,0,0,0,0,0,0,0,0,0,0,0,0,0,0,0,0,0,0,0,0,0,0,0,0,0,0,0,0,0,0,0,0,0,0,0,0,0,0,0,"MIN"
"17348",0,0,0,0,0,0,0,0,3.6,21,0,0,0.5,1.1,0,0,0,0,0,0,0,0,0,0,0,0,24,-5,"Carter, Nathan","RB",NA,"FantasySharks","Nathan","Carter","RB",0,0,0,0,0,0,0,0,0,0,0,0,0.1,0,0,0,0,16,0,0,0,0,0,0,0,0,0,0,0,0,0,0,0,0,0,0,0,0,0,0,0,0,0,0,0,0,0,0,0,0,0,0,0,0,0,0,0,0,"ATL"
"17359",0,0,0,0,0,0,0,0,0.2,1,0,0,0,0.1,0,0,0,0,0,0,0,0,0,0,0,0,25,-5,"Josh Williams","RB","4568024","ESPN","Josh","Williams","RB",0,0,0,0,0,0,0,0,0,0,0,0,0,0,0,0,0,257,0,0,0,0,0,0,0,0,0,0,0,0,0,0,0,0,0,0,0,0,0,0,0,0,0,0,0,0,0,0,0,0,0,0,0,0,0,0,0,0,"TB"
"17472",17,0,0,0,0,0,0,0,234.125,1056,4.7,7.4,1.85,205.4,10.2,0,0,0,0,0,0,0,0,0,0,19.5,21,-6,"Jeremiyah Love","RB","29133405","CBS","Jeremiyah","Love","RB",69.1666666666667,52.05,402.25,20.8,8.4,1.925,5.1,0,0,0,0,0.4,4.6,1.8,7.1,1.6,0.8,21,0,0,0,0,0,0,0,0,0,0,0,0,0,0,0,0,0,0,0,0,0,0,0,0,0,0,0,0,0,0,0,0,0,0,0,0,0,0,0,0,"ARI"
"17473",17,0,0,0,0,0,0,0,202.525,845.75,4.3,7.125,1.7,141.833333333333,8.9,0,0,0,0,0,0,0,0,0,0,6.5,23,-6,"Jadarian Price","RB","28875230","CBS","Jadarian","Price","RB",28.8666666666667,22.05,178.5,13.1,11.2,0.5,1.5,0,0,0,0,0,1.6,0.8,2.8,0.5,0.2,44,0,0,0,0,0,0,0,0,0,0,0,0,0,0,0,0,0,0,0,0,0,0,0,0,0,0,0,0,0,0,0,0,0,0,0,0,0,0,0,0,"SEA"
"17474",17,0,0,0,0,0,0,0,54.4,219,4.2,1.1,0,36.1333333333333,0.7,0,0,0,0,0,0,0,0,0,0,4.2,23,-6,"Emmett Johnson","RB","28877097","CBS","Emmett","Johnson","RB",13.3666666666667,9.7,78.5,1.4,11.5,0,0.4,0,0,0,0,0,0.9,0.5,3.1,0.6,0.3,51,0,0,0,0,0,0,0,0,0,0,0,0,0,0,0,0,0,0,0,0,0,0,0,0,0,0,0,0,0,0,0,0,0,0,0,0,0,0,0,0,"KC"
"17475",17,0,0,0,0,0,0,0,19.7333333333333,81,4.4,0.666666666666667,0,12.3,1.1,0,0,0,0,0,0,0,0,0,0,0,25,-6,"Seth McGowan","RB","3161581","CBS","Seth","McGowan","RB",3.9,2.6,20,1.5,12.5,0,0,0,0,0,0,0,0.2,0.1,0,0,0,134,0,0,0,0,0,0,0,0,0,0,0,0,0,0,0,0,0,0,0,0,0,0,0,0,0,0,0,0,0,0,0,0,0,0,0,0,0,0,0,0,"IND"
"17476",0,0,0,0,0,0,0,0,39.1333333333333,165.333333333333,0,1,0,39.05,0,0,0,0,0,0,0,0,0,0,0,0,22,-6,"Nicholas Singleton","RB","4685555","ESPN","Nicholas","Singleton","RB",3.4,6,46,0,0,0,0,0,0,0,0,0,0.1,0,0,0,0,163,0,0,0,0,0,0,0,0,0,0,0,0,0,0,0,0,0,0,0,0,0,0,0,0,0,0,0,0,0,0,0,0,0,0,0,0,0,0,0,0,"TEN"
"17477",17,0,0,0,0,0,0,0,59.025,261.25,4.2,1.425,0.3,52.6666666666667,0.7,0,0,0,0,0,0,0,0,0,0,10.9,23,-6,"Jonah Coleman","RB","28877250","CBS","Jonah","Coleman","RB",18.1,12.95,99.25,1.4,7.7,0.25,0.7,0,0,0,0,0,1,0.5,4.7,0.6,0.3,248,0,0,0,0,0,0,0,0,0,0,0,0,0,0,0,0,0,0,0,0,0,0,0,0,0,0,0,0,0,0,0,0,0,0,0,0,0,0,0,0,"DEN"
"17478",17,0,0,0,0,0,0,0,33.05,132.75,4.9,0.5,0,23.8,1,0,0,0,0,0,0,0,0,0,0,4.1,23,-6,"Kaytron Allen","RB","28875485","CBS","Kaytron","Allen","RB",5.4,4.95,32.5,1.3,11,0,0,0,0,0,0,0,0.5,0.3,0.7,0.1,0,179,0,0,0,0,0,0,0,0,0,0,0,0,0,0,0,0,0,0,0,0,0,0,0,0,0,0,0,0,0,0,0,0,0,0,0,0,0,0,0,0,"WAS"
"17481",17,0,0,0,0,0,0,0,37.575,156,4.6,0.75,0.35,28.7333333333333,0.7,0,0,0,0,0,0,0,0,0,0,2.3,23,-6,"Demond Claiborne","RB","28883197","CBS","Demond","Claiborne","RB",5.6,7.25,51.5,1.2,10.5,0,0,0,0,0,0,0,0.4,0.2,0.9,0.1,0.1,127,0,0,0,0,0,0,0,0,0,0,0,0,0,0,0,0,0,0,0,0,0,0,0,0,0,0,0,0,0,0,0,0,0,0,0,0,0,0,0,0,"MIN"
"17482",17,0,0,0,0,0,0,0,93.25,365,3.5,1.75,1.45,65.1,3.8,0,0,0,0,0,0,0,0,0,0,6.2,23,-6,"Mike Washington Jr.","RB","26693539","CBS","Mike","Washington Jr.","RB",25.4333333333333,19.3,143.5,11.5,8.5,0.25,0,0,0,0,0,0,1.3,0.7,2.2,0.8,0.4,962,0,0,0,0,0,0,0,0,0,0,0,0,0,0,0,0,0,0,0,0,0,0,0,0,0,0,0,0,0,0,0,0,0,0,0,0,0,0,0,0,"LV"
"17485",17,0,0,0,0,0,0,0,80.3,323.75,3.9,2,1,57.6,5.1,0,0,0,0,0,0,0,0,0,0,2.3,25,-6,"Kaelon Black","RB","3162599","CBS","Kaelon","Black","RB",12.9666666666667,8.55,70,7.5,9.8,0.25,0,0,0,0,0,0,0.8,0.4,4,0.3,0.2,226,0,0,0,0,0,0,0,0,0,0,0,0,0,0,0,0,0,0,0,0,0,0,0,0,0,0,0,0,0,0,0,0,0,0,0,0,0,0,0,0,"SF"
"17486",17,0,0,0,0,0,0,0,29.45,111.5,4.4,0.5,0.2,10.25,0.8,0,0,0,0,0,0,0,0,0,0,1.5,22,-6,"Jam Miller","RB","28875653","CBS","Jam","Miller","RB",3.6,1.95,15,1.5,12.5,0,0,0,0,0,0,0,0.3,0.2,0,0,0,367,0,0,0,0,0,0,0,0,0,0,0,0,0,0,0,0,0,0,0,0,0,0,0,0,0,0,0,0,0,0,0,0,0,0,0,0,0,0,0,0,"NE"
"17652",17,0,0,0,0,0,0,0,39.05,186,5.4,1.25,0.5,41.5,3.9,0,0,0,0,0,0,0,0,0,0,0,22,-6,"Adam Randall","RB","28878514","CBS","Adam","Randall","RB",9.6,8.75,81.75,10.3,10.9,0.5,0,0,0,0,0,0,0,0,0,0,0,316,0,0,0,0,0,0,0,0,0,0,0,0,0,0,0,0,0,0,0,0,0,0,0,0,0,0,0,0,0,0,0,0,0,0,0,0,0,0,0,0,"BAL"
"11671",17,0,0,0,0,0,0,0,0,0,0,0,0.2,163.2,8.1,0,0,0,0,0,0,0,0,0,0,15,33,6,"Mike Evans","WR","1824909","CBS","Mike","Evans","WR",120.033333333333,67.125,922,58.4,13.1,7.775,0,0,0,0,0,0,4.9,1.7,24.8,0,0,0,0,0,0,0,0,5.9,1.7,0,0,0.4,0,0.6,0.2,0,0,0,0,0,0,0,0,0,0,0,0,0,0,0,0,0,0,0,0,0,0,0,0,0,0,0,"SF"
"11675",17,0,0,0,0,0,0,0,0,0.666666666666667,0,0,0,169.633333333333,8.1,0,0,0,0,0,0,0,0,0,0,21.2,34,6,"Davante Adams","WR","1893167","CBS","Davante","Adams","WR",124.933333333333,67.375,906.25,50,12.3,10.375,0,0,0,0,0,0,11.1,1.7,25.5,0,0,15,0,0,0,0,0,7.8,1.5,0.7,0,0.5,0,0.6,0.2,0,0,0,0,0,0,0,0,0,0,0,0,0,0,0,0,0,0,0,0,0,0,0,0,0,0,0,"LAR"
"11679",0,0,0,0,0,0,0,0,0,0,0,0,0,0,0,0,0,0,0,0,0,0,0,0,0,0,34,6,"Odell Beckham Jr.","WR","16733","ESPN","Odell","Beckham","WR",20,12,152,0,0,1,0,0,0,0,0,0,0,0,0,0,0,0,0,0,0,0,0,0,0,0,0,0,0,0,0,0,0,0,0,0,0,0,0,0,0,0,0,0,0,0,0,0,0,0,0,0,0,0,0,0,0,0,"NYG"
"12186",17,0,0,0,0,0,0,0,0.5,1,2,0,0,138.7,5.4,0,0,0,0,0,0,0,0,0,0,0,33,5,"Stefon Diggs","WR","2000038","CBS","Stefon","Diggs","WR",89,70.3333333333333,773.666666666667,44.1,11,4,0,0,0,0,0,0,0,0,0,0,0,0,0,0,0,0,0,0,0,0,0,0,0,0,0,0,0,0,0,0,0,0,0,0,0,0,0,0,0,0,0,0,0,0,0,0,0,0,0,0,0,0,"WAS"
"12658",0,0,0,0,0,0,0,0,0,15,0,0,0.7,29.7,0,0,0,0,0,0,0,0,0,0,0,3.2,33,4,"Shepard, Sterling","WR",NA,"FantasySharks","Sterling","Shepard","WR",44.5,28.2,271,0,0,0.4,0,0,0,0,0,0,1.1,0.5,6.5,0,0,116,0,0,0,0,0,0,0.4,0,0,0,0,0.2,0.1,0,0,0,0,0,0,0,0,0,0,0,0,0,0,0,0,0,0,0,0,0,0,0,0,0,0,0,"TBB"
"12785",17,0,0,0,0,0,0,0,1,6,5,0,0,45.5,3.3,0,0,0,0,0,0,0,0,0,0,2.5,32,4,"Demarcus Robinson","WR","2061095","CBS","Demarcus","Robinson","WR",43.2,26.2,365.5,27.1,14.4,1.95,0,0,0,0,0,0,1.1,0.5,2.7,0,0,234,0,0,0,0,0,0.2,0,0.8,0,0,0,0.2,0.1,0,0,0,0,0,0,0,0,0,0,0,0,0,0,0,0,0,0,0,0,0,0,0,0,0,0,0,"SF"
"12801",0,0,0,0,0,0,0,0,4,26,0,0,0,173.3,0,0,0,0,0,0,0,0,0,0,0,0,32,4,"Tyreek Hill","WR","15634","RTSports","Tyreek","Hill","WR",0,61,797,0,0,5,0,0,0,0,0,0,0,0,0,0,0,0,0,0,0,0,0,0,0,0,0,0,0,0,0,0,0,0,0,0,0,0,0,0,0,0,0,0,0,0,0,0,0,0,0,0,0,0,0,0,0,0,"MIA"
"13066",0,0,0,0,0,0,0,0,5,21.5,0,0,0,35.4,0,0,0,0,0,0,0,0,0,0,0,3.6,32,4,"Kalif Raymond","WR","2973405","ESPN","Kalif","Raymond","WR",36,22.8,246.5,0,0,0.75,0,0,0,0,0,0,1.2,0.6,4.6,0,0,125,0,0,0,0,0,0.3,0,0.2,0,0,0,0.2,0.1,0,0,0,0,0,0,0,0,0,0,0,0,0,0,0,0,0,0,0,0,0,0,0,0,0,0,0,"CHI"
"13156",0,0,0,0,0,0,0,0,0,0,0,0,0,11.6,0,0,0,0,0,0,0,0,0,0,0,2,30,3,"Smith-Schuster, JuJu","WR",NA,"FantasySharks","JuJu","Smith-Schuster","WR",19.4,10.6,116,0,0,0,0,0,0,0,0,0,0.5,0.2,3.5,0,0,0,0,0,0,0,0,0,0,0,0,0,0,0.1,0,0,0,0,0,0,0,0,0,0,0,0,0,0,0,0,0,0,0,0,0,0,0,0,0,0,0,0,"NYG"
"13163",17,0,0,0,0,0,0,0,0.5,7.33333333333333,1,0,0,158.733333333333,6.5,0,0,0,0,0,0,0,0,0,0,12.3,30,3,"Chris Godwin","WR","2818150","CBS","Chris","Godwin","WR",94.8666666666667,70.375,855,49.4,11.2,6.35,0,0,0,0,0,0,9.8,1.6,12.1,0,0,9,0,0,0,0,0,3.5,1.3,1.6,0.8,0,0.2,0.5,0.2,0,0,0,0,0,0,0,0,0,0,0,0,0,0,0,0,0,0,0,0,0,0,0,0,0,0,0,"TB"
"13164",17,0,0,0,0,0,0,0,1,6.33333333333333,3,0,1,88.7333333333333,5,0,0,0,0,0,0,0,0,0,0,8.3,33,3,"Cooper Kupp","WR","2006951","CBS","Cooper","Kupp","WR",74.7333333333333,46.35,567.5,41.1,12.3,2.95,0,0,0,0,0,0,2.4,1.2,13.1,0,0,85,0,0,0,0,0,0.2,2.6,0,0,0,0,0.4,0.1,0,0,0,0,0,0,0,0,0,0,0,0,0,0,0,0,0,0,0,0,0,0,0,0,0,0,0,"SEA"
"13168",0,0,0,0,0,0,0,0,0,0,0,0,0,8.9,0,0,0,0,0,0,0,0,0,0,0,1.3,31,3,"Reynolds, Josh","WR",NA,"FantasySharks","Josh","Reynolds","WR",21.9,9.4,85,0,0,0,0,0,0,0,0,0,0.3,0.2,1.3,0,0,0,0,0,0,0,0,0,0,0,0,0,0,0.1,0,0,0,0,0,0,0,0,0,0,0,0,0,0,0,0,0,0,0,0,0,0,0,0,0,0,0,0,"NYJ"
"13176",0,0,0,0,0,0,0,0,0,0,0,0,0,22.3,0,0,0,0,0,0,0,0,0,0,0,1.4,31,3,"Jones, Zay","WR",NA,"FantasySharks","Zay","Jones","WR",25.7,15.8,223,0,0,0,0,0,0,0,0,0,0.9,0.4,2.5,0,0,0,0,0,0,0,0,0,0,0,0,0,0,0.1,0.1,0,0,0,0,0,0,0,0,0,0,0,0,0,0,0,0,0,0,0,0,0,0,0,0,0,0,0,"ARI"
"13289",0,0,0,0,0,0,0,0,0,5,0,0,0,58.3,0,0,0,0,0,0,0,0,0,0,0,2.5,33,3,"Mack Hollins","WR","2991662","ESPN","Mack","Hollins","WR",36.4,24.1,315,0,0,1.15,0,0,0,0,0,0,2,1,3.6,0,0,14,0,0,0,0,0,0.6,0,0,0.6,0,0,0.3,0.1,0,0,0,0,0,0,0,0,0,0,0,0,0,0,0,0,0,0,0,0,0,0,0,0,0,0,0,"NE"
"13348",0,0,0,0,0,0,0,0,0,0,0,0,0,27.8,0,0,0,0,0,0,0,0,0,0,0,4.4,31,3,"Moore, David","WR",NA,"FantasySharks","David","Moore","WR",37.9,19,183,0,0,1.6,0,0,0,0,0,0,0.7,0.4,6,0,0,0,0,0,0,0,0,1.3,0.3,0,0,0,0,0.1,0.1,0,0,0,0,0,0,0,0,0,0,0,0,0,0,0,0,0,0,0,0,0,0,0,0,0,0,0,"CAR"
"13377",0,0,0,0,0,0,0,0,0,6,0,0,0,8.1,0,0,0,0,0,0,0,0,0,0,0,1.5,33,3,"Patrick, Tim","WR",NA,"FantasySharks","Tim","Patrick","WR",12.6,5.1,45,0,0,0.4,0,0,0,0,0,0,0.2,0.1,2.3,0,0,132,0,0,0,0,0,0,0,0.4,0,0,0,0,0,0,0,0,0,0,0,0,0,0,0,0,0,0,0,0,0,0,0,0,0,0,0,0,0,0,0,0,"NYJ"
"13418",0,0,0,0,0,0,0,0,0,3,0,0.3,0,32.4,0,0,0,0,0,0,0,0,0,0,0,0.9,31,3,"Kendrick Bourne","WR","3045523","ESPN","Kendrick","Bourne","WR",35.55,23.1,271,0,0,0.5,0,0,0,0,0,0,1.2,0.6,2.1,0,0,185,0,0,0,0,0,0,0,0,0,0,0,0.2,0.1,0,0,0,0,0,0,0,0,0,0,0,0,0,0,0,0,0,0,0,0,0,0,0,0,0,0,0,"ARI"
"13629",17,0,0,0,0,0,0,0,4.66666666666667,23.25,7.7,0.25,0,112.3,5.9,0,0,0,0,0,0,0,0,0,0,2.4,32,2,"Calvin Ridley","WR","2186328","CBS","Calvin","Ridley","WR",81.4,46.85,720.5,49.9,17,3.425,0,0,0,0,0,0,1.8,0.9,3.4,0,0,45,0,0,0,0,0,0,0,0,0.7,0,0,0.3,0.1,0,0,0,0,0,0,0,0,0,0,0,0,0,0,0,0,0,0,0,0,0,0,0,0,0,0,0,"TEN"
"13630",17,0,0,0,0,0,0,0,0,0,0,0,0.2,164.033333333333,7.4,0,0,0,0,0,0,0,0,0,0,13.9,31,2,"Courtland Sutton","WR","2218461","CBS","Courtland","Sutton","WR",118.633333333333,71.475,952.5,53.4,13,7.375,0,0,0,0,0,0,10.9,1.8,18.2,0,0,0,0,0,0,0,0,1.3,2.8,1.2,0.9,0,0.4,0.6,0.2,0,0,0,0,0,0,0,0,0,0,0,0,0,0,0,0,0,0,0,0,0,0,0,0,0,0,0,"DEN"
"13633",17,0,0,0,0,0,0,0,0,-0.133333333333333,0,0,0,82.1333333333333,4.6,0,0,0,0,0,0,0,0,0,0,5,30,2,"Christian Kirk","WR","2180820","CBS","Christian","Kirk","WR",58.9333333333333,37.25,439.25,37.4,11.6,2.45,0,0,0,0,0,0,1.2,0.6,5.9,0,0,0,0,0,0,0,0,0.6,0,0.6,0.6,0,0,0.2,0.1,0,0,0,0,0,0,0,0,0,0,0,0,0,0,0,0,0,0,0,0,0,0,0,0,0,0,0,"SF"
"13634",0,0,0,0,0,0,0,0,0,0,0,0,0,1.7,0,0,0,0,0,0,0,0,0,0,0,0,31,2,"Pettis, Dante","WR",NA,"FantasySharks","Dante","Pettis","WR",3,1.4,17,0,0,0,0,0,0,0,0,0,0.1,0,0,0,0,186,0,0,0,0,0,0,0,0,0,0,0,0,0,0,0,0,0,0,0,0,0,0,0,0,0,0,0,0,0,0,0,0,0,0,0,0,0,0,0,0,"BUF"
"13635",17,0,0,0,0,0,0,0,10.6666666666667,56,5.1,0.475,0.65,170.5,7.5,0,0,0,0,0,0,0,0,0,0,12.6,29,2,"DJ Moore","WR","2179328","CBS","D.J.","Moore","WR",99.5333333333333,70.45,924.75,48,11.7,7.225,0,0,0,0,0,0,2.8,1.4,10.8,0,0,0,0,0,0,0,0,2.4,0.8,0.7,0.3,1.4,0.3,0.5,0.2,0,0,0,0,0,0,0,0,0,0,0,0,0,0,0,0,0,0,0,0,0,0,0,0,0,0,0,"BUF"
"13652",0,0,0,0,0,0,0,0,0,0,0,0,0,2.4,0,0,0,0,0,0,0,0,0,0,0,0.4,31,2,"Wilson, Cedrick","WR",NA,"FantasySharks","Cedrick","Wilson","WR",4.1,2.7,24,0,0,0,0,0,0,0,0,0,0.1,0.1,0,0,0,0,0,0,0,0,0,0,0,0,0,0,0,0,0,0,0,0,0,0,0,0,0,0,0,0,0,0,0,0,0,0,0,0,0,0,0,0,0,0,0,0,"DET"
"13776",0,0,0,0,0,0,0,0,0,-4.9,0,0,0,9.2,0,0,0,0,0,0,0,0,0,0,0,0.9,30,2,"Watson, Justin","WR",NA,"FantasySharks","Justin","Watson","WR",8,3.6,43,0,0,0.9,0,0,0,0,0,0,0.2,0.1,0.9,0,0,0,0,0,0,0,0,0.9,0,0,0,0,0,0,0,0,0,0,0,0,0,0,0,0,0,0,0,0,0,0,0,0,0,0,0,0,0,0,0,0,0,0,"HOU"
"13793",0,0,0,0,0,0,0,0,0,1,0,0,0,5.3,0,0,0,0,0,0,0,0,0,0,0,0.6,32,2,"Valdes-Scantling, Marquez","WR",NA,"FantasySharks","Marquez","Valdes-Scantling","WR",15.1,5.6,48,0,0,0.1,0,0,0,0,0,0,0.2,0.1,1.1,0,0,69,0,0,0,0,0,0,0.1,0,0,0,0,0,0,0,0,0,0,0,0,0,0,0,0,0,0,0,0,0,0,0,0,0,0,0,0,0,0,0,0,0,"DAL"
"14102",17,0,0,0,0,0,0,0,1.5,8.33333333333333,5,0.6,0,154.333333333333,7.2,0,0,0,0,0,0,0,0,0,0,12.2,29,1,"DK Metcalf","WR","2260185","CBS","DK","Metcalf","WR",107.333333333333,63.3,918,52.5,14.6,6.3,0,0,0,0,0,0,6.1,1.6,10.7,0,0,0,0,0,0,0,0,1.1,0.9,3,0,0,0.2,0.5,0.2,0,0,0,0,0,0,0,0,0,0,0,0,0,0,0,0,0,0,0,0,0,0,0,0,0,0,0,"PIT"
"14104",17,0,0,0,0,0,0,0,0,1,0,0,0,195.966666666667,10.3,0,0,0,0,0,0,0,0,0,0,13.2,29,1,"A.J. Brown","WR","2258303","CBS","A.J.","Brown","WR",129.166666666667,85.4,1200,76.2,14.2,7.975,0,0,0,0,0,0,11.6,2.1,12.6,0,0,0,0,0,0,0,0,1.8,1.3,2,1,0,0,0.7,0.3,0,0,0,0,0,0,0,0,0,0,0,0,0,0,0,0,0,0,0,0,0,0,0,0,0,0,0,"NE"
"14105",17,0,0,0,0,0,0,0,0,0,0,0,0,57.6,4.5,0,0,0,0,0,0,0,0,0,0,3.1,29,1,"Marquise Brown","WR","2804128","CBS","Marquise","Brown","WR",44.7333333333333,27.5666666666667,341.666666666667,32.1,12.4,2.53333333333333,0,0,0,0,0,0,1.1,0.6,3,0,0,38,0,0,0,0,0,0.5,1.1,0,0,0,0,0.2,0.1,0,0,0,0,0,0,0,0,0,0,0,0,0,0,0,0,0,0,0,0,0,0,0,0,0,0,0,"PHI"
"14108",0,0,0,0,0,0,0,0,5,17,0,0.3,0,27,0,0,0,0,0,0,0,0,0,0,0,5.6,28,1,"Greg Dortch","WR","4037235","ESPN","Greg","Dortch","WR",16.65,10.95,97,0,0,0.6,0,0,0,0,0,0,0.6,0.3,8.6,0,0,294,0,0,0,0,0,0,1.2,0,0,0,0,0.1,0,0,0,0,0,0,0,0,0,0,0,0,0,0,0,0,0,0,0,0,0,0,0,0,0,0,0,0,"DET"
"14109",17,0,0,0,0,0,0,0,0.5,1.33333333333333,1,0,0,172.833333333333,8.5,0,0,0,0,0,0,0,0,0,0,15.9,31,1,"Terry McLaurin","WR","2139279","CBS","Terry","McLaurin","WR",105.5,70.75,997.5,54.5,14.5,7.925,0,0,0,0,0,0,10.7,1.8,16.3,0,0,9,0,0,0,0,0,3.9,1.6,0.7,0.9,0,1.6,0.6,0.2,0,0,0,0,0,0,0,0,0,0,0,0,0,0,0,0,0,0,0,0,0,0,0,0,0,0,0,"WAS"
"14110",0,0,0,0,0,0,0,0,0,0,0,0,0,15.1,0,0,0,0,0,0,0,0,0,0,0,2.1,30,1,"Sills, David","WR",NA,"FantasySharks","David","Sills","WR",18.2,7,72,0,0,1.3,0,0,0,0,0,0,0.3,0.1,4.6,0,0,191,0,0,0,0,0,1.3,0,0,0,0,0,0.1,0,0,0,0,0,0,0,0,0,0,0,0,0,0,0,0,0,0,0,0,0,0,0,0,0,0,0,0,"TBB"
"14118",0,0,0,0,0,0,0,0,0,0,0,0,0,17.9,0,0,0,0,0,0,0,0,0,0,0,3.5,28,1,"Humphrey, Lil'Jordan","WR",NA,"FantasySharks","Lil'Jordan","Humphrey","WR",20.4,9.5,116,0,0,1.1,0,0,0,0,0,0,0.5,0.2,3.1,0,0,0,0,0,0,0,0,0.2,0,0.9,0,0,0,0.1,0,0,0,0,0,0,0,0,0,0,0,0,0,0,0,0,0,0,0,0,0,0,0,0,0,0,0,0,"DEN"
"14122",17,0,0,0,0,0,0,0,1.5,8,5,0,0.8,70.4,3.7,0,0,0,0,0,0,0,0,0,0,10.5,29,1,"Darius Slayton","WR","2183982","CBS","Darius","Slayton","WR",70.9666666666667,40.0333333333333,545.333333333333,36.1,15.3,1.93333333333333,0,0,0,0,0,0,2.5,1.3,9.2,0,0,9,0,0,0,0,0,0.2,0,0,1.6,0,0,0.4,0.2,0,0,0,0,0,0,0,0,0,0,0,0,0,0,0,0,0,0,0,0,0,0,0,0,0,0,0,"NYG"
"14127",17,0,0,0,0,0,0,0,4.66666666666667,19,4.3,0,0.9,133.733333333333,6,0,0,0,0,0,0,0,0,0,0,9.9,30,1,"Jakobi Meyers","WR","2183835","CBS","Jakobi","Meyers","WR",102.766666666667,67.95,812.25,48,12,4.925,0,0,0,0,0,0,2.9,1.5,15.3,0,0,42,0,0,0,0,0,1.8,1.6,0.3,0,0,0,0.5,0.2,0,0,0,0,0,0,0,0,0,0,0,0,0,0,0,0,0,0,0,0,0,0,0,0,0,0,0,"JAC"
"14136",17,0,0,0,0,0,0,0,24.3333333333333,88.5,3.2,0.75,0,120.066666666667,5.6,0,0,0,0,0,0,0,0,0,0,7.4,30,1,"Deebo Samuel","WR","2139735","CBS","Deebo","Samuel","WR",82.2333333333333,58.925,673.75,38.2,10,4.125,0,0,0,0,0,0,2.1,1,8.4,0,0,498,0,0,0,0,0,0.6,0.6,1.3,0,0,0,0.3,0.1,0,0,0,0,0,0,0,0,0,0,0,0,0,0,0,0,0,0,0,0,0,0,0,0,0,0,0,"SF"
"14280",0,0,0,0,0,0,0,0,0,0,0,0,0,3.6,0,0,0,0,0,0,0,0,0,0,0,0,29,1,"Miller, Scotty","WR",NA,"FantasySharks","Scotty","Miller","WR",8,6.1,36,0,0,0,0,0,0,0,0,0,0.1,0.1,1.6,0,0,0,0,0,0,0,0,0,0,0,0,0,0,0,0,0,0,0,0,0,0,0,0,0,0,0,0,0,0,0,0,0,0,0,0,0,0,0,0,0,0,0,"CHI"
"14315",17,0,0,0,0,0,0,0,5,36.6666666666667,11,0,0,49.55,3.6,0,0,0,0,0,0,0,0,0,0,6.8,29,1,"Ashton Dulin","WR","3116796","CBS","Ashton","Dulin","WR",46.6333333333333,25.4,389.333333333333,32.6,19.8,1,0,0,0,0,0,0,1.5,0.7,7.1,0,0,349,0,0,0,0,0,0,0,0,0,0,0,0.2,0.1,0,0,0,0,0,0,0,0,0,0,0,0,0,0,0,0,0,0,0,0,0,0,0,0,0,0,0,"IND"
"14503",0,0,0,0,0,0,0,0,0,0,0,0,0,0.6,0,0,0,0,0,0,0,0,0,0,0,0,30,1,"Kennedy, Tom","WR",NA,"FantasySharks","Tom","Kennedy","WR",1,0.7,6,0,0,0,0,0,0,0,0,0,0,0,0,0,0,704,0,0,0,0,0,0,0,0,0,0,0,0,0,0,0,0,0,0,0,0,0,0,0,0,0,0,0,0,0,0,0,0,0,0,0,0,0,0,0,0,"DET"
"14548",0,0,0,0,0,0,0,0,0,0,0,0,0,0.2,0,0,0,0,0,0,0,0,0,0,0,0,30,1,"Bachman, Alex","WR",NA,"FantasySharks","Alex","Bachman","WR",1.5,0.2,2,0,0,0,0,0,0,0,0,0,0,0,0,0,0,0,0,0,0,0,0,0,0,0,0,0,0,0,0,0,0,0,0,0,0,0,0,0,0,0,0,0,0,0,0,0,0,0,0,0,0,0,0,0,0,0,"LVR"
"14592",17,0,0,0,0,0,0,0,3,15.5,6.3,0,0,38.1,3.1,0,0,0,0,0,0,0,0,0,0,2.7,29,1,"Olamide Zaccheaus","WR","2186266","CBS","Olamide","Zaccheaus","WR",46,27.5666666666667,246,24.2,9,1.6,0,0,0,0,0,0,0.7,0.4,7,0,0,124,0,0,0,0,0,0.8,0,0,0,0,0,0.1,0.1,0,0,0,0,0,0,0,0,0,0,0,0,0,0,0,0,0,0,0,0,0,0,0,0,0,0,0,"ATL"
"14832",17,0,0,0,0,0,0,0,4,23.25,5,0,0.25,201.733333333333,9.5,0,0,0,0,0,0,0,0,0,0,15.7,27,0,"CeeDee Lamb","WR","2865251","CBS","CeeDee","Lamb","WR",160.066666666667,101.125,1317.75,78.5,13.1,7.15,0,0,0,0,0,0,13,4.8,23,0,0,0,0,0,0,0,0,0.5,2.6,0.3,0.2,0,1.1,0.9,0.3,0,0,0,0,0,0,0,0,0,0,0,0,0,0,0,0,0,0,0,0,0,0,0,0,0,0,0,"DAL"
"14833",17,0,0,0,0,0,0,0,0.5,3,4,0,0.6,119.3,5.1,0,0,0,0,0,0,0,0,0,0,6.5,27,0,"Jerry Jeudy","WR","2741201","CBS","Jerry","Jeudy","WR",107.8,58,788.75,46.1,13.8,3.35,0,0,0,0,0,0,5.9,1.6,10.4,0,0,0,0,0,0,0,0,0,0,0.6,0.5,0,1.3,0.5,0.2,0,0,0,0,0,0,0,0,0,0,0,0,0,0,0,0,0,0,0,0,0,0,0,0,0,0,0,"CLE"
"14835",17,0,0,0,0,0,0,0,0,0,0,0,0.05,184.333333333333,9.5,0,0,0,0,0,0,0,0,0,0,18.5,27,0,"Tee Higgins","WR","2809208","CBS","Tee","Higgins","WR",112.433333333333,71.5,978.25,60.8,14,9.8,0,0,0,0,0,0,10.2,1.7,19.7,0,0,0,0,0,0,0,0,3.2,1.5,3.2,0.4,1.9,0,0.6,0.2,0,0,0,0,0,0,0,0,0,0,0,0,0,0,0,0,0,0,0,0,0,0,0,0,0,0,0,"CIN"
"14836",17,0,0,0,0,0,0,0,2,7.75,3,0,0,209.633333333333,9.4,0,0,0,0,0,0,0,0,0,0,22.3,27,0,"Justin Jefferson","WR","2871343","CBS","Justin","Jefferson","WR",159.2,101.275,1351.75,74.6,14.1,6.975,0,0,0,0,0,0,13.9,2.5,25.4,0,0,0,0,0,0,0,0,0.5,2.2,0.5,0.2,0,0.5,0.8,0.3,0,0,0,0,0,0,0,0,0,0,0,0,0,0,0,0,0,0,0,0,0,0,0,0,0,0,0,"MIN"
"14840",0,0,0,0,0,0,0,0,0,6.5,0,0,0,80.25,0,0,0,0,0,0,0,0,0,0,0,4,28,0,"Aiyuk, Brandon","WR",NA,"FantasySharks","Brandon","Aiyuk","WR",50.7,34.8,470.5,0,0,1.95,0,0,0,0,0,0,1.4,0.7,4.5,0,0,82,0,0,0,0,0,0,0,0.5,0.5,0,0,0.2,0.1,0,0,0,0,0,0,0,0,0,0,0,0,0,0,0,0,0,0,0,0,0,0,0,0,0,0,0,"SFO"
"14842",17,0,0,0,0,0,0,0,0,0,0,0,0,123.6,5.5,0,0,0,0,0,0,0,0,0,0,14.4,29,0,"Michael Pittman","WR","2240188","CBS","Michael","Pittman","WR",116,75.925,734.75,39.9,8.8,5.075,0,0,0,0,0,0,2.4,1.2,18.3,0,0,0,0,0,0,0,0,2.7,1.1,0.6,0,0,0,0.4,0.1,0,0,0,0,0,0,0,0,0,0,0,0,0,0,0,0,0,0,0,0,0,0,0,0,0,0,0,"PIT"
"14845",0,0,0,0,0,0,0,0,0,0,0,0,0,13.5,0,0,0,0,0,0,0,0,0,0,0,3.9,27,0,"Davis, Gabriel","WR",NA,"FantasySharks","Gabriel","Davis","WR",16,10.8,121,0,0,0.2,0,0,0,0,0,0,0.5,0.2,3.9,0,0,6,0,0,0,0,0,0.2,0,0,0,0,0,0.1,0,0,0,0,0,0,0,0,0,0,0,0,0,0,0,0,0,0,0,0,0,0,0,0,0,0,0,0,"BUF"
"14847",0,0,0,0,0,0,0,0,0,0,0,0,0,0.1,0,0,0,0,0,0,0,0,0,0,0,0,29,0,"Duvernay, Devin","WR",NA,"FantasySharks","Devin","Duvernay","WR",1.1,0.3,1,0,0,0,0,0,0,0,0,0,0,0,0,0,0,470,0,0,0,0,0,0,0,0,0,0,0,0,0,0,0,0,0,0,0,0,0,0,0,0,0,0,0,0,0,0,0,0,0,0,0,0,0,0,0,0,"ARI"
"14849",0,0,0,0,0,0,0,0,0,0,0,0,0,7.4,0,0,0,0,0,0,0,0,0,0,0,0.2,28,0,"Hodgins, Isaiah","WR",NA,"FantasySharks","Isaiah","Hodgins","WR",10.2,5.1,62,0,0,0.2,0,0,0,0,0,0,0.2,0.1,1.4,0,0,0,0,0,0,0,0,0,0.2,0,0,0,0,0,0,0,0,0,0,0,0,0,0,0,0,0,0,0,0,0,0,0,0,0,0,0,0,0,0,0,0,0,"NYG"
"14858",0,0,0,0,0,0,0,0,0,0,0,0,0,20.6,0,0,0,0,0,0,0,0,0,0,0,2,30,0,"Jefferson, Van","WR",NA,"FantasySharks","Van","Jefferson","WR",25.3,14.5,164,0,0,0.7,0,0,0,0,0,0,0.7,0.3,0.7,0,0,12,0,0,0,0,0,0.7,0,0,0,0,0,0.1,0,0,0,0,0,0,0,0,0,0,0,0,0,0,0,0,0,0,0,0,0,0,0,0,0,0,0,0,"WAS"
"14860",17,0,0,0,0,0,0,0,0,1,0,0,0.75,117.633333333333,5.6,0,0,0,0,0,0,0,0,0,0,13.1,29,0,"Jauan Jennings","WR","2180514","CBS","Jauan","Jennings","WR",77.5,49.975,584.5,37,12.3,5.525,0,0,0,0,0,0,1.8,0.9,19.2,0,0,13,0,0,0,0,0,3.2,1.9,0,0.9,0,0,0.3,0.1,0,0,0,0,0,0,0,0,0,0,0,0,0,0,0,0,0,0,0,0,0,0,0,0,0,0,0,"MIN"
"14974",17,0,0,0,0,0,0,0,1,4.25,0,0,0,81.7666666666667,4.1,0,0,0,0,0,0,0,0,0,0,3.8,29,0,"Darnell Mooney","WR","2240651","CBS","Darnell","Mooney","WR",70.4666666666667,37.725,516.25,35.3,14.6,2.1,0,0,0,0,0,0,1.5,0.7,9.3,0,0,124,0,0,0,0,0,0,0,0.4,0,0,0,0.2,0.1,0,0,0,0,0,0,0,0,0,0,0,0,0,0,0,0,0,0,0,0,0,0,0,0,0,0,0,"NYG"
"15109",0,0,0,0,0,0,0,0,0,2,0,0,0,6.6,0,0,0,0,0,0,0,0,0,0,0,0.8,29,0,"Nick Westbrook-Ikhine","WR","3929785","ESPN","Nick","Westbrook-Ikhine","WR",32,15.4,166.5,0,0,1,0,0,0,0,0,0,0.3,0.1,1.9,0,0,243,0,0,0,0,0,0,0,0,0,0,0,0,0,0,0,0,0,0,0,0,0,0,0,0,0,0,0,0,0,0,0,0,0,0,0,0,0,0,0,0,"IND"
"15281",17,0,0,0,0,0,0,0,3.33333333333333,19,6.3,0,0.7,268.2,12.2,0,0,0,0,0,0,0,0,0,0,24.2,26,-1,"Ja'Marr Chase","WR","2966320","CBS","Ja'Marr","Chase","WR",186.333333333333,125.2,1561,91.2,12.1,11.675,0,0,0,0,0,0,14.7,9.4,31.3,0,0,0,0,0,0,0,0,4.9,3.7,0,0.9,1.4,1.7,1.1,0.4,0,0,0,0,0,0,0,0,0,0,0,0,0,0,0,0,0,0,0,0,0,0,0,0,0,0,0,"CIN"
"15282",17,0,0,0,0,0,0,0,0,0,0,0,0,174.066666666667,8.4,0,0,0,0,0,0,0,0,0,0,11,28,-1,"DeVonta Smith","WR","2866975","CBS","DeVonta","Smith","WR",127.1,88.125,1118.5,67.8,12.8,6,0,0,0,0,0,0,11.9,2.1,15.1,0,0,0,0,0,0,0,0,2,0,0,1.1,0,0.8,0.7,0.3,0,0,0,0,0,0,0,0,0,0,0,0,0,0,0,0,0,0,0,0,0,0,0,0,0,0,0,"PHI"
"15284",17,0,0,0,0,0,0,0,2.66666666666667,19,8.3,0,0,159.5,7.5,0,0,0,0,0,0,0,0,0,0,8.7,28,-1,"Jaylen Waddle","WR","2962110","CBS","Jaylen","Waddle","WR",113.366666666667,74.4,980.5,58.4,13.4,6.125,0,0,0,0,0,0,5.8,1.8,12.1,0,0,21,0,0,0,0,0,1.6,0.8,1.9,0.6,0.6,0,0.6,0.2,0,0,0,0,0,0,0,0,0,0,0,0,0,0,0,0,0,0,0,0,0,0,0,0,0,0,0,"DEN"
"15285",0,0,0,0,0,0,0,0,0,0,0,0,0,0.8,0,0,0,0,0,0,0,0,0,0,0,0.7,27,-1,"Wallace, Tylan","WR",NA,"FantasySharks","Tylan","Wallace","WR",5.9,0.6,8,0,0,0,0,0,0,0,0,0,0,0,0.7,0,0,43,0,0,0,0,0,0,0,0,0,0,0,0,0,0,0,0,0,0,0,0,0,0,0,0,0,0,0,0,0,0,0,0,0,0,0,0,0,0,0,0,"CLE"
"15287",17,0,0,0,0,0,0,0,2.33333333333333,9.5,2.7,0,0.25,237,11.5,0,0,0,0,0,0,0,0,0,0,28.1,27,-1,"Amon-Ra St. Brown","WR","2967690","CBS","Amon-Ra","St. Brown","WR",162.633333333333,116.75,1382.25,80.5,11.9,10.375,0,0,0,0,0,0,13.8,5,35.7,0,0,0,0,0,0,0,0,7,1.6,1,0.5,0,0.5,0.9,0.3,0,0,0,0,0,0,0,0,0,0,0,0,0,0,0,0,0,0,0,0,0,0,0,0,0,0,0,"DET"
"15288",0,0,0,0,0,0,0,0,0,9,0,0,0,6.8,0,0,0,0,0,0,0,0,0,0,0,0,26,-1,"Moore, Elijah","WR",NA,"FantasySharks","Elijah","Moore","WR",9.8,4.9,59,0,0,0,0,0,0,0,0,0,0.2,0.1,0,0,0,81,0,0,0,0,0,0,0,0,0,0,0,0,0,0,0,0,0,0,0,0,0,0,0,0,0,0,0,0,0,0,0,0,0,0,0,0,0,0,0,0,"PHI"
"15290",17,0,0,0,0,0,0,0,1.66666666666667,10,6.5,0.425,0.7,196.5,9.8,0,0,0,0,0,0,0,0,0,0,13.5,27,-1,"Nico Collins","WR","2878193","CBS","Nico","Collins","WR",134,81.65,1200.5,72.5,15,7.775,0,0,0,0,0,0,12,2.2,16.2,0,0,0,0,0,0,0,0,3.5,0.8,0.5,0.2,0,1.2,0.7,0.3,0,0,0,0,0,0,0,0,0,0,0,0,0,0,0,0,0,0,0,0,0,0,0,0,0,0,0,"HOU"
"15292",0,0,0,0,0,0,0,0,0,13,0,0,0,10.5,0,0,0,0,0,0,0,0,0,0,0,3.3,27,-1,"Dyami Brown","WR","4361577","ESPN","Dyami","Brown","WR",27.2,13.2,154.5,0,0,1,0,0,0,0,0,0,0.4,0.2,6.8,0,0,84,0,0,0,0,0,0,0,0,0,0,0,0.1,0,0,0,0,0,0,0,0,0,0,0,0,0,0,0,0,0,0,0,0,0,0,0,0,0,0,0,0,"WAS"
"15293",17,0,0,0,0,0,0,0,0,0,0,0,0,88.95,6.4,0,0,0,0,0,0,0,0,0,0,7.7,27,-1,"Rashod Bateman","WR","2960940","CBS","Rashod","Bateman","WR",63.6666666666667,35.8333333333333,538.333333333333,37.1,14.7,6.03333333333333,0,0,0,0,0,0,1.5,0.7,9.8,0,0,0,0,0,0,0,0,2.2,1.6,0.1,0.7,0.5,0,0.2,0.1,0,0,0,0,0,0,0,0,0,0,0,0,0,0,0,0,0,0,0,0,0,0,0,0,0,0,0,"BAL"
"15301",0,0,0,0,0,0,0,0,3.5,17.3333333333333,0,0,0,72.6,0,0,0,0,0,0,0,0,0,0,0,1.2,27,-1,"Tutu Atwell","WR","4360797","ESPN","Tutu","Atwell","WR",37.6,27.3666666666667,364.333333333333,0,0,1,0,0,0,0,0,0,0.8,0.4,4.8,0,0,151,0,0,0,0,0,0,0,0,0,0,0,0.1,0.1,0,0,0,0,0,0,0,0,0,0,0,0,0,0,0,0,0,0,0,0,0,0,0,0,0,0,0,"MIA"
"15302",0,0,0,0,0,0,0,0,0,0,0,0,0,2.5,0,0,0,0,0,0,0,0,0,0,0,0,29,-1,"Eskridge, Dee","WR",NA,"FantasySharks","Dee","Eskridge","WR",6,2.3,25,0,0,0,0,0,0,0,0,0,0.1,0.1,0,0,0,681,0,0,0,0,0,0,0,0,0,0,0,0,0,0,0,0,0,0,0,0,0,0,0,0,0,0,0,0,0,0,0,0,0,0,0,0,0,0,0,0,"MIA"
"15319",17,0,0,0,0,0,0,0,0,0,0,0,0,47.2,3,0,0,0,0,0,0,0,0,0,0,4.9,27,-1,"Josh Palmer","WR","2867325","CBS","Joshua","Palmer","WR",45.5666666666667,26.9666666666667,349.333333333333,28.2,13.7,1.36666666666667,0,0,0,0,0,0,1.5,0.7,8.5,0,0,24,0,0,0,0,0,0.8,0.2,0,0,0,0,0.2,0.1,0,0,0,0,0,0,0,0,0,0,0,0,0,0,0,0,0,0,0,0,0,0,0,0,0,0,0,"BUF"
"15491",0,0,0,0,0,0,0,0,0,0,0,0,0,13.4,0,0,0,0,0,0,0,0,0,0,0,0,29,-1,"Skowronek, Ben","WR",NA,"FantasySharks","Ben","Skowronek","WR",12.4,8.7,134,0,0,0,0,0,0,0,0,0,0.5,0.3,0,0,0,22,0,0,0,0,0,0,0,0,0,0,0,0.1,0,0,0,0,0,0,0,0,0,0,0,0,0,0,0,0,0,0,0,0,0,0,0,0,0,0,0,0,"PIT"
"15535",0,0,0,0,0,0,0,0,0,0,0,0,0,3.8,0,0,0,0,0,0,0,0,0,0,0,0,28,0,"Kinsey, Mason","WR",NA,"FantasySharks","Mason","Kinsey","WR",3.5,3.4,38,0,0,0,0,0,0,0,0,0,0.2,0.1,0,0,0,0,0,0,0,0,0,0,0,0,0,0,0,0,0,0,0,0,0,0,0,0,0,0,0,0,0,0,0,0,0,0,0,0,0,0,0,0,0,0,0,0,"TEN"
"15589",0,0,0,0,0,0,0,0,0,0,0,0,0,6.1,0,0,0,0,0,0,0,0,0,0,0,0.4,28,0,"White, Cody","WR",NA,"FantasySharks","Cody","White","WR",2.3,2,39,0,0,0.4,0,0,0,0,0,0,0.2,0.1,0,0,0,139,0,0,0,0,0,0,0,0,0,0,0.4,0,0,0,0,0,0,0,0,0,0,0,0,0,0,0,0,0,0,0,0,0,0,0,0,0,0,0,0,0,"SEA"
"15751",17,0,0,0,0,0,0,0,0,-0.433333333333333,0,0,0.7,220.266666666667,12.7,0,0,0,0,0,0,0,0,0,0,17.5,25,-2,"Drake London","WR","3127902","CBS","Drake","London","WR",155.366666666667,97.125,1260.5,83.8,13.7,9.7,0,0,0,0,0,0,12,2.2,22.1,0,0,0,0,0,0,0,0,4.3,2.4,0.3,0.4,0.4,0,0.7,0.3,0,0,0,0,0,0,0,0,0,0,0,0,0,0,0,0,0,0,0,0,0,0,0,0,0,0,0,"ATL"
"15752",0,0,0,0,0,0,0,0,0,2,0,0,0.2,15.7,0,0,0,0,0,0,0,0,0,0,0,3.4,26,-2,"Treylon Burks","WR","4567156","ESPN","Treylon","Burks","WR",25.25,12.15,174,0,0,0.75,0,0,0,0,0,0,0.5,0.3,3.4,0,0,98,0,0,0,0,0,0.5,0,0,0,0,0,0.1,0,0,0,0,0,0,0,0,0,0,0,0,0,0,0,0,0,0,0,0,0,0,0,0,0,0,0,0,"WAS"
"15753",17,0,0,0,0,0,0,0,2,5.75,2,0,0.85,177.233333333333,8.2,0,0,0,0,0,0,0,0,0,0,13,26,-2,"Garrett Wilson","WR","3123864","CBS","Garrett","Wilson","WR",136.9,91.95,1038,56.2,10.7,7.25,0,0,0,0,0,0,11,1.7,14.3,0,0,84,0,0,0,0,0,2.4,1.7,2.6,0.7,0,0.6,0.6,0.2,0,0,0,0,0,0,0,0,0,0,0,0,0,0,0,0,0,0,0,0,0,0,0,0,0,0,0,"NYJ"
"15754",17,0,0,0,0,0,0,0,0.5,-0.366666666666667,0,0,0,199.266666666667,10.3,0,0,0,0,0,0,0,0,0,0,11.2,26,-2,"Chris Olave","WR","2963666","CBS","Chris","Olave","WR",139.5,91.55,1151.25,72.8,12.6,8.225,0,0,0,0,0,0,10.6,1.9,12.2,0,0,11,0,0,0,0,0,0.8,3.5,1.2,0.5,0.2,0.8,0.6,0.2,0,0,0,0,0,0,0,0,0,0,0,0,0,0,0,0,0,0,0,0,0,0,0,0,0,0,0,"NO"
"15755",0,0,0,0,0,0,0,0,2,7.5,0,0,0,87.15,0,0,0,0,0,0,0,0,0,0,0,2.8,26,-2,"Jahan Dotson","WR","4361409","ESPN","Jahan","Dotson","WR",50.65,35.0333333333333,431.333333333333,0,0,2.13333333333333,0,0,0,0,0,0,1.1,0.5,6.7,0,0,41,0,0,0,0,0,0.4,0,0,0,0,0,0.2,0.1,0,0,0,0,0,0,0,0,0,0,0,0,0,0,0,0,0,0,0,0,0,0,0,0,0,0,0,"ATL"
"15756",17,0,0,0,0,0,0,0,7,48,5.6,0.7,0,180.133333333333,8.8,0,0,0,0,0,0,0,0,0,0,12.2,25,-2,"Jameson Williams","WR","3125968","CBS","Jameson","Williams","WR",98.3,64.125,1074.75,63.6,17.2,6.85,0,0,0,0,0,0,11.6,2,10,0,0,0,0,0,0,0,0,0.6,0.6,0.9,1.7,1.5,1.3,0.7,0.3,0,0,0,0,0,0,0,0,0,0,0,0,0,0,0,0,0,0,0,0,0,0,0,0,0,0,0,"DET"
"15757",17,0,0,0,0,0,0,0,3.33333333333333,14,3,0,0,145.8,5.5,0,0,0,0,0,0,0,0,0,0,9.3,25,-2,"Wan'Dale Robinson","WR","3124107","CBS","Wan'Dale","Robinson","WR",117.233333333333,82.625,862,46.9,9.5,3.85,0,0,0,0,0,0,6.7,1.4,11.4,0,0,92,0,0,0,0,0,0,1.2,0,1.2,0,0,0.5,0.2,0,0,0,0,0,0,0,0,0,0,0,0,0,0,0,0,0,0,0,0,0,0,0,0,0,0,0,"TEN"
"15759",0,0,0,0,0,0,0,0,0,-2.1,0,0,0,13.9,0,0,0,0,0,0,0,0,0,0,0,2.3,26,-2,"Metchie, John","WR",NA,"FantasySharks","John","Metchie","WR",26.8,17.8,136,0,0,0.1,0,0,0,0,0,0,0.5,0.3,3.2,0,0,61,0,0,0,0,0,0,0.1,0,0,0,0,0.1,0,0,0,0,0,0,0,0,0,0,0,0,0,0,0,0,0,0,0,0,0,0,0,0,0,0,0,0,"CAR"
"15761",17,0,0,0,0,0,0,0,1.33333333333333,6.75,4,0,0.9,109.833333333333,4.6,0,0,0,0,0,0,0,0,0,0,6.9,26,-2,"Khalil Shakir","WR","2969119","CBS","Khalil","Shakir","WR",90.7,69.6,714.25,38.1,9.7,3.525,0,0,0,0,0,0,6.8,1.4,12.7,0,0,0,0,0,0,0,0,0,0.9,0,0,0.4,0.8,0.5,0.2,0,0,0,0,0,0,0,0,0,0,0,0,0,0,0,0,0,0,0,0,0,0,0,0,0,0,0,"BUF"
"15762",17,0,0,0,0,0,0,0,0.5,0,-1,0,0,210.566666666667,11.2,0,0,0,0,0,0,0,0,0,0,16.6,25,-2,"George Pickens","WR","3123212","CBS","George","Pickens","WR",130.966666666667,84.775,1252.25,81.6,14.8,8.625,0,0,0,0,0,0,12.4,2.3,21.8,0,0,17,0,0,0,0,0,2.3,0.8,0.2,2.4,0.6,0.2,0.8,0.3,0,0,0,0,0,0,0,0,0,0,0,0,0,0,0,0,0,0,0,0,0,0,0,0,0,0,0,"DAL"
"15765",0,0,0,0,0,0,0,0,0,0,0,0,0,19.9,0,0,0,0,0,0,0,0,0,0,0,1.5,26,-2,"Austin, Kevin","WR",NA,"FantasySharks","Kevin","Austin","WR",41.7,16.7,184,0,0,0.2,0,0,0,0,0,0,0.7,0.4,2.7,0,0,0,0,0,0,0,0,0,0.2,0,0,0,0,0.1,0.1,0,0,0,0,0,0,0,0,0,0,0,0,0,0,0,0,0,0,0,0,0,0,0,0,0,0,0,"NOS"
"15766",0,0,0,0,0,0,0,0,0,2,0,0,0,0.8,0,0,0,0,0,0,0,0,0,0,0,0,26,-2,"Moore, Skyy","WR",NA,"FantasySharks","Skyy","Moore","WR",2.6,0.5,5,0,0,0,0,0,0,0,0,0,0,0,0,0,0,193,0,0,0,0,0,0,0,0,0,0,0,0,0,0,0,0,0,0,0,0,0,0,0,0,0,0,0,0,0,0,0,0,0,0,0,0,0,0,0,0,"GBP"
"15767",0,0,0,0,0,0,0,0,0,7,0,0,0,0.7,0,0,0,0,0,0,0,0,0,0,0,0,29,-2,"Jones, Velus","WR",NA,"FantasySharks","Velus","Jones","WR",0,0,0,0,0,0,0,0,0,0,0,0,0,0,0,0,0,137,0,0,0,0,0,0,0,0,0,0,0,0,0,0,0,0,0,0,0,0,0,0,0,0,0,0,0,0,0,0,0,0,0,0,0,0,0,0,0,0,"SEA"
"15768",17,0,0,0,0,0,0,0,0,0,0,0,0.15,168.533333333333,9.1,0,0,0,0,0,0,0,0,0,0,13.4,26,-2,"Alec Pierce","WR","2965664","CBS","Alec","Pierce","WR",100.066666666667,56.85,996.75,63.2,19.2,8.2,0,0,0,0,0,0,9.2,1.6,11.1,0,0,0,0,0,0,0,0,3.4,2.2,2,0.9,0.5,0.9,0.5,0.2,0,0,0,0,0,0,0,0,0,0,0,0,0,0,0,0,0,0,0,0,0,0,0,0,0,0,0,"IND"
"15777",17,0,0,0,0,0,0,0,0.5,2,0,0,0,64.9333333333333,3.5,0,0,0,0,0,0,0,0,0,0,2.3,27,-2,"Calvin Austin III","WR","2866214","CBS","Calvin","Austin III","WR",32.6333333333333,23.7,306.25,26.5,13.6,1.975,0,0,0,0,0,0,0.7,0.3,1.4,0,0,192,0,0,0,0,0,0,0.5,0.3,0,0,0,0.1,0,0,0,0,0,0,0,0,0,0,0,0,0,0,0,0,0,0,0,0,0,0,0,0,0,0,0,0,"NYG"
"15779",17,0,0,0,0,0,0,0,0,0,0,0,0,124.9,5.5,0,0,0,0,0,0,0,0,0,0,7.7,26,-2,"Romeo Doubs","WR","2961886","CBS","Romeo","Doubs","WR",77.7666666666667,56.75,722.25,41.9,13,5.35,0,0,0,0,0,0,2.8,1.2,10.7,0,0,7,0,0,0,0,0,1.9,0.9,0,1.4,0,0.3,0.4,0.1,0,0,0,0,0,0,0,0,0,0,0,0,0,0,0,0,0,0,0,0,0,0,0,0,0,0,0,"NE"
"15785",0,0,0,0,0,0,0,0,4,36,0,0,0.4,13.7,0,0,0,0,0,0,0,0,0,0,0,1.9,27,-2,"Bo Melton","WR","4259305","ESPN","Bo","Melton","WR",13.45,6.95,69,0,0,0,0,0,0,0,0,0,0.4,0.2,2.3,0,0,87,0,0,0,0,0,0,0,0,0,0,0,0.1,0,0,0,0,0,0,0,0,0,0,0,0,0,0,0,0,0,0,0,0,0,0,0,0,0,0,0,0,"GB"
"15786",17,0,0,0,0,0,0,0,2,10.5,3,0,0,106.3,5,0,0,0,0,0,0,0,0,0,0,6.8,27,-2,"Jalen Nailor","WR","2967232","CBS","Jalen","Nailor","WR",69.6333333333333,44.9,594,33.8,13.4,4.325,0,0,0,0,0,0,1.5,0.7,9.2,0,0,0,0,0,0,0,0,2,0,1.3,0,0,0,0.2,0.1,0,0,0,0,0,0,0,0,0,0,0,0,0,0,0,0,0,0,0,0,0,0,0,0,0,0,0,"LV"
"15787",17,0,0,0,0,0,0,0,0,2,0,0,0,69.8,4.3,0,0,0,0,0,0,0,0,0,0,6.3,26,-2,"Tyquan Thornton","WR","2965066","CBS","Tyquan","Thornton","WR",50.4333333333333,26.6333333333333,464.666666666667,33.8,21.3,3.43333333333333,0,0,0,0,0,0,1.8,0.9,5.4,0,0,180,0,0,0,0,0,1.3,1.5,0,0,0.6,0,0.3,0.1,0,0,0,0,0,0,0,0,0,0,0,0,0,0,0,0,0,0,0,0,0,0,0,0,0,0,0,"KC"
"15788",0,0,0,0,0,0,0,0,0,8.5,0,0.45,0.4,113.15,0,0,0,0,0,0,0,0,0,0,0,7.9,27,-2,"Jalen Tolbert","WR","4249417","ESPN","Jalen","Tolbert","WR",60.25,44.5333333333333,528.333333333333,0,0,3.06666666666667,0,0,0,0,0,0,1.6,0.8,8.8,0,0,364,0,0,0,0,0,1.5,0,0,0.7,0,0,0.3,0.1,0,0,0,0,0,0,0,0,0,0,0,0,0,0,0,0,0,0,0,0,0,0,0,0,0,0,0,"MIA"
"15789",17,0,0,0,0,0,0,0,3,14.75,3.7,0,0.35,159.766666666667,7.9,0,0,0,0,0,0,0,0,0,0,10.9,27,-2,"Christian Watson","WR","2869806","CBS","Christian","Watson","WR",87.2333333333333,56.8,909.75,55.5,17.5,7.75,0,0,0,0,0,0,10,1.8,10.4,0,0,8,0,0,0,0,0,1.9,1.3,1.2,1.8,1,0.8,0.6,0.2,0,0,0,0,0,0,0,0,0,0,0,0,0,0,0,0,0,0,0,0,0,0,0,0,0,0,0,"GB"
"15981",0,0,0,0,0,0,0,0,18,94,0,0,0.4,43.7,0,0,0,0,0,0,0,0,0,0,0,2.6,30,-2,"KaVontae Turpin","WR","3676833","ESPN","KaVontae","Turpin","WR",33.15,19.65,262.5,0,0,1.55,0,0,0,0,0,0,1.2,0.6,4.4,0,0,1251,0,0,0,0,0,0,0.5,0,0,0,0.6,0.2,0.1,0,0,0,0,0,0,0,0,0,0,0,0,0,0,0,0,0,0,0,0,0,0,0,0,0,0,0,"DAL"
"16005",0,0,0,0,0,0,0,0,0,0,0,0,0,0.4,0,0,0,0,0,0,0,0,0,0,0,0,28,-1,"Jones, Tim","WR",NA,"FantasySharks","Tim","Jones","WR",0.3,0.3,4,0,0,0,0,0,0,0,0,0,0,0,0,0,0,26,0,0,0,0,0,0,0,0,0,0,0,0,0,0,0,0,0,0,0,0,0,0,0,0,0,0,0,0,0,0,0,0,0,0,0,0,0,0,0,0,"JAC"
"16080",17,0,0,0,0,0,0,0,11.6666666666667,81,7,0.25,0.8,121.5,6.1,0,0,0,0,0,0,0,0,0,0,1.8,28,-2,"Rashid Shaheed","WR","2250863","CBS","Rashid","Shaheed","WR",77.9,50.775,720.5,50.9,15.2,3.45,0,0,0,0,0,0,1.8,0.9,7.3,0,0,602,0,0,0,0,0,0,0.5,0,0,0,0.3,0.3,0.1,0,0,0,0,0,0,0,0,0,0,0,0,0,0,0,0,0,0,0,0,0,0,0,0,0,0,0,"SEA"
"16183",0,0,0,0,0,0,0,0,0,0,0,0,0,3.5,0,0,0,0,0,0,0,0,0,0,0,0,25,-3,"Hyatt, Jalin","WR",NA,"FantasySharks","Jalin","Hyatt","WR",16.7,5.2,35,0,0,0,0,0,0,0,0,0,0.1,0.1,0.9,0,0,119,0,0,0,0,0,0,0,0,0,0,0,0,0,0,0,0,0,0,0,0,0,0,0,0,0,0,0,0,0,0,0,0,0,0,0,0,0,0,0,0,"NYG"
"16184",17,0,0,0,0,0,0,0,11,81.5,8,0,0.3,128.433333333333,5.9,0,0,0,0,0,0,0,0,0,0,5.8,26,-3,"Jayden Reed","WR","2967762","CBS","Jayden","Reed","WR",75.9,58.525,726.5,43,12.2,4.675,0,0,0,0,0,0,2.1,1,9.6,0,0,0,0,0,0,0,0,0.2,1.9,0.2,0,0,0.4,0.3,0.1,0,0,0,0,0,0,0,0,0,0,0,0,0,0,0,0,0,0,0,0,0,0,0,0,0,0,0,"GB"
"16185",17,0,0,0,0,0,0,0,5.66666666666667,28.5,5.1,0,0.8,255.5,12.9,0,0,0,0,0,0,0,0,0,0,15.6,24,-3,"Jaxon Smith-Njigba","WR","3162959","CBS","Jaxon","Smith-Njigba","WR",160.4,112.775,1552.5,95.2,14.6,10.375,0,0,0,0,0,0,14.6,8.6,21.5,0,0,0,0,0,0,0,0,3.7,3.5,0.9,0,0.6,0.8,1,0.4,0,0,0,0,0,0,0,0,0,0,0,0,0,0,0,0,0,0,0,0,0,0,0,0,0,0,0,"SEA"
"16186",17,0,0,0,0,0,0,0,2.66666666666667,35,26,0.525,0,138.866666666667,6.5,0,0,0,0,0,0,0,0,0,0,12.9,24,-3,"Jordan Addison","WR","3162290","CBS","Jordan","Addison","WR",88.8666666666667,55.925,769.75,43.2,14.7,5.5,0,0,0,0,0,0,3.2,1.2,12.1,0,0,0,0,0,0,0,0,1.7,1.4,0.4,0,0.5,0,0.4,0.2,0,0,0,0,0,0,0,0,0,0,0,0,0,0,0,0,0,0,0,0,0,0,0,0,0,0,0,"MIN"
"16187",17,0,0,0,0,0,0,0,2,5.375,1,0,0.5,133.333333333333,5.8,0,0,0,0,0,0,0,0,0,0,7.6,25,-3,"Josh Downs","WR","3162970","CBS","Josh","Downs","WR",113.833333333333,75.875,784.5,42.1,9.2,4.625,0,0,0,0,0,0,7.7,1.6,13.1,0,0,0,0,0,0,0,0,1.9,1.8,0.8,0,0,0,0.5,0.2,0,0,0,0,0,0,0,0,0,0,0,0,0,0,0,0,0,0,0,0,0,0,0,0,0,0,0,"IND"
"16188",17,0,0,0,0,0,0,0,2.33333333333333,7.5,2.3,0,0.75,138.4,7.2,0,0,0,0,0,0,0,0,0,0,11.4,25,-3,"Quentin Johnston","WR","3162609","CBS","Quentin","Johnston","WR",92.0333333333333,56.75,758,46.3,13.6,7,0,0,0,0,0,0,2.3,1.2,14.3,0,0,51,0,0,0,0,0,1.8,2.9,1.3,0.5,0,0.5,0.4,0.1,0,0,0,0,0,0,0,0,0,0,0,0,0,0,0,0,0,0,0,0,0,0,0,0,0,0,0,"LAC"
"16189",0,0,0,0,0,0,0,0,8,58,0,0.4,0,52.8,0,0,0,0,0,0,0,0,0,0,0,3.3,24,-3,"Marvin Mims Jr.","WR","4686472","ESPN","Marvin","Mims","WR",44,30.85,317.5,0,0,1.4,0,0,0,0,0,0,1.5,0.7,3.6,0,0,409,0,0,0,0,0,0.3,0,0.5,0,0,0,0.2,0.1,0,0,0,0,0,0,0,0,0,0,0,0,0,0,0,0,0,0,0,0,0,0,0,0,0,0,0,"DEN"
"16190",17,0,0,0,0,0,0,0,9.66666666666667,56.25,6,0.425,1.7,189.6,9.6,0,0,0,0,0,0,0,0,0,0,10.8,26,-3,"Zay Flowers","WR","3127049","CBS","Zay","Flowers","WR",112.866666666667,81.85,1170.25,70.1,14.2,6.4,0,0,0,0,0,0,11.4,2.1,9.7,0,0,0,0,0,0,0,0,0.4,1.5,1.1,0,0,1.5,0.7,0.3,0,0,0,0,0,0,0,0,0,0,0,0,0,0,0,0,0,0,0,0,0,0,0,0,0,0,0,"BAL"
"16191",17,0,0,0,0,0,0,0,0,7.5,0,0,0,42.15,3.5,0,0,0,0,0,0,0,0,0,0,3.8,26,-3,"Cedric Tillman","WR","2962120","CBS","Cedric","Tillman","WR",48.9,24.95,313.5,25.7,12.9,2.4,0,0,0,0,0,0,0.8,0.4,5.8,0,0,31,0,0,0,0,0,0.1,0.6,0,0,0,0,0.1,0.1,0,0,0,0,0,0,0,0,0,0,0,0,0,0,0,0,0,0,0,0,0,0,0,0,0,0,0,"CLE"
"16192",17,0,0,0,0,0,0,0,6.66666666666667,20,0.3,0.075,0.15,160.866666666667,7.4,0,0,0,0,0,0,0,0,0,0,14.5,24,-3,"Parker Washington","WR","3168820","CBS","Parker","Washington","WR",111.533333333333,69.3,928.5,54.5,14.9,6.2,0,0,0,0,0,0,9.4,1.8,20.3,0,0,65,0,0,0,0,0,4.2,1.5,0.7,0.3,0,0,0.6,0.2,0,0,0,0,0,0,0,0,0,0,0,0,0,0,0,0,0,0,0,0,0,0,0,0,0,0,0,"JAC"
"16193",17,0,0,0,0,0,0,0,0,-0.766666666666667,0,0,0,121.633333333333,5.1,0,0,0,0,0,0,0,0,0,0,7.1,24,-3,"Kayshon Boutte","WR","3163170","CBS","Kayshon","Boutte","WR",53.2,40.675,622.25,34.6,16.4,4.825,0,0,0,0,0,0,2.7,1.3,5,0,0,44,0,0,0,0,0,0.6,0.6,0.5,2.5,0.6,0.4,0.4,0.2,0,0,0,0,0,0,0,0,0,0,0,0,0,0,0,0,0,0,0,0,0,0,0,0,0,0,0,"NE"
"16194",17,0,0,0,0,0,0,0,6.66666666666667,36,4.3,1.075,0,198.933333333333,11.1,0,0,0,0,0,0,0,0,0,0,25.4,26,-3,"Rashee Rice","WR","3124978","CBS","Rashee","Rice","WR",136.9,93.075,1047,61.8,10,9.65,0,0,0,0,0,0,11,1.9,25,0,0,11,0,0,0,0,0,5,1.3,1.1,0,0.2,0,0.6,0.2,0,0,0,0,0,0,0,0,0,0,0,0,0,0,0,0,0,0,0,0,0,0,0,0,0,0,0,"KC"
"16195",0,0,0,0,0,0,0,0,1,2.5,0,0,0,68.9,0,0,0,0,0,0,0,0,0,0,0,4.7,25,-3,"Dontayvion Wicks","WR","4428850","ESPN","Dontayvion","Wicks","WR",63.95,37.5,425.333333333333,0,0,1.66666666666667,0,0,0,0,0,0,1.6,0.8,5.8,0,0,99,0,0,0,0,0,0,0,0,0,0,0,0.3,0.1,0,0,0,0,0,0,0,0,0,0,0,0,0,0,0,0,0,0,0,0,0,0,0,0,0,0,0,"PHI"
"16197",0,0,0,0,0,0,0,0,0,0,0,0,0,4.4,0,0,0,0,0,0,0,0,0,0,0,1.1,25,-3,"Mingo, Jonathan","WR",NA,"FantasySharks","Jonathan","Mingo","WR",25,4.9,44,0,0,0,0,0,0,0,0,0,0.2,0.1,4,0,0,0,0,0,0,0,0,0,0,0,0,0,0,0,0,0,0,0,0,0,0,0,0,0,0,0,0,0,0,0,0,0,0,0,0,0,0,0,0,0,0,0,"DAL"
"16201",0,0,0,0,0,0,0,0,2,16.5,0,0,0,47.3,0,0,0,0,0,0,0,0,0,0,0,6.1,26,-3,"Xavier Hutchinson","WR","4686422","ESPN","Xavier","Hutchinson","WR",41.75,21.55,247.5,0,0,1.4,0,0,0,0,0,0,1.4,0.7,7.3,0,0,184,0,0,0,0,0,0.6,0.8,0,0.1,0.2,0,0.2,0.1,0,0,0,0,0,0,0,0,0,0,0,0,0,0,0,0,0,0,0,0,0,0,0,0,0,0,0,"HOU"
"16204",17,0,0,0,0,0,0,0,9.33333333333333,39.25,4.4,0,0.2,105.866666666667,6.1,0,0,0,0,0,0,0,0,0,0,1.9,27,-3,"Tank Dell","WR","2963970","CBS","Tank","Dell","WR",76.4,47.525,631.25,47,12.9,3.3,0,0,0,0,0,0,2.2,1.1,3.2,0,0,171,0,0,0,0,0,0,0,0,0.2,0,0,0.4,0.1,0,0,0,0,0,0,0,0,0,0,0,0,0,0,0,0,0,0,0,0,0,0,0,0,0,0,0,"HOU"
"16206",17,0,0,0,0,0,0,0,0,1.66666666666667,0,0,0.2,160.266666666667,6.2,0,0,0,0,0,0,0,0,0,0,11.9,26,-3,"Michael Wilson","WR","2965181","CBS","Michael","Wilson","WR",114.866666666667,74.075,932,46.9,12.1,5.6,0,0,0,0,0,0,11.9,1.8,15.9,0,0,0,0,0,0,0,0,0.5,2.8,0,1.7,1.4,0,0.6,0.2,0,0,0,0,0,0,0,0,0,0,0,0,0,0,0,0,0,0,0,0,0,0,0,0,0,0,0,"ARI"
"16207",17,0,0,0,0,0,0,0,2.33333333333333,10,3.7,0,0,71.2333333333333,3.3,0,0,0,0,0,0,0,0,0,0,6.8,27,-3,"Andrei Iosivas","WR","2966908","CBS","Andrei","Iosivas","WR",49.3333333333333,30.375,389.25,27.6,13.4,2.6,0,0,0,0,0,0,1.5,0.8,7.1,0,0,17,0,0,0,0,0,1.4,0.4,0.6,0,0,0,0.3,0.1,0,0,0,0,0,0,0,0,0,0,0,0,0,0,0,0,0,0,0,0,0,0,0,0,0,0,0,"CIN"
"16211",17,0,0,0,0,0,0,0,14,97.5,7.3,1.175,0.8,269.466666666667,13.4,0,0,0,0,0,0,0,0,0,0,21.8,25,-3,"Puka Nacua","WR","3121687","CBS","Puka","Nacua","WR",173.133333333333,122.15,1605.25,99.9,13.2,9.7,0,0,0,0,0,0,14.3,8.9,20.1,0,0,0,0,0,0,0,0,3.1,2.1,1.1,2,0.4,0,1,0.4,0,0,0,0,0,0,0,0,0,0,0,0,0,0,0,0,0,0,0,0,0,0,0,0,0,0,0,"LAR"
"16287",17,0,0,0,0,0,0,0,10.6666666666667,49.75,4,0,0,101.033333333333,4.9,0,0,0,0,0,0,0,0,0,0,7.6,25,-3,"Tre Tucker","WR","3121848","CBS","Tre","Tucker","WR",83,48.625,613,36.1,11.8,3.775,0,0,0,0,0,0,2.2,1.1,8.5,0,0,4,0,0,0,0,0,0.8,0.9,0.7,0,0,0.7,0.4,0.1,0,0,0,0,0,0,0,0,0,0,0,0,0,0,0,0,0,0,0,0,0,0,0,0,0,0,0,"LV"
"16299",0,0,0,0,0,0,0,0,2,3.8,0,0,0,12.1,0,0,0,0,0,0,0,0,0,0,0,3.2,26,-3,"Derius Davis","WR","4362477","ESPN","Derius","Davis","WR",7.35,4.1,45,0,0,0.6,0,0,0,0,0,0,0.2,0.1,3,0,0,487,0,0,0,0,0,0,1,0.2,0,0,0,0,0,0,0,0,0,0,0,0,0,0,0,0,0,0,0,0,0,0,0,0,0,0,0,0,0,0,0,0,"LAC"
"16342",0,0,0,0,0,0,0,0,4,17,0,0,0,48,0,0,0,0,0,0,0,0,0,0,0,3.4,26,-3,"DeMario Douglas","WR","4427095","ESPN","Demario","Douglas","WR",33.1,22.75,305.5,0,0,2.05,0,0,0,0,0,0,1.4,0.7,2.3,0,0,80,0,0,0,0,0,0,0.1,0.6,0.5,0,0.9,0.2,0.1,0,0,0,0,0,0,0,0,0,0,0,0,0,0,0,0,0,0,0,0,0,0,0,0,0,0,0,"NE"
"16364",0,0,0,0,0,0,0,0,0,0,0,0,0,4.8,0,0,0,0,0,0,0,0,0,0,0,0,26,-3,"Brooks, Jalen","WR",NA,"FantasySharks","Jalen","Brooks","WR",5.7,2.9,48,0,0,0,0,0,0,0,0,0,0.2,0.1,0,0,0,237,0,0,0,0,0,0,0,0,0,0,0,0,0,0,0,0,0,0,0,0,0,0,0,0,0,0,0,0,0,0,0,0,0,0,0,0,0,0,0,0,"ARI"
"16393",0,0,0,0,0,0,0,0,0,0,0,0,0,10.6,0,0,0,0,0,0,0,0,0,0,0,0.2,28,-3,"Bobo, Jake","WR",NA,"FantasySharks","Jake","Bobo","WR",8.2,8.2,92,0,0,0.2,0,0,0,0,0,0,0.4,0.2,0.2,0,0,24,0,0,0,0,0,0.2,0,0,0,0,0,0.1,0,0,0,0,0,0,0,0,0,0,0,0,0,0,0,0,0,0,0,0,0,0,0,0,0,0,0,0,"SEA"
"16403",0,0,0,0,0,0,0,0,0,0,0,0,0,15.2,0,0,0,0,0,0,0,0,0,0,0,3.1,27,-3,"Tinsley, Mitchell","WR",NA,"FantasySharks","Mitchell","Tinsley","WR",19.5,5.3,82,0,0,1.2,0,0,0,0,0,0,0.3,0.2,4.2,0,0,217,0,0,0,0,0,0,1.2,0,0,0,0,0.1,0,0,0,0,0,0,0,0,0,0,0,0,0,0,0,0,0,0,0,0,0,0,0,0,0,0,0,0,"CIN"
"16422",0,0,0,0,0,0,0,0,0,0,0,0,0,9.9,0,0,0,0,0,0,0,0,0,0,0,0.8,27,-3,"Remigio, Nikko","WR",NA,"FantasySharks","Nikko","Remigio","WR",7.7,3.4,67,0,0,0.5,0,0,0,0,0,0,0.3,0.1,0.5,0,0,705,0,0,0,0,0,0,0.3,0,0,0.3,0,0,0,0,0,0,0,0,0,0,0,0,0,0,0,0,0,0,0,0,0,0,0,0,0,0,0,0,0,0,"KCC"
"16428",0,0,0,0,0,0,0,0,0,0,0,0,0,25.7,0,0,0,0,0,0,0,0,0,0,0,1.5,29,-3,"Xavier Smith","WR","4386544","ESPN","Xavier","Smith","WR",17.55,10.55,150.5,0,0,0,0,0,0,0,0,0,1,0.5,3.8,0,0,117,0,0,0,0,0,0,0,0,0,0,0,0.2,0.1,0,0,0,0,0,0,0,0,0,0,0,0,0,0,0,0,0,0,0,0,0,0,0,0,0,0,0,"LAR"
"16429",0,0,0,0,0,0,0,0,0,0,0,0,0,2.6,0,0,0,0,0,0,0,0,0,0,0,0.2,26,-3,"Drummond, Dylan","WR",NA,"FantasySharks","Dylan","Drummond","WR",7.3,4.3,26,0,0,0,0,0,0,0,0,0,0.1,0.1,0.7,0,0,382,0,0,0,0,0,0,0,0,0,0,0,0,0,0,0,0,0,0,0,0,0,0,0,0,0,0,0,0,0,0,0,0,0,0,0,0,0,0,0,0,"ATL"
"16451",0,0,0,0,0,0,0,0,0,0,0,0,0,31.1,0,0,0,0,0,0,0,0,0,0,0,1.8,27,-3,"Tyrell Shavers","WR","4241476","ESPN","Tyrell","Shavers","WR",12.2,8.1,137.5,0,0,0.75,0,0,0,0,0,0,0.9,0.4,0.7,0,0,44,0,0,0,0,0,0.4,0,0,0,0.2,0.9,0.1,0.1,0,0,0,0,0,0,0,0,0,0,0,0,0,0,0,0,0,0,0,0,0,0,0,0,0,0,0,"BUF"
"16533",0,0,0,0,0,0,0,0,0,0,0,0,0,7.1,0,0,0,0,0,0,0,0,0,0,0,0.4,27,-3,"Jackson, Shedrick","WR",NA,"FantasySharks","Shedrick","Jackson","WR",7.6,4,46,0,0,0.4,0,0,0,0,0,0,0.2,0.1,0,0,0,0,0,0,0,0,0,0,0,0.4,0,0,0,0,0,0,0,0,0,0,0,0,0,0,0,0,0,0,0,0,0,0,0,0,0,0,0,0,0,0,0,0,"LVR"
"16614",17,0,0,0,0,0,0,0,0,0,0,0,0.2,152.933333333333,7.5,0,0,0,0,0,0,0,0,0,0,9,24,-4,"Marvin Harrison Jr.","WR","26701883","CBS","Marvin","Harrison Jr.","WR",119.233333333333,66.775,932.75,55.8,13.8,6.125,0,0,0,0,0,0,8.9,1.5,13.5,0,0,0,0,0,0,0,0,2.2,2.3,0.4,0,0.5,0,0.5,0.2,0,0,0,0,0,0,0,0,0,0,0,0,0,0,0,0,0,0,0,0,0,0,0,0,0,0,0,"ARI"
"16615",17,0,0,0,0,0,0,0,4,11.5,0.5,0,0,185.833333333333,9.2,0,0,0,0,0,0,0,0,0,0,13.7,23,-4,"Malik Nabers","WR","26697761","CBS","Malik","Nabers","WR",134.333333333333,86.25,1066.25,58.5,13.6,8.05,0,0,0,0,0,0,10.9,2,12.3,0,0,0,0,0,0,0,0,1.1,0.4,0.8,1.6,0.8,0.6,0.7,0.2,0,0,0,0,0,0,0,0,0,0,0,0,0,0,0,0,0,0,0,0,0,0,0,0,0,0,0,"NYG"
"16616",17,0,0,0,0,0,0,0,1.5,11.3333333333333,4,0,0.2,173.566666666667,8.6,0,0,0,0,0,0,0,0,0,0,11.7,24,-4,"Rome Odunze","WR","3162979","CBS","Rome","Odunze","WR",119.066666666667,65.125,990,59.1,14.8,8.5,0,0,0,0,0,0,10.3,1.7,12,0,0,0,0,0,0,0,0,2.9,0.8,2,1.5,0.8,0,0.6,0.2,0,0,0,0,0,0,0,0,0,0,0,0,0,0,0,0,0,0,0,0,0,0,0,0,0,0,0,"CHI"
"16617",0,0,0,0,0,0,0,0,0,0,0,0,0.6,81.8,0,0,0,0,0,0,0,0,0,0,0,5.5,23,-4,"Keon Coleman","WR","4635008","ESPN","Keon","Coleman","WR",44.15,30.3666666666667,360,0,0,2.96666666666667,0,0,0,0,0,0,1.2,0.6,7.8,0,0,0,0,0,0,0,0,1.4,1.8,0,0.7,0,0,0.2,0.1,0,0,0,0,0,0,0,0,0,0,0,0,0,0,0,0,0,0,0,0,0,0,0,0,0,0,0,"BUF"
"16618",17,0,0,0,0,0,0,0,4,27.5,7.5,0.375,0,161.966666666667,7.6,0,0,0,0,0,0,0,0,0,0,13.1,24,-4,"Brian Thomas Jr.","WR","3132164","CBS","Brian","Thomas Jr.","WR",106.033333333333,63.25,930.5,55.5,15.5,6.15,0,0,0,0,0,0,11.3,1.8,12.6,0,0,0,0,0,0,0,0,3.5,1.1,0.5,0,0,0.5,0.6,0.2,0,0,0,0,0,0,0,0,0,0,0,0,0,0,0,0,0,0,0,0,0,0,0,0,0,0,0,"JAC"
"16619",17,0,0,0,0,0,0,0,3,12.3333333333333,2.8,0,0.85,72.5,4.6,0,0,0,0,0,0,0,0,0,0,7.7,23,-4,"Troy Franklin","WR","26693436","CBS","Troy","Franklin","WR",64.1,38.5666666666667,422,34.6,10.5,3.3,0,0,0,0,0,0,1.8,0.9,11,0,0,40,0,0,0,0,0,1.8,0,0.6,0,0.5,0,0.3,0.1,0,0,0,0,0,0,0,0,0,0,0,0,0,0,0,0,0,0,0,0,0,0,0,0,0,0,0,"DEN"
"16620",17,0,0,0,0,0,0,0,16.3333333333333,97,6.6,0.6,0,116.6,5.4,0,0,0,0,0,0,0,0,0,0,7.2,23,-4,"Xavier Worthy","WR","26730787","CBS","Xavier","Worthy","WR",86.3333333333333,54.375,674.25,37.8,12.1,4.4,0,0,0,0,0,0,2.2,1.1,11.3,0,0,0,0,0,0,0,0,1.5,0.8,0.1,0,0,0.1,0.4,0.1,0,0,0,0,0,0,0,0,0,0,0,0,0,0,0,0,0,0,0,0,0,0,0,0,0,0,0,"KC"
"16621",0,0,0,0,0,0,0,0,0,0,0,0,0,37.2,0,0,0,0,0,0,0,0,0,0,0,4.2,25,-4,"Devontez Walker","WR","4696882","ESPN","Devontez","Walker","WR",18.6,9.7,149,0,0,2.15,0,0,0,0,0,0,0.7,0.3,2.8,0,0,0,0,0,0,0,0,0.9,0,1.7,0.7,0,0,0.1,0,0,0,0,0,0,0,0,0,0,0,0,0,0,0,0,0,0,0,0,0,0,0,0,0,0,0,0,"BAL"
"16625",0,0,0,0,0,0,0,0,0,0,0,0,0,0.1,0,0,0,0,0,0,0,0,0,0,0,0,25,-4,"Wilson, Johnny","WR",NA,"FantasySharks","Johnny","Wilson","WR",5.3,0.1,1,0,0,0,0,0,0,0,0,0,0,0,0,0,0,0,0,0,0,0,0,0,0,0,0,0,0,0,0,0,0,0,0,0,0,0,0,0,0,0,0,0,0,0,0,0,0,0,0,0,0,0,0,0,0,0,"PHI"
"16626",17,0,0,0,0,0,0,0,2,5,-0.5,0,0.65,86.9,3.2,0,0,0,0,0,0,0,0,0,0,4.2,24,-4,"Adonai Mitchell","WR","26701928","CBS","Adonai","Mitchell","WR",76.4,41.8,559.75,28.3,12.7,3.3,0,0,0,0,0,0,1.7,0.9,9.4,0,0,36,0,0,0,0,0,1.3,0.2,0,0,0,0.6,0.3,0.1,0,0,0,0,0,0,0,0,0,0,0,0,0,0,0,0,0,0,0,0,0,0,0,0,0,0,0,"NYJ"
"16627",17,0,0,0,0,0,0,0,0,0,0,0,0,173.766666666667,8.4,0,0,0,0,0,0,0,0,0,0,8.6,25,-4,"Ladd McConkey","WR","3163962","CBS","Ladd","McConkey","WR",122.566666666667,81.075,1047.25,60.9,12.6,6.725,0,0,0,0,0,0,11.5,1.9,11.7,0,0,0,0,0,0,0,0,3,0.7,1.5,0,0.5,0.2,0.6,0.2,0,0,0,0,0,0,0,0,0,0,0,0,0,0,0,0,0,0,0,0,0,0,0,0,0,0,0,"LAC"
"16628",17,0,0,0,0,0,0,0,4.66666666666667,28.25,5.8,0,0.15,99.1,4.6,0,0,0,0,0,0,0,0,0,0,9.5,25,-4,"Jalen McMillan","WR","3162347","CBS","Jalen","McMillan","WR",68.4333333333333,46.575,592.75,36.7,13.6,4.075,0,0,0,0,0,0,2.2,1.1,9.9,0,0,0,0,0,0,0,0,0.3,2.7,1.6,0.7,0,0,0.4,0.1,0,0,0,0,0,0,0,0,0,0,0,0,0,0,0,0,0,0,0,0,0,0,0,0,0,0,0,"TB"
"16629",0,0,0,0,0,0,0,0,0,0,0,0,0.1,36.1,0,0,0,0,0,0,0,0,0,0,0,3.9,25,-4,"Roman Wilson","WR","4431492","ESPN","Roman","Wilson","WR",30,16.9,207,0,0,1.2,0,0,0,0,0,0,1.1,0.6,4.2,0,0,0,0,0,0,0,0,0,0,1.4,0,0,0,0.2,0.1,0,0,0,0,0,0,0,0,0,0,0,0,0,0,0,0,0,0,0,0,0,0,0,0,0,0,0,"PIT"
"16630",0,0,0,0,0,0,0,0,2,16.5,0,0,0,24,0,0,0,0,0,0,0,0,0,0,0,0.6,25,-4,"Isaiah Williams","WR","4569371","ESPN","Isaiah","Williams","WR",18.55,12.75,109,0,0,0.3,0,0,0,0,0,0,0.7,0.4,1.1,0,0,825,0,0,0,0,0,0,0.3,0.3,0,0,0,0.1,0.1,0,0,0,0,0,0,0,0,0,0,0,0,0,0,0,0,0,0,0,0,0,0,0,0,0,0,0,"NYJ"
"16633",0,0,0,0,0,0,0,0,2,8.5,0,0,0,19.4,0,0,0,0,0,0,0,0,0,0,0,0.3,26,-4,"Jordan Whittington","WR","4569382","ESPN","Jordan","Whittington","WR",22.7,15.6,180.5,0,0,0.5,0,0,0,0,0,0,0.8,0.4,1.4,0,0,447,0,0,0,0,0,0,0,0,0,0,0,0.1,0.1,0,0,0,0,0,0,0,0,0,0,0,0,0,0,0,0,0,0,0,0,0,0,0,0,0,0,0,"LAR"
"16634",0,0,0,0,0,0,0,0,0,-0.2,0,0,0,14.1,0,0,0,0,0,0,0,0,0,0,0,1,26,-4,"Weaver, Xavier","WR",NA,"FantasySharks","Xavier","Weaver","WR",25.9,14,127,0,0,0.2,0,0,0,0,0,0,0.5,0.3,4.5,0,0,126,0,0,0,0,0,0,0,0,0.2,0,0,0.1,0,0,0,0,0,0,0,0,0,0,0,0,0,0,0,0,0,0,0,0,0,0,0,0,0,0,0,0,"ARI"
"16635",17,0,0,0,0,0,0,0,0,1,0,0,0.15,47.35,3.1,0,0,0,0,0,0,0,0,0,0,3.1,25,-4,"Luke McCaffrey","WR","3121502","CBS","Luke","McCaffrey","WR",25.8,16.6666666666667,244.666666666667,21.3,16.5,1.96666666666667,0,0,0,0,0,0,1.2,0.6,4.1,0,0,499,0,0,0,0,0,1.1,0,0,0.6,0.1,0,0.2,0.1,0,0,0,0,0,0,0,0,0,0,0,0,0,0,0,0,0,0,0,0,0,0,0,0,0,0,0,"WAS"
"16636",0,0,0,0,0,0,0,0,0,70,0,0,0,14.7,0,0,0,0,0,0,0,0,0,0,0,1.6,24,-4,"Corley, Malachi","WR",NA,"FantasySharks","Malachi","Corley","WR",13.8,9.9,77,0,0,0,0,0,0,0,0,0,0.3,0.2,1.1,0,0,380,0,0,0,0,0,0,0,0,0,0,0,0.1,0,0,0,0,0,0,0,0,0,0,0,0,0,0,0,0,0,0,0,0,0,0,0,0,0,0,0,0,"CLE"
"16639",0,0,0,0,0,0,0,0,2.5,8,0,0,0.2,78.45,0,0,0,0,0,0,0,0,0,0,0,6.4,25,-4,"Xavier Legette","WR","4430034","ESPN","Xavier","Legette","WR",63.7,38.6,409,0,0,2.76666666666667,0,0,0,0,0,0,1.5,0.7,10.4,0,0,51,0,0,0,0,0,1.4,0,0,0.9,0,0,0.2,0.1,0,0,0,0,0,0,0,0,0,0,0,0,0,0,0,0,0,0,0,0,0,0,0,0,0,0,0,"CAR"
"16640",0,0,0,0,0,0,0,0,0,0,0,0,0,0.2,0,0,0,0,0,0,0,0,0,0,0,0,25,-4,"Cowing, Jacob","WR",NA,"FantasySharks","Jacob","Cowing","WR",1.5,0.1,1,0,0,0,0,0,0,0,0,0,0,0,0.1,0,0,1,0,0,0,0,0,0,0,0,0,0,0,0,0,0,0,0,0,0,0,0,0,0,0,0,0,0,0,0,0,0,0,0,0,0,0,0,0,0,0,0,"SFO"
"16684",17,0,0,0,0,0,0,0,13,71,6,0.775,0.85,102.533333333333,3.1,0,0,0,0,0,0,0,0,0,0,7.3,25,-4,"Malik Washington","WR","3124729","CBS","Malik","Washington","WR",65.5,49.75,496.25,20.5,7.6,3.325,0,0,0,0,0,0,3.6,1.2,6.5,0,0,441,0,0,0,0,0,3.1,0.5,0,0.5,0.4,0.8,0.4,0.2,0,0,0,0,0,0,0,0,0,0,0,0,0,0,0,0,0,0,0,0,0,0,0,0,0,0,0,"MIA"
"16732",0,0,0,0,0,0,0,0,0,0,0,0,0,0,0,0,0,0,0,0,0,0,0,0,0,0,25,-4,"Anthony Gould","WR","4429684","ESPN","Anthony","Gould","WR",10,7,74,0,0,0,0,0,0,0,0,0,0,0,0,0,0,0,0,0,0,0,0,0,0,0,0,0,0,0,0,0,0,0,0,0,0,0,0,0,0,0,0,0,0,0,0,0,0,0,0,0,0,0,0,0,0,0,"IND"
"16751",17,0,0,0,0,0,0,0,1,3,6,0,0.5,36.15,3.5,0,0,0,0,0,0,0,0,0,0,0.5,25,-4,"Bub Means","WR","3123413","CBS","Bub","Means","WR",38.4,23.2,306,30.4,13.6,1.75,0,0,0,0,0,0,0.4,0.2,0.5,0,0,0,0,0,0,0,0,0,0.5,0,0,0,0,0.1,0,0,0,0,0,0,0,0,0,0,0,0,0,0,0,0,0,0,0,0,0,0,0,0,0,0,0,0,"NO"
"16778",0,0,0,0,0,0,0,0,2,17.5,0,0,0,75.4,0,0,0,0,0,0,0,0,0,0,0,6.6,27,-4,"Ryan Flournoy","WR","5083754","ESPN","Ryan","Flournoy","WR",56.1,36.9,432,0,0,3.55,0,0,0,0,0,0,1.9,1,7.1,0,0,75,0,0,0,0,0,2.6,0.6,0,0.3,0.6,0,0.3,0.1,0,0,0,0,0,0,0,0,0,0,0,0,0,0,0,0,0,0,0,0,0,0,0,0,0,0,0,"DAL"
"16788",17,0,0,0,0,0,0,0,0,-0.1,0,0,0.25,88.7,4.4,0,0,0,0,0,0,0,0,0,0,4.2,29,-4,"Devaughn Vele","WR","3121113","CBS","Devaughn","Vele","WR",52.1,39.775,464.75,34.6,13.1,2.875,0,0,0,0,0,0,1.3,0.7,4.2,0,0,78,0,0,0,0,0,1.4,0.1,0,0,0,0,0.2,0.1,0,0,0,0,0,0,0,0,0,0,0,0,0,0,0,0,0,0,0,0,0,0,0,0,0,0,0,"NO"
"16809",17,0,0,0,0,0,0,0,0,0.666666666666667,0,0,0.85,117.066666666667,5.9,0,0,0,0,0,0,0,0,0,0,6,25,-4,"Jalen Coker","WR","3163990","CBS","Jalen","Coker","WR",80.6333333333333,58.95,711.75,43.6,12.6,4.2,0,0,0,0,0,0,2.5,1.3,7.4,0,0,12,0,0,0,0,0,1.1,0,0,1.7,0,0,0.4,0.2,0,0,0,0,0,0,0,0,0,0,0,0,0,0,0,0,0,0,0,0,0,0,0,0,0,0,0,"CAR"
"16858",0,0,0,0,0,0,0,0,0,8,0,0,0,7.8,0,0,0,0,0,0,0,0,0,0,0,1.5,26,-4,"Tipton, Mason","WR",NA,"FantasySharks","Mason","Tipton","WR",20.5,8.6,69,0,0,0,0,0,0,0,0,0,0.3,0.1,1.4,0,0,372,0,0,0,0,0,0,0,0,0,0,0,0.1,0,0,0,0,0,0,0,0,0,0,0,0,0,0,0,0,0,0,0,0,0,0,0,0,0,0,0,0,"NOS"
"16883",0,0,0,0,0,0,0,0,0,5,0,0,0,6.8,0,0,0,0,0,0,0,0,0,0,0,0.4,24,-4,"Johnson, Kameron","WR",NA,"FantasySharks","Kameron","Johnson","WR",9.1,3.9,37,0,0,0.4,0,0,0,0,0,0,0.1,0.1,1.1,0,0,564,0,0,0,0,0,0,0.3,0,0.1,0,0,0,0,0,0,0,0,0,0,0,0,0,0,0,0,0,0,0,0,0,0,0,0,0,0,0,0,0,0,0,"TBB"
"16949",0,0,0,0,0,0,0,0,0,4,0,0,0,6,0,0,0,0,0,0,0,0,0,0,0,0.9,27,-3,"Tremayne, Brycen","WR",NA,"FantasySharks","Brycen","Tremayne","WR",9.8,6.8,56,0,0,0,0,0,0,0,0,0,0.2,0.1,1.7,0,0,8,0,0,0,0,0,0,0,0,0,0,0,0,0,0,0,0,0,0,0,0,0,0,0,0,0,0,0,0,0,0,0,0,0,0,0,0,0,0,0,0,"CAR"
"16975",0,0,0,0,0,0,0,0,0,0,0,0,0,11.7,0,0,0,0,0,0,0,0,0,0,0,0,26,-4,"Oliver, Bryce","WR",NA,"FantasySharks","Bryce","Oliver","WR",13.6,8.7,117,0,0,0,0,0,0,0,0,0,0.5,0.2,1.4,0,0,200,0,0,0,0,0,0,0,0,0,0,0,0.1,0,0,0,0,0,0,0,0,0,0,0,0,0,0,0,0,0,0,0,0,0,0,0,0,0,0,0,0,"TEN"
"17070",17,0,0,0,0,0,0,0,8.33333333333333,42,4,0,0.15,160.466666666667,7.9,0,0,0,0,0,0,0,0,0,0,5.3,23,-5,"Luther Burden III","WR","28874444","CBS","Luther","Burden","WR",96.1,71.3,971.75,62.5,14.6,5.25,0,0,0,0,0,0,2.6,1.3,7.5,0,0,9,0,0,0,0,0,0.8,0.2,0,0.4,0,0.6,0.4,0.2,0,0,0,0,0,0,0,0,0,0,0,0,0,0,0,0,0,0,0,0,0,0,0,0,0,0,0,"CHI"
"17071",17,0,0,0,0,0,0,0,0,1,0,0,1.1,184.733333333333,9,0,0,0,0,0,0,0,0,0,0,11.6,23,-5,"Tetairoa McMillan","WR","28877124","CBS","Tetairoa","McMillan","WR",133.733333333333,80.95,1150.25,68.6,14.2,7.2,0,0,0,0,0,0,12,2,13.6,0,0,5,0,0,0,0,0,1.6,1.6,2.3,0,1.1,0.2,0.7,0.3,0,0,0,0,0,0,0,0,0,0,0,0,0,0,0,0,0,0,0,0,0,0,0,0,0,0,0,"CAR"
"17072",0,0,0,0,0,0,0,0,3,10,0,0,0.2,116.05,0,0,0,0,0,0,0,0,0,0,0,5,24,-5,"Tre' Harris","WR","4686612","ESPN","Tre","Harris","WR",61.25,45.6,545.666666666667,0,0,3.36666666666667,0,0,0,0,0,0,2.1,1,9.6,0,0,1,0,0,0,0,0,1.2,0.6,0.4,0,0,0,0.3,0.1,0,0,0,0,0,0,0,0,0,0,0,0,0,0,0,0,0,0,0,0,0,0,0,0,0,0,0,"LAC"
"17073",17,0,0,0,0,0,0,0,0,0,0,0,0,83.1333333333333,5,0,0,0,0,0,0,0,0,0,0,6.8,23,-5,"Elic Ayomanor","WR","28900714","CBS","Elic","Ayomanor","WR",58.6666666666667,30.45,385.5,33.5,13.6,3,0,0,0,0,0,0,1.6,0.8,6.8,0,0,103,0,0,0,0,0,2.2,0.7,0,0,0,0,0.3,0.1,0,0,0,0,0,0,0,0,0,0,0,0,0,0,0,0,0,0,0,0,0,0,0,0,0,0,0,"TEN"
"17074",0,0,0,0,0,0,0,0,3,12.6666666666667,0,0,0,102.5,0,0,0,0,0,0,0,0,0,0,0,5.2,23,-5,"Travis Hunter","WR","4685415","ESPN","Travis","Hunter","WR",77.25,45.5333333333333,543,0,0,3.26666666666667,0,0,0,0,0,0,2,1,7.5,0,0,134,1,0,0,0,62,0.6,0,0,0.3,0,0,0.3,0.1,0,0,0,0,0,0,0,0,0,0,0,0,0,0,0,0,0,0,0,0,0,0,0,0,0,0,0,"JAC"
"17075",17,0,0,0,0,0,0,0,9,41.25,4.8,0,0.15,111.366666666667,5.2,0,0,0,0,0,0,0,0,0,0,8.9,23,-5,"Matthew Golden","WR","28874927","CBS","Matthew","Golden","WR",84.0666666666667,54.525,736.75,41.4,15,4.225,0,0,0,0,0,0,2.6,1.3,13.4,0,0,77,0,0,0,0,0,2.1,0,0.8,0,0,0,0.4,0.2,0,0,0,0,0,0,0,0,0,0,0,0,0,0,0,0,0,0,0,0,0,0,0,0,0,0,0,"GB"
"17076",0,0,0,0,0,0,0,0,4,24,0,0,0,26.1,0,0,0,0,0,0,0,0,0,0,0,3.8,22,-5,"Isaiah Bond","WR","4808839","ESPN","Isaiah","Bond","WR",30.7,12.65,183.5,0,0,0.5,0,0,0,0,0,0,0.9,0.5,3.5,0,0,29,0,0,0,0,0,0,0,0,0,0,0,0.2,0.1,0,0,0,0,0,0,0,0,0,0,0,0,0,0,0,0,0,0,0,0,0,0,0,0,0,0,0,"CLE"
"17078",0,0,0,0,0,0,0,0,0,1.5,0,0,0,68.55,0,0,0,0,0,0,0,0,0,0,0,1.6,24,-5,"Jack Bech","WR","4603186","ESPN","Jack","Bech","WR",46.95,33.7333333333333,385,0,0,1.33333333333333,0,0,0,0,0,0,1.1,0.5,5.3,0,0,17,0,0,0,0,0,0,0,0,0,0,0,0.2,0.1,0,0,0,0,0,0,0,0,0,0,0,0,0,0,0,0,0,0,0,0,0,0,0,0,0,0,0,"LV"
"17079",0,0,0,0,0,0,0,0,4,24.5,0,0,0,37,0,0,0,0,0,0,0,0,0,0,0,2.7,24,-5,"Tez Johnson","WR","4608810","ESPN","Tez","Johnson","WR",20.8,12.15,132,0,0,1.85,0,0,0,0,0,0,0.7,0.4,4.3,0,0,57,0,0,0,0,0,0,1.1,1.6,0,0,0,0.1,0.1,0,0,0,0,0,0,0,0,0,0,0,0,0,0,0,0,0,0,0,0,0,0,0,0,0,0,0,"TB"
"17080",0,0,0,0,0,0,0,0,4,15.5,0,0,0,26.2,0,0,0,0,0,0,0,0,0,0,0,3,24,-5,"Jaylin Noel","WR","4586312","ESPN","Jaylin","Noel","WR",37.9,24.15,268.5,0,0,1.35,0,0,0,0,0,0,0.9,0.4,4.2,0,0,576,0,0,0,0,0,0.6,0,0,0,0.1,0,0.1,0.1,0,0,0,0,0,0,0,0,0,0,0,0,0,0,0,0,0,0,0,0,0,0,0,0,0,0,0,"HOU"
"17081",17,0,0,0,0,0,0,0,2.66666666666667,13.25,5,0,0,180.8,8.9,0,0,0,0,0,0,0,0,0,0,12.2,24,-5,"Emeka Egbuka","WR","26696165","CBS","Emeka","Egbuka","WR",143.166666666667,75.15,1110.5,65.8,15.5,7.175,0,0,0,0,0,0,5.9,2,19.1,0,0,0,0,0,0,0,0,0.3,1.3,2.2,0.7,0.3,0.8,0.7,0.2,0,0,0,0,0,0,0,0,0,0,0,0,0,0,0,0,0,0,0,0,0,0,0,0,0,0,0,"TB"
"17082",0,0,0,0,0,0,0,0,0,1.5,0,0,0,77.8,0,0,0,0,0,0,0,0,0,0,0,5.6,24,-5,"Pat Bryant","WR","4600981","ESPN","Pat","Bryant","WR",48.75,33.4,409,0,0,2.1,0,0,0,0,0,0,1.7,0.8,7.1,0,0,37,0,0,0,0,0,0,0,1.3,0,0,0,0.3,0.1,0,0,0,0,0,0,0,0,0,0,0,0,0,0,0,0,0,0,0,0,0,0,0,0,0,0,0,"DEN"
"17083",17,0,0,0,0,0,0,0,0,1,0,0,0.15,112.6,5.5,0,0,0,0,0,0,0,0,0,0,8.3,24,-5,"Jayden Higgins","WR","26708551","CBS","Jayden","Higgins","WR",87.5666666666667,52,641,35.4,12.3,5.15,0,0,0,0,0,0,2.5,1.3,9.4,0,0,13,0,0,0,0,0,1.2,3,0.7,0,0,0.7,0.4,0.2,0,0,0,0,0,0,0,0,0,0,0,0,0,0,0,0,0,0,0,0,0,0,0,0,0,0,0,"HOU"
"17086",0,0,0,0,0,0,0,0,0,5,0,0,0,11.1,0,0,0,0,0,0,0,0,0,0,0,2.3,23,-5,"Jalen Royals","WR","5082630","ESPN","Jalen","Royals","WR",18.65,10.65,92,0,0,0.5,0,0,0,0,0,0,0.4,0.2,4.9,0,0,251,0,0,0,0,0,0,0,0,0,0,0,0.1,0,0,0,0,0,0,0,0,0,0,0,0,0,0,0,0,0,0,0,0,0,0,0,0,0,0,0,0,"KCC"
"17087",0,0,0,0,0,0,0,0,0,0,0,0,0,13.3,0,0,0,0,0,0,0,0,0,0,0,0.8,24,-5,"Dont'e Thornton Jr.","WR","4432775","ESPN","Dont'e","Thornton","WR",27.75,11.7,150.5,0,0,0.5,0,0,0,0,0,0,0.5,0.3,2.1,0,0,0,0,0,0,0,0,0,0,0,0,0,0,0.1,0,0,0,0,0,0,0,0,0,0,0,0,0,0,0,0,0,0,0,0,0,0,0,0,0,0,0,0,"LV"
"17088",17,0,0,0,0,0,0,0,2,8,4,0,1,89,5.2,0,0,0,0,0,0,0,0,0,0,0,25,-5,"Theo Wease Jr.","WR","3124276","CBS","Theo","Wease","WR",79,49,687,40.4,14,5,0,0,0,0,0,0,0,0,0,0,0,0,0,0,0,0,0,0,0,0,0,0,0,0,0,0,0,0,0,0,0,0,0,0,0,0,0,0,0,0,0,0,0,0,0,0,0,0,0,0,0,0,"MIA"
"17096",0,0,0,0,0,0,0,0,9,36.5,0,0,0.2,24,0,0,0,0,0,0,0,0,0,0,0,3.4,25,-5,"Savion Williams","WR","4431487","ESPN","Savion","Williams","WR",30.4,19.2,210,0,0,1.6,0,0,0,0,0,0,0.6,0.3,3.8,0,0,396,0,0,0,0,0,1.2,0,0,0,0,0,0.1,0,0,0,0,0,0,0,0,0,0,0,0,0,0,0,0,0,0,0,0,0,0,0,0,0,0,0,0,"GB"
"17097",0,0,0,0,0,0,0,0,0,0,0,0,0,5.9,0,0,0,0,0,0,0,0,0,0,0,0,23,-5,"Felton, Tai","WR",NA,"FantasySharks","Tai","Felton","WR",14.2,7.5,59,0,0,0,0,0,0,0,0,0,0.2,0.1,1.8,0,0,535,0,0,0,0,0,0,0,0,0,0,0,0,0,0,0,0,0,0,0,0,0,0,0,0,0,0,0,0,0,0,0,0,0,0,0,0,0,0,0,0,"MIN"
"17098",17,0,0,0,0,0,0,0,1,20,6,0,0.5,54.5,4.4,0,0,0,0,0,0,0,0,0,0,2.9,24,-5,"Tory Horton","WR","3165177","CBS","Tory","Horton","WR",39.7666666666667,23.8333333333333,324.666666666667,29.6,12.9,3.43333333333333,0,0,0,0,0,0,0.7,0.3,1.5,0,0,56,0,0,0,0,0,0.1,0.7,1.5,0,0,0,0.1,0,0,0,0,0,0,0,0,0,0,0,0,0,0,0,0,0,0,0,0,0,0,0,0,0,0,0,0,"SEA"
"17134",0,0,0,0,0,0,0,0,4,10.35,0,0,0,32.1,0,0,0,0,0,0,0,0,0,0,0,2.5,24,-5,"Kyle Williams","WR","4613202","ESPN","Kyle","Williams","WR",16.1,7.3,132,0,0,1.75,0,0,0,0,0,0,0.7,0.3,1.1,0,0,361,0,0,0,0,0,0,0.3,0,1.5,0,0.7,0.1,0,0,0,0,0,0,0,0,0,0,0,0,0,0,0,0,0,0,0,0,0,0,0,0,0,0,0,0,"NE"
"17157",17,0,0,0,0,0,0,0,0,1,0,0,0,79.5333333333333,3.6,0,0,0,0,0,0,0,0,0,0,7.1,24,-5,"Isaac TeSlaa","WR","29122587","CBS","Isaac","TeSlaa","WR",39.4666666666667,27.05,380.75,23.8,15,4.475,0,0,0,0,0,0,1.2,0.6,8.8,0,0,23,0,0,0,0,0,0.8,3.5,0.6,0,0,0,0.2,0.1,0,0,0,0,0,0,0,0,0,0,0,0,0,0,0,0,0,0,0,0,0,0,0,0,0,0,0,"DET"
"17171",17,0,0,0,0,0,0,0,9.66666666666667,27,1.7,0.25,0.5,77.9333333333333,4.1,0,0,0,0,0,0,0,0,0,0,8.4,25,-5,"Chimere Dike","WR","3162452","CBS","Chimere","Dike","WR",54.1,34.675,335.25,25.4,9.6,3.225,0,0,0,0,0,0,1.6,0.8,14.2,0,0,1311,0,0,0,0,0,2.7,0,0,0.2,0,0,0.3,0.1,0,0,0,0,0,0,0,0,0,0,0,0,0,0,0,0,0,0,0,0,0,0,0,0,0,0,0,"TEN"
"17175",0,0,0,0,0,0,0,0,0,3,0,0,0,3.9,0,0,0,0,0,0,0,0,0,0,0,0,25,-5,"Smith, Arian","WR",NA,"FantasySharks","Arian","Smith","WR",17.5,6.7,36,0,0,0,0,0,0,0,0,0,0.1,0.1,0,0,0,89,0,0,0,0,0,0,0,0,0,0,0,0,0,0,0,0,0,0,0,0,0,0,0,0,0,0,0,0,0,0,0,0,0,0,0,0,0,0,0,0,"NYJ"
"17184",0,0,0,0,0,0,0,0,0,0,0,0,0,7.4,0,0,0,0,0,0,0,0,0,0,0,0,24,-5,"Jaylin Lane","WR","4602667","ESPN","Jaylin","Lane","WR",19.4,9.6,117,0,0,0.5,0,0,0,0,0,0,0.3,0.1,0,0,0,0,0,0,0,0,0,0,0,0,0,0,0,0.1,0,0,0,0,0,0,0,0,0,0,0,0,0,0,0,0,0,0,0,0,0,0,0,0,0,0,0,0,"WAS"
"17192",0,0,0,0,0,0,0,0,0,0,0,0,0,0.9,0,0,0,0,0,0,0,0,0,0,0,0,24,-5,"Watkins, Jordan","WR",NA,"FantasySharks","Jordan","Watkins","WR",0.5,0.5,9,0,0,0,0,0,0,0,0,0,0,0,0,0,0,0,0,0,0,0,0,0,0,0,0,0,0,0,0,0,0,0,0,0,0,0,0,0,0,0,0,0,0,0,0,0,0,0,0,0,0,0,0,0,0,0,"SFO"
"17205",0,0,0,0,0,0,0,0,0,0,0,0,0,4.8,0,0,0,0,0,0,0,0,0,0,0,0.5,25,-5,"KeAndre Lambert-Smith","WR","4430870","ESPN","KeAndre","Lambert-Smith","WR",12.05,5.05,59,0,0,0.6,0,0,0,0,0,0,0.2,0.1,1.1,0,0,505,0,0,0,0,0,0,0.2,0,0,0,0,0,0,0,0,0,0,0,0,0,0,0,0,0,0,0,0,0,0,0,0,0,0,0,0,0,0,0,0,0,"LAC"
"17234",0,0,0,0,0,0,0,0,6,33.5,0,0,0,13,0,0,0,0,0,0,0,0,0,0,0,0.9,24,-5,"Jimmy Horn Jr.","WR","4708486","ESPN","Jimmy","Horn","WR",15.45,9.65,87.5,0,0,0,0,0,0,0,0,0,0.4,0.2,3.6,0,0,13,0,0,0,0,0,0,0,0,0,0,0,0.1,0,0,0,0,0,0,0,0,0,0,0,0,0,0,0,0,0,0,0,0,0,0,0,0,0,0,0,0,"CAR"
"17254",0,0,0,0,0,0,0,0,0,1,0,0,0,4.6,0,0,0,0,0,0,0,0,0,0,0,0.6,24,-5,"Konata Mumpfield","WR","4710855","ESPN","Konata","Mumpfield","WR",16.5,8.65,86.5,0,0,0.5,0,0,0,0,0,0,0.2,0.1,3.4,0,0,193,0,0,0,0,0,0,0,0,0,0,0,0,0,0,0,0,0,0,0,0,0,0,0,0,0,0,0,0,0,0,0,0,0,0,0,0,0,0,0,0,"LAR"
"17333",0,0,0,0,0,0,0,0,0,0,0,0,0,12.5,0,0,0,0,0,0,0,0,0,0,0,0.4,25,-5,"Cooper, Darius","WR",NA,"FantasySharks","Darius","Cooper","WR",14.3,11.8,125,0,0,0,0,0,0,0,0,0,0.5,0.3,1.7,0,0,0,0,0,0,0,0,0,0,0,0,0,0,0.1,0,0,0,0,0,0,0,0,0,0,0,0,0,0,0,0,0,0,0,0,0,0,0,0,0,0,0,0,"PHI"
"17349",0,0,0,0,0,0,0,0,0,3,0,0,0,3.6,0,0,0,0,0,0,0,0,0,0,0,0,23,-5,"Larvadain, Gage","WR",NA,"FantasySharks","Gage","Larvadain","WR",9.5,3.4,33,0,0,0,0,0,0,0,0,0,0.1,0.1,0.5,0,0,26,0,0,0,0,0,0,0,0,0,0,0,0,0,0,0,0,0,0,0,0,0,0,0,0,0,0,0,0,0,0,0,0,0,0,0,0,0,0,0,0,"CLE"
"17353",17,0,0,0,0,0,0,0,1,3.5,7,0,0,38.3,3.8,0,0,0,0,0,0,0,0,0,0,1.9,24,-5,"Jahdae Walker","WR","29174299","CBS","Jahdae","Walker","WR",29.5,17.95,242,25.5,13.5,3.05,0,0,0,0,0,0,0.2,0.1,1.7,0,0,465,0,0,0,0,0,0.9,0,0.2,0,0,0,0,0,0,0,0,0,0,0,0,0,0,0,0,0,0,0,0,0,0,0,0,0,0,0,0,0,0,0,0,"CHI"
"17360",0,0,0,0,0,0,0,0,0,0,0,0,0,0.1,0,0,0,0,0,0,0,0,0,0,0,0,25,-5,"Price, Myles","WR",NA,"FantasySharks","Myles","Price","WR",0.3,0.1,1,0,0,0,0,0,0,0,0,0,0,0,0.1,0,0,1172,0,0,0,0,0,0,0,0,0,0,0,0,0,0,0,0,0,0,0,0,0,0,0,0,0,0,0,0,0,0,0,0,0,0,0,0,0,0,0,0,"MIN"
"17497",17,0,0,0,0,0,0,0,2,11,4.5,0,1.15,143.266666666667,5.2,0,0,0,0,0,0,0,0,0,0,11.1,21,-6,"Carnell Tate","WR","29124411","CBS","Carnell","Tate","WR",104.666666666667,66.25,906.75,45.4,13.8,5.775,0,0,0,0,0,0,9.4,1.5,12.6,0,0,300,0,0,0,0,0,4.5,0.7,0.4,0.8,0.4,0.3,0.5,0.2,0,0,0,0,0,0,0,0,0,0,0,0,0,0,0,0,0,0,0,0,0,0,0,0,0,0,0,"TEN"
"17498",17,0,0,0,0,0,0,0,2.5,15.3333333333333,4.5,0,1,126.2,5.9,0,0,0,0,0,0,0,0,0,0,5.3,22,-6,"Jordyn Tyson","WR","28900885","CBS","Jordyn","Tyson","WR",94.2333333333333,62.25,806.75,51.2,14.3,4.5,0,0,0,0,0,0,1.8,0.9,8.1,0,0,43,0,0,0,0,0,0,2,0,0,0,0,0.3,0.1,0,0,0,0,0,0,0,0,0,0,0,0,0,0,0,0,0,0,0,0,0,0,0,0,0,0,0,"NO"
"17499",17,0,0,0,0,0,0,0,2.5,9.66666666666667,4.3,0,1,123.5,5.1,0,0,0,0,0,0,0,0,0,0,8.4,22,-6,"Makai Lemon","WR","29123772","CBS","Makai","Lemon","WR",91.1333333333333,59.8,755.75,43.2,13.6,4.825,0,0,0,0,0,0,2.5,1.3,13.1,0,0,7,0,0,0,0,0,2.1,1.2,0.4,0,0.5,0,0.4,0.2,0,0,0,0,0,0,0,0,0,0,0,0,0,0,0,0,0,0,0,0,0,0,0,0,0,0,0,"PHI"
"17500",17,0,0,0,0,0,0,0,1,9,5,0,1.2,98.1333333333333,5.5,0,0,0,0,0,0,0,0,0,0,2.6,23,-6,"Denzel Boston","WR","28875368","CBS","Denzel","Boston","WR",84.4666666666667,51.9,645.75,48.8,13.4,3,0,0,0,0,0,0,1.6,0.8,6.2,0,0,142,0,0,0,0,0,0,0,0,0,0,0,0.3,0.1,0,0,0,0,0,0,0,0,0,0,0,0,0,0,0,0,0,0,0,0,0,0,0,0,0,0,0,"CLE"
"17501",17,0,0,0,0,0,0,0,4.33333333333333,23.25,5,0,1.3,106.3,5.5,0,0,0,0,0,0,0,0,0,0,2.5,22,-6,"KC Concepcion","WR","29123718","CBS","KC","Concepcion","WR",89.2333333333333,56.775,703.25,48.8,13.4,3.1,0,0,0,0,0,0,1.6,0.8,4.7,0,0,62,0,0,0,0,0,0,0.4,0,0,0,0,0.3,0.1,0,0,0,0,0,0,0,0,0,0,0,0,0,0,0,0,0,0,0,0,0,0,0,0,0,0,0,"CLE"
"17502",17,0,0,0,0,0,0,0,3,16.25,6.5,0,0.7,89.3666666666667,3.9,0,0,0,0,0,0,0,0,0,0,2.2,23,-6,"Omar Cooper Jr.","WR","28900921","CBS","Omar","Cooper Jr.","WR",65.3,43.9,500.25,30.6,11.8,3.125,0,0,0,0,0,0,1.1,0.6,5.8,0,0,32,0,0,0,0,0,0.5,0,0,0,0,0,0.2,0.1,0,0,0,0,0,0,0,0,0,0,0,0,0,0,0,0,0,0,0,0,0,0,0,0,0,0,0,"NYJ"
"17503",17,0,0,0,0,0,0,0,1.33333333333333,5.5,5,0,0.5,66.4333333333333,3.5,0,0,0,0,0,0,0,0,0,0,0.8,23,-6,"Germie Bernard","WR","28878358","CBS","Germie","Bernard","WR",52.9333333333333,35.875,427,30.1,12.2,2.25,0,0,0,0,0,0,0.2,0.1,2.4,0,0,50,0,0,0,0,0,0,0,0,0,0,0,0,0,0,0,0,0,0,0,0,0,0,0,0,0,0,0,0,0,0,0,0,0,0,0,0,0,0,0,0,"PIT"
"17505",0,0,0,0,0,0,0,0,0,0,0,0,0,0.8,0,0,0,0,0,0,0,0,0,0,0,1.5,23,-6,"Elijah Sarratt","WR","5088338","ESPN","Elijah","Sarratt","WR",17.2,9.05,129,0,0,1,0,0,0,0,0,0,0,0,1.5,0,0,0,0,0,0,0,0,0,0,0,0,0,0,0,0,0,0,0,0,0,0,0,0,0,0,0,0,0,0,0,0,0,0,0,0,0,0,0,0,0,0,0,"BAL"
"17506",0,0,0,0,0,0,0,0,0,0,0,0,0,107.3,0,0,0,0,0,0,0,0,0,0,0,0,22,-6,"Chris Bell","WR","4869961","ESPN","Chris","Bell","WR",55,38,491,0,0,2,0,0,0,0,0,0,0,0,0,0,0,0,0,0,0,0,0,0,0,0,0,0,0,0,0,0,0,0,0,0,0,0,0,0,0,0,0,0,0,0,0,0,0,0,0,0,0,0,0,0,0,0,"MIA"
"17507",0,0,0,0,0,0,0,0,5,13,0,0,0,79,0,0,0,0,0,0,0,0,0,0,0,0.4,22,-6,"Zachariah Branch","WR","4870612","ESPN","Zachariah","Branch","WR",36.3,34.4,391.666666666667,0,0,2,0,0,0,0,0,0,0.2,0.1,1,0,0,284,0,0,0,0,0,0,0,0,0,0,0,0,0,0,0,0,0,0,0,0,0,0,0,0,0,0,0,0,0,0,0,0,0,0,0,0,0,0,0,0,"ATL"
"17508",0,0,0,0,0,0,0,0,0,-0.9,0,0,0,4.2,0,0,0,0,0,0,0,0,0,0,0,2.2,24,-6,"Skyler Bell","WR","4683153","ESPN","Skyler","Bell","WR",22.7,11,124,0,0,0.5,0,0,0,0,0,0,0.2,0.1,3,0,0,0,0,0,0,0,0,0,0,0,0,0,0,0,0,0,0,0,0,0,0,0,0,0,0,0,0,0,0,0,0,0,0,0,0,0,0,0,0,0,0,0,"BUF"
"17510",0,0,0,0,0,0,0,0,0,10,0,0,0,1,0,0,0,0,0,0,0,0,0,0,0,0.5,23,-6,"Burks, Deion","WR",NA,"FantasySharks","Deion","Burks","WR",4.7,0,0,0,0,0,0,0,0,0,0,0,0,0,0,0,0,441,0,0,0,0,0,0,0,0,0,0,0,0,0,0,0,0,0,0,0,0,0,0,0,0,0,0,0,0,0,0,0,0,0,0,0,0,0,0,0,0,"IND"
"17511",0,0,0,0,0,0,0,0,0,0,0,0,0,165.6,0,0,0,0,0,0,0,0,0,0,0,0,23,-6,"Malachi Fields","WR","4682648","ESPN","Malachi","Fields","WR",20,37.5,446.5,0,0,3,0,0,0,0,0,0,0,0,0,0,0,0,0,0,0,0,0,0,0,0,0,0,0,0,0,0,0,0,0,0,0,0,0,0,0,0,0,0,0,0,0,0,0,0,0,0,0,0,0,0,0,0,"NYG"
"17512",17,0,0,0,0,0,0,0,3.33333333333333,13.75,5,0,1,92.0333333333333,4.5,0,0,0,0,0,0,0,0,0,0,4.4,22,-6,"Antonio Williams","WR","28877974","CBS","Antonio","Williams","WR",62.5666666666667,41.875,545.25,38.2,14.4,2.575,0,0,0,0,0,0,2.3,1.1,5.6,0,0,284,0,0,0,0,0,0.3,0,0,0.7,0,0.3,0.4,0.1,0,0,0,0,0,0,0,0,0,0,0,0,0,0,0,0,0,0,0,0,0,0,0,0,0,0,0,"WAS"
"17514",17,0,0,0,0,0,0,0,2,7.33333333333333,4.3,0,1,99.2,6.1,0,0,0,0,0,0,0,0,0,0,0.4,24,-6,"De'Zhaun Stribling","WR","26696676","CBS","De'Zhaun","Stribling","WR",55.2666666666667,40.975,583.75,50.3,14.3,3.5,0,0,0,0,0,0,0.3,0.2,0.4,0,0,259,0,0,0,0,0,0,0,0,0,0,0,0.1,0,0,0,0,0,0,0,0,0,0,0,0,0,0,0,0,0,0,0,0,0,0,0,0,0,0,0,0,"SF"
"17517",17,0,0,0,0,0,0,0,1.5,5.66666666666667,5.7,0,0.5,77.8,4.8,0,0,0,0,0,0,0,0,0,0,0,22,-6,"Ja'Kobi Lane","WR","29158151","CBS","Ja'Kobi","Lane","WR",40.7333333333333,31.15,461.25,35.2,16.2,3,0,0,0,0,0,0,0.2,0.1,0.4,0,0,238,0,0,0,0,0,0,0,0,0,0,0,0,0,0,0,0,0,0,0,0,0,0,0,0,0,0,0,0,0,0,0,0,0,0,0,0,0,0,0,0,"BAL"
"17518",0,0,0,0,0,0,0,0,2,8,0,0,0,14.4,0,0,0,0,0,0,0,0,0,0,0,1.8,23,-6,"Cyrus Allen","WR","4912218","ESPN","Cyrus","Allen","WR",16.5,9.76666666666667,115,0,0,0.333333333333333,0,0,0,0,0,0,0,0,1.8,0,0,524,0,0,0,0,0,0,0,0,0,0,0,0,0,0,0,0,0,0,0,0,0,0,0,0,0,0,0,0,0,0,0,0,0,0,0,0,0,0,0,0,"KCC"
"17519",0,0,0,0,0,0,0,0,0,0,0,0,0,0,0,0,0,0,0,0,0,0,0,0,0,0,24,-6,"Bryce Lance","WR","4879276","ESPN","Bryce","Lance","WR",27,16,204,0,0,1,0,0,0,0,0,0,0,0,0,0,0,0,0,0,0,0,0,0,0,0,0,0,0,0,0,0,0,0,0,0,0,0,0,0,0,0,0,0,0,0,0,0,0,0,0,0,0,0,0,0,0,0,"NO"
"17520",17,0,0,0,0,0,0,0,2,8,6.5,0,0.5,35.65,3.2,0,0,0,0,0,0,0,0,0,0,0.7,22,-6,"Ted Hurst","WR","29421796","CBS","Ted","Hurst","WR",39.6666666666667,24.6666666666667,310.333333333333,28.5,13.8,1.66666666666667,0,0,0,0,0,0,0.6,0.3,1.1,0,0,138,0,0,0,0,0,0,0,0,0,0,0,0.1,0,0,0,0,0,0,0,0,0,0,0,0,0,0,0,0,0,0,0,0,0,0,0,0,0,0,0,0,"TB"
"17521",17,0,0,0,0,0,0,0,3,7,4.3,0,1,29.45,3.1,0,0,0,0,0,0,0,0,0,0,1,22,-6,"Zavion Thomas","WR","28909795","CBS","Zavion","Thomas","WR",32.2,18.0666666666667,226.666666666667,27,13.5,1.33333333333333,0,0,0,0,0,0,0.3,0.1,3.4,0,0,403,0,0,0,0,0,0,0,0,0,0,0,0,0,0,0,0,0,0,0,0,0,0,0,0,0,0,0,0,0,0,0,0,0,0,0,0,0,0,0,0,"CHI"
"17527",0,0,0,0,0,0,0,0,0,0,0,0,0,4,0,0,0,0,0,0,0,0,0,0,0,0.9,23,-6,"Cameron, Josh","WR",NA,"FantasySharks","Josh","Cameron","WR",11.7,2.1,40,0,0,0,0,0,0,0,0,0,0.2,0.1,2.3,0,0,61,0,0,0,0,0,0,0,0,0,0,0,0,0,0,0,0,0,0,0,0,0,0,0,0,0,0,0,0,0,0,0,0,0,0,0,0,0,0,0,0,"JAC"
"17528",0,0,0,0,0,0,0,0,0,0,0,0,0,0,0,0,0,0,0,0,0,0,0,0,0,0,23,-6,"Kevin Coleman Jr.","WR","4685307","ESPN","Kevin","Coleman","WR",35,21,271,0,0,1,0,0,0,0,0,0,0,0,0,0,0,0,0,0,0,0,0,0,0,0,0,0,0,0,0,0,0,0,0,0,0,0,0,0,0,0,0,0,0,0,0,0,0,0,0,0,0,0,0,0,0,0,"MIA"
"17529",0,0,0,0,0,0,0,0,5,24.6666666666667,0,0,0.4,65.65,0,0,0,0,0,0,0,0,0,0,0,1.7,23,-6,"Brenen Thompson","WR","4685553","ESPN","Brenen","Thompson","WR",25.05,22.5,269.333333333333,0,0,1.33333333333333,0,0,0,0,0,0,0.7,0.3,4.2,0,0,145,0,0,0,0,0,0,0,0,0,0,0,0.1,0,0,0,0,0,0,0,0,0,0,0,0,0,0,0,0,0,0,0,0,0,0,0,0,0,0,0,0,"LAC"
"17542",0,0,0,0,0,0,0,0,0,1,0,0,0,1.7,0,0,0,0,0,0,0,0,0,0,0,0.4,24,-6,"Colbie Young","WR","5092508","ESPN","Colbie","Young","WR",16.65,8,95.5,0,0,0.5,0,0,0,0,0,0,0.1,0,0.4,0,0,601,0,0,0,0,0,0,0,0,0,0,0,0,0,0,0,0,0,0,0,0,0,0,0,0,0,0,0,0,0,0,0,0,0,0,0,0,0,0,0,0,"CIN"
"17599",17,0,0,0,0,0,0,0,1,5,5.5,0,0.5,58.8333333333333,3,0,0,0,0,0,0,0,0,0,0,1.8,23,-6,"Caleb Douglas","WR","28900321","CBS","Caleb","Douglas","WR",41.1,28.425,375.25,25.5,12.4,2,0,0,0,0,0,0,0.2,0.1,3.1,0,0,200,0,0,0,0,0,0,0,0,0,0,0,0,0,0,0,0,0,0,0,0,0,0,0,0,0,0,0,0,0,0,0,0,0,0,0,0,0,0,0,0,"MIA"
"17620",0,0,0,0,0,0,0,0,0,2,0,0,0,0.2,0,0,0,0,0,0,0,0,0,0,0,0,24,-6,"Wetjen, Kaden","WR",NA,"FantasySharks","Kaden","Wetjen","WR",0,0,0,0,0,0,0,0,0,0,0,0,0,0,0,0,0,144,0,0,0,0,0,0,0,0,0,0,0,0,0,0,0,0,0,0,0,0,0,0,0,0,0,0,0,0,0,0,0,0,0,0,0,0,0,0,0,0,"PIT"
"17706",0,0,0,0,0,0,0,0,0,0,0,0,0,0,0,0,0,0,0,0,0,0,0,0,0,0,24,-6,"Malik Benson","WR","5150247","ESPN","Malik","Benson","WR",11,6,79,0,0,0,0,0,0,0,0,0,0,0,0,0,0,0,0,0,0,0,0,0,0,0,0,0,0,0,0,0,0,0,0,0,0,0,0,0,0,0,0,0,0,0,0,0,0,0,0,0,0,0,0,0,0,0,"LV"
"11244",17,0,0,0,0,0,0,0,0,0.5,0,0,0.2,128.9,6.4,0,0,0,0,0,0,0,0,0,0,9.6,37,7,"Travis Kelce","TE","1725130","CBS","Travis","Kelce","TE",106.966666666667,74.625,776.75,47.9,10.4,4.7,0,0,0,0,0,0,4.6,1.4,14.9,0,0,0,0,0,0,0,0,1.8,1,0.6,0.4,0,0,0.5,0.2,0,0,0,0,0,0,0,0,0,0,0,0,0,0,0,0,0,0,0,0,0,0,0,0,0,0,0,"KC"
"11247",17,0,0,0,0,0,0,0,0,0,0,0,0,49.75,0.6,0,0,0,0,0,0,0,0,0,0,0,36,7,"Zach Ertz","TE","1685963","CBS","Zach","Ertz","TE",13,23.5,245,5.6,10.6,1.5,0,0,0,0,0,0,0,0,0,0,0,0,0,0,0,0,0,0,0,0,0,0,0,0,0,0,0,0,0,0,0,0,0,0,0,0,0,0,0,0,0,0,0,0,0,0,0,0,0,0,0,0,"WAS"
"12263",17,0,0,0,0,0,0,0,0,0,0,0,0,74,4.4,0,0,0,0,0,0,0,0,0,0,0,34,5,"Darren Waller","TE","1850793","CBS","Darren","Waller","TE",69,47.5,510,27.4,10.4,5.5,0,0,0,0,0,0,0,0,0,0,0,0,0,0,0,0,0,0,0,0,0,0,0,0,0,0,0,0,0,0,0,0,0,0,0,0,0,0,0,0,0,0,0,0,0,0,0,0,0,0,0,0,"CAR"
"12676",17,0,0,0,0,0,0,0,0,0,0,0,0,119.2,5.4,0,0,0,0,0,0,0,0,0,0,16.7,32,4,"Hunter Henry","TE","2079848","CBS","Hunter","Henry","TE",85.4333333333333,58.65,683.5,40.2,12.2,5.15,0,0,0,0,0,0,2.9,1.4,19.7,0,0,0,0,0,0,0,0,1.8,0.9,1.4,0.5,0,0,0.5,0.2,0,0,0,0,0,0,0,0,0,0,0,0,0,0,0,0,0,0,0,0,0,0,0,0,0,0,0,"NE"
"12677",17,0,0,0,0,0,0,0,0,0.5,0,0,0,40,1.8,0,0,0,0,0,0,0,0,0,0,3.3,32,4,"Austin Hooper","TE","2067004","CBS","Austin","Hooper","TE",29.3666666666667,22.35,233.75,16.6,11.3,1.5,0,0,0,0,0,0,0.9,0.4,4.7,0,0,0,0,0,0,0,0,1,0,0,0,0,0,0.1,0.1,0,0,0,0,0,0,0,0,0,0,0,0,0,0,0,0,0,0,0,0,0,0,0,0,0,0,0,"ATL"
"12678",17,0,0,0,0,0,0,0,0,0,0,0,0,64.7,3.8,0,0,0,0,0,0,0,0,0,0,4.8,33,4,"Tyler Higbee","TE","1853103","CBS","Tyler","Higbee","TE",41.8666666666667,29.375,337.5,29.4,12.5,2.425,0,0,0,0,0,0,1.5,0.8,11.1,0,0,0,0,0,0,0,0,1.6,0,0.2,0,0,0,0.3,0.1,0,0,0,0,0,0,0,0,0,0,0,0,0,0,0,0,0,0,0,0,0,0,0,0,0,0,0,"LAR"
"12680",17,0,0,0,0,0,0,0,0,0,0,0,0,16,0.9,0,0,0,0,0,0,0,0,0,0,0,33,4,"Nick Vannett","TE","1871322","CBS","Nick","Vannett","TE",12,10,96,5.6,9.6,2,0,0,0,0,0,0,0,0,0,0,0,0,0,0,0,0,0,0,0,0,0,0,0,0,0,0,0,0,0,0,0,0,0,0,0,0,0,0,0,0,0,0,0,0,0,0,0,0,0,0,0,0,"SEA"
"12955",0,0,0,0,0,0,0,0,0,0,0,0,0,7.5,0,0,0,0,0,0,0,0,0,0,0,1.8,34,4,"Manhertz, Chris","TE",NA,"FantasySharks","Chris","Manhertz","TE",8,5.1,55,0,0,0.3,0,0,0,0,0,0,0.2,0.1,1.8,0,0,0,0,0,0,0,0,0.3,0,0,0,0,0,0,0,0,0,0,0,0,0,0,0,0,0,0,0,0,0,0,0,0,0,0,0,0,0,0,0,0,0,0,"NYG"
"13189",17,0,0,0,0,0,0,0,0,2.5,0,0,0,66.7666666666667,3.4,0,0,0,0,0,0,0,0,0,0,4.6,32,3,"Evan Engram","TE","2079887","CBS","Evan","Engram","TE",78.3666666666667,48.8,448.25,28.1,8.5,2.025,0,0,0,0,0,0,1.9,0.9,10.6,0,0,0,0,0,0,0,0,0,1.1,0,0,0,0,0.3,0.1,0,0,0,0,0,0,0,0,0,0,0,0,0,0,0,0,0,0,0,0,0,0,0,0,0,0,0,"DEN"
"13192",17,0,0,0,0,0,0,0,0,0,0,0,0,104.066666666667,4,0,0,0,0,0,0,0,0,0,0,4.6,30,3,"David Njoku","TE","2136474","CBS","David","Njoku","TE",56.2666666666667,45.375,464.75,23.8,9.6,4.9,0,0,0,0,0,0,1.5,0.8,9.5,0,0,0,0,0,0,0,0,3.3,1.3,0,0,0,0,0.3,0.1,0,0,0,0,0,0,0,0,0,0,0,0,0,0,0,0,0,0,0,0,0,0,0,0,0,0,0,"LAC"
"13193",0,0,0,0,0,0,0,0,4,21,0,0,0,90.8,0,0,0,0,0,0,0,0,0,0,0,0,31,3,"Jonnu Smith","TE","15973","RTSports","Jonnu","Smith","TE",0,39,398,0,0,2,0,0,0,0,0,0,0,0,0,0,0,0,0,0,0,0,0,0,0,0,0,0,0,0,0,0,0,0,0,0,0,0,0,0,0,0,0,0,0,0,0,0,0,0,0,0,0,0,0,0,0,0,"PIT"
"13246",0,0,0,0,0,0,0,0,0,0,0,0,0,28.55,0,0,0,0,0,0,0,0,0,0,0,2.9,33,3,"Alie-Cox, Mo","TE",NA,"FantasySharks","Mo","Alie-Cox","TE",24.4,14.45,153,0,0,1.05,0,0,0,0,0,0,0.5,0.3,6.1,0,0,0,0,0,0,0,0,0.9,0.2,0,0,0,0,0.1,0,0,0,0,0,0,0,0,0,0,0,0,0,0,0,0,0,0,0,0,0,0,0,0,0,0,0,0,"IND"
"13299",17,0,0,0,0,0,0,0,0,-0.65,0,0,0.4,131.833333333333,6.9,0,0,0,0,0,0,0,0,0,0,11.9,33,3,"George Kittle","TE","2818265","CBS","George","Kittle","TE",84.3,65.4,768,49.6,11.7,6.025,0,0,0,0,0,0,4.2,1.4,13.6,0,0,0,0,0,0,0,0,3.4,2.1,0.1,0.5,0,0,0.5,0.2,0,0,0,0,0,0,0,0,0,0,0,0,0,0,0,0,0,0,0,0,0,0,0,0,0,0,0,"SF"
"13315",0,0,0,0,0,0,0,0,0,0,0,0,0,4.2,0,0,0,0,0,0,0,0,0,0,0,2.6,32,3,"Saubert, Eric","TE",NA,"FantasySharks","Eric","Saubert","TE",9.2,6.6,42,0,0,0,0,0,0,0,0,0,0.2,0.1,5,0,0,0,0,0,0,0,0,0,0,0,0,0,0,0,0,0,0,0,0,0,0,0,0,0,0,0,0,0,0,0,0,0,0,0,0,0,0,0,0,0,0,0,"SEA"
"13427",0,0,0,0,0,0,0,0,0,16,0,0,0,2.4,0,0,0,0,0,0,0,0,0,0,0,0.4,32,3,"Tonyan, Robert","TE",NA,"FantasySharks","Robert","Tonyan","TE",3.1,0.9,8,0,0,0,0,0,0,0,0,0,0,0,0.4,0,0,0,0,0,0,0,0,0,0,0,0,0,0,0,0,0,0,0,0,0,0,0,0,0,0,0,0,0,0,0,0,0,0,0,0,0,0,0,0,0,0,0,"PIT"
"13671",17,0,0,0,0,0,0,0,5,24,0,0.566666666666667,0.25,128.966666666667,6.4,0,0,0,0,0,0,0,0,0,0,14.1,31,2,"Mark Andrews","TE","2131121","CBS","Mark","Andrews","TE",80.5333333333333,56.45,610.75,32.3,10,7.575,0,0,0,0,0,0,2.2,1.1,17.1,0,0,0,0,0,0,0,0,4,2.5,0.7,0,0,0,0.4,0.1,0,0,0,0,0,0,0,0,0,0,0,0,0,0,0,0,0,0,0,0,0,0,0,0,0,0,0,"BAL"
"13672",17,0,0,0,0,0,0,0,0,0,0,0,0.35,82.5,3.8,0,0,0,0,0,0,0,0,0,0,7.5,31,2,"Mike Gesicki","TE","2139298","CBS","Mike","Gesicki","TE",64.7666666666667,46.625,494.25,31.8,11,3.35,0,0,0,0,0,0,2.1,1,9.7,0,0,0,0,0,0,0,0,0.5,2.4,0.3,0,0.2,0,0.3,0.1,0,0,0,0,0,0,0,0,0,0,0,0,0,0,0,0,0,0,0,0,0,0,0,0,0,0,0,"CIN"
"13674",17,0,0,0,0,0,0,0,0,3.5,0,0.45,0,128.933333333333,8,0,0,0,0,0,0,0,0,0,0,13.9,31,2,"Dallas Goedert","TE","2132551","CBS","Dallas","Goedert","TE",86.9666666666667,61.025,635,42.2,10.5,7.725,0,0,0,0,0,0,2.2,1.1,15.2,0,0,0,0,0,0,0,0,5.3,2.7,0.4,0.4,0,0,0.4,0.1,0,0,0,0,0,0,0,0,0,0,0,0,0,0,0,0,0,0,0,0,0,0,0,0,0,0,0,"PHI"
"13675",0,0,0,0,0,0,0,0,0,0.5,0,0,0,21.35,0,0,0,0,0,0,0,0,0,0,0,1.5,31,2,"Conklin, Tyler","TE",NA,"FantasySharks","Tyler","Conklin","TE",14,10.1,107.5,0,0,0.75,0,0,0,0,0,0,0.4,0.2,1.5,0,0,0,0,0,0,0,0,0.5,0,0,0,0,0,0.1,0,0,0,0,0,0,0,0,0,0,0,0,0,0,0,0,0,0,0,0,0,0,0,0,0,0,0,0,"DET"
"13676",0,0,0,0,0,0,0,0,0,0,0,0,0,20.2,0,0,0,0,0,0,0,0,0,0,0,0.3,31,2,"Smythe, Durham","TE",NA,"FantasySharks","Durham","Smythe","TE",23,12.55,122,0,0,0.5,0,0,0,0,0,0,0.6,0.3,2.2,0,0,0,0,0,0,0,0,0,0,0,0,0,0,0.1,0,0,0,0,0,0,0,0,0,0,0,0,0,0,0,0,0,0,0,0,0,0,0,0,0,0,0,0,"BAL"
"13678",17,0,0,0,0,0,0,0,0,0,0,0,0,11.8,0.6,0,0,0,0,0,0,0,0,0,0,0,30,2,"Ian Thomas","TE","2253359","CBS","Ian","Thomas","TE",12.5,11.55,112,5.2,8.8,0.5,0,0,0,0,0,0,0.5,0.3,0.6,0,0,0,0,0,0,0,0,0,0,0,0,0,0,0.1,0,0,0,0,0,0,0,0,0,0,0,0,0,0,0,0,0,0,0,0,0,0,0,0,0,0,0,0,"LV"
"13763",0,0,0,0,0,0,0,0,0,0,0,0,0,41,0,0,0,0,0,0,0,0,0,0,0,0,30,2,"Will Dissly","TE","16332","RTSports","Will","Dissly","TE",0,17,180,0,0,1,0,0,0,0,0,0,0,0,0,0,0,0,0,0,0,0,0,0,0,0,0,0,0,0,0,0,0,0,0,0,0,0,0,0,0,0,0,0,0,0,0,0,0,0,0,0,0,0,0,0,0,0,"LAC"
"13772",17,0,0,0,0,0,0,0,0,0,0,0,0,106,5,0,0,0,0,0,0,0,0,0,0,6.4,30,2,"Dalton Schultz","TE","2136748","CBS","Dalton","Schultz","TE",90.2666666666667,64.1,626.75,40.2,9.6,3.625,0,0,0,0,0,0,2.7,1.3,9.9,0,0,0,0,0,0,0,0,1.7,0.4,0.4,0,0,0,0.4,0.2,0,0,0,0,0,0,0,0,0,0,0,0,0,0,0,0,0,0,0,0,0,0,0,0,0,0,0,"HOU"
"13919",17,0,0,0,0,0,0,0,0,0,0,0,0,10,0.6,0,0,0,0,0,0,0,0,0,0,0,31,2,"Anthony Firkser","TE","2818971","CBS","Anthony","Firkser","TE",15,12,103,6.1,8.6,1,0,0,0,0,0,0,0,0,0,0,0,0,0,0,0,0,0,0,0,0,0,0,0,0,0,0,0,0,0,0,0,0,0,0,0,0,0,0,0,0,0,0,0,0,0,0,0,0,0,0,0,0,"DET"
"13940",0,0,0,0,0,0,0,0,0,0,0,0,0,3.1,0,0,0,0,0,0,0,0,0,0,0,0,32,3,"Mundt, Johnny","TE",NA,"FantasySharks","Johnny","Mundt","TE",5.8,3.1,31,0,0,0,0,0,0,0,0,0,0.1,0.1,0,0,0,0,0,0,0,0,0,0,0,0,0,0,0,0,0,0,0,0,0,0,0,0,0,0,0,0,0,0,0,0,0,0,0,0,0,0,0,0,0,0,0,0,"PHI"
"13994",0,0,0,0,0,0,0,0,0,0,0,0,0,5.6,0,0,0,0,0,0,0,0,0,0,0,2.5,32,3,"Brown, Pharaoh","TE",NA,"FantasySharks","Pharaoh","Brown","TE",15.4,10.2,56,0,0,0,0,0,0,0,0,0,0.2,0.1,3.1,0,0,0,0,0,0,0,0,0,0,0,0,0,0,0,0,0,0,0,0,0,0,0,0,0,0,0,0,0,0,0,0,0,0,0,0,0,0,0,0,0,0,0,"IND"
"14060",0,0,0,0,0,0,0,0,0,0,0,0,0,1,0,0,0,0,0,0,0,0,0,0,0,0,29,1,"Jackson, Tyree","TE",NA,"FantasySharks","Tyree","Jackson","TE",4.5,1.7,10,0,0,0,0,0,0,0,0,0,0,0,0,0,0,0,0,0,0,0,0,0,0,0,0,0,0,0,0,0,0,0,0,0,0,0,0,0,0,0,0,0,0,0,0,0,0,0,0,0,0,0,0,0,0,0,"WAS"
"14137",17,0,0,0,0,0,0,0,0,22,0,0,2.4,48.7333333333333,2.3,0,0,0,0,0,0,0,0,0,0,4.3,29,1,"Noah Fant","TE","2251095","CBS","Noah","Fant","TE",37.8333333333333,30.6,291.5,24.8,9.8,1.5,0,0,0,0,0,0,0.9,0.5,2.9,0,0,0,0,0,0,0,0,0,0.3,0.6,0,0,0,0.2,0.1,0,0,0,0,0,0,0,0,0,0,0,0,0,0,0,0,0,0,0,0,0,0,0,0,0,0,0,"NO"
"14138",17,0,0,0,0,0,0,0,0,0,0,0,0,106.3,4,0,0,0,0,0,0,0,0,0,0,7.8,29,1,"T.J. Hockenson","TE","2251097","CBS","T.J.","Hockenson","TE",88.5333333333333,66.625,622.25,30.4,9.4,3.825,0,0,0,0,0,0,2.5,1.3,13.4,0,0,0,0,0,0,0,0,2.7,0,0.6,0,0,0,0.4,0.2,0,0,0,0,0,0,0,0,0,0,0,0,0,0,0,0,0,0,0,0,0,0,0,0,0,0,0,"MIN"
"14143",17,0,0,0,0,0,0,0,0,0,0,0,0,64.2,2.9,0,0,0,0,0,0,0,0,0,0,9.2,30,1,"Dawson Knox","TE","2186345","CBS","Dawson","Knox","TE",45.2333333333333,31.05,365,23.6,11.5,2.9,0,0,0,0,0,0,1.9,0.9,11.3,0,0,0,0,0,0,0,0,0.7,1.9,0,0,0,0,0.3,0.1,0,0,0,0,0,0,0,0,0,0,0,0,0,0,0,0,0,0,0,0,0,0,0,0,0,0,0,"BUF"
"14146",0,0,0,0,0,0,0,0,0,0.5,0,0,0.2,30.25,0,0,0,0,0,0,0,0,0,0,0,2.3,30,1,"Drew Sample","TE","3127310","ESPN","Drew","Sample","TE",27.2,19.8666666666667,159,0,0,0.866666666666667,0,0,0,0,0,0,0.8,0.4,2.7,0,0,0,0,0,0,0,0,0.6,0,0,0,0,0,0.1,0.1,0,0,0,0,0,0,0,0,0,0,0,0,0,0,0,0,0,0,0,0,0,0,0,0,0,0,0,"CIN"
"14209",17,0,0,0,0,0,0,0,0,0,0,0,0,45.2666666666667,2.4,0,0,0,0,0,0,0,0,0,0,3.6,29,1,"Josh Oliver","TE","2184618","CBS","Josh","Oliver","TE",26.1,19.7,205.25,14.3,11.1,2.625,0,0,0,0,0,0,0.9,0.4,4.6,0,0,0,0,0,0,0,0,0.6,1.2,0,0.7,0,0,0.1,0.1,0,0,0,0,0,0,0,0,0,0,0,0,0,0,0,0,0,0,0,0,0,0,0,0,0,0,0,"MIN"
"14239",17,0,0,0,0,0,0,0,0,1,0,0,0,27.1666666666667,1,0,0,0,0,0,0,0,0,0,0,2.8,29,1,"Foster Moreau","TE","2180634","CBS","Foster","Moreau","TE",20,15.2333333333333,158.666666666667,7.8,12,1.33333333333333,0,0,0,0,0,0,0.5,0.3,3.5,0,0,0,0,0,0,0,0,0,0,0,0,0,0,0.1,0,0,0,0,0,0,0,0,0,0,0,0,0,0,0,0,0,0,0,0,0,0,0,0,0,0,0,0,"HOU"
"14341",0,0,0,0,0,0,0,0,0,18,0,0.35,0,26.05,0,0,0,0,0,0,0,0,0,0,0,2.3,29,1,"Parham, Donald","TE",NA,"FantasySharks","Donald","Parham","TE",14.2,11.75,114.5,0,0,0.5,0,0,0,0,0,0,0.3,0.1,0.7,0,0,0,0,0,0,0,0,0,0,0,0,0,0,0.1,0,0,0,0,0,0,0,0,0,0,0,0,0,0,0,0,0,0,0,0,0,0,0,0,0,0,0,0,"PIT"
"14370",0,0,0,0,0,0,0,0,0,0,0,0,0,31.05,0,0,0,0,0,0,0,0,0,0,0,1.4,32,2,"Tanner Hudson","TE","3050481","ESPN","Tanner","Hudson","TE",21.4,17.7333333333333,158.666666666667,0,0,0.766666666666667,0,0,0,0,0,0,0.8,0.4,1.6,0,0,0,0,0,0,0,0,0,0.3,0,0,0,0,0.1,0.1,0,0,0,0,0,0,0,0,0,0,0,0,0,0,0,0,0,0,0,0,0,0,0,0,0,0,0,"CIN"
"14861",17,0,0,0,0,0,0,0,0,0,0,0,1.65,122.566666666667,5.9,0,0,0,0,0,0,0,0,0,0,3.6,30,0,"Juwan Johnson","TE","2186637","CBS","Juwan","Johnson","TE",91.4333333333333,68.2,768,51,12.2,3.575,0,0,0,0,0,0,5.5,1.6,6.8,0,0,0,0,0,0,0,0,0.4,1.5,0,0.3,0,0,0.5,0.2,0,0,0,0,0,0,0,0,0,0,0,0,0,0,0,0,0,0,0,0,0,0,0,0,0,0,0,"NO"
"14867",17,0,0,0,0,0,0,0,0,0.5,0,0,0,52.2333333333333,1.6,0,0,0,0,0,0,0,0,0,0,5.8,27,0,"Cole Kmet","TE","2868619","CBS","Cole","Kmet","TE",36.7333333333333,26.65,275,13.5,10.5,2.25,0,0,0,0,0,0,1.3,0.7,7.5,0,0,0,0,0,0,0,0,0.5,1.7,0.8,0,0,0,0.2,0.1,0,0,0,0,0,0,0,0,0,0,0,0,0,0,0,0,0,0,0,0,0,0,0,0,0,0,0,"CHI"
"14870",17,0,0,0,0,0,0,0,0,0.05,0,0,0,37.9333333333333,1.8,0,0,0,0,0,0,0,0,0,0,1.6,29,0,"Adam Trautman","TE","2182228","CBS","Adam","Trautman","TE",31.95,23.3333333333333,237.666666666667,16.5,10.4,1.7,0,0,0,0,0,0,0.8,0.4,1.6,0,0,0,0,0,0,0,0,0.6,0.5,0,0,0,0,0.1,0.1,0,0,0,0,0,0,0,0,0,0,0,0,0,0,0,0,0,0,0,0,0,0,0,0,0,0,0,"DEN"
"14871",17,0,0,0,0,0,0,0,0,0,0,0,0.5,84.7333333333333,4.1,0,0,0,0,0,0,0,0,0,0,14.8,27,0,"Colby Parkinson","TE","2867522","CBS","Colby","Parkinson","TE",52.3333333333333,34.625,389.5,25.6,10.6,5.15,0,0,0,0,0,0,2.4,1.2,19.4,0,0,0,0,0,0,0,0,3.8,2.6,1.3,0,0,0,0.4,0.1,0,0,0,0,0,0,0,0,0,0,0,0,0,0,0,0,0,0,0,0,0,0,0,0,0,0,0,"LAR"
"14984",17,0,0,0,0,0,0,0,0,0,0,0,0,13.6,1.2,0,0,0,0,0,0,0,0,0,0,0,29,0,"Charlie Woerner","TE","2248629","CBS","Charlie","Woerner","TE",23.55,17.65,142,13.1,8.9,0.5,0,0,0,0,0,0,0.2,0.1,1.2,0,0,0,0,0,0,0,0,0,0,0,0,0,0,0,0,0,0,0,0,0,0,0,0,0,0,0,0,0,0,0,0,0,0,0,0,0,0,0,0,0,0,0,"ATL"
"15244",0,0,0,0,0,0,0,0,0,3,0,0,0,0.3,0,0,0,0,0,0,0,0,0,0,0,0,29,-1,"Franks, Feleipe","TE",NA,"FantasySharks","Feleipe","Franks","TE",0,0,0,0,0,0,0,0,0,0,0,0,0,0,0,0,0,0,0,0,0,0,0,0,0,0,0,0,0,0,0,0,0,0,0,0,0,0,0,0,0,0,0,0,0,0,0,0,0,0,0,0,0,0,0,0,0,0,"CAR"
"15329",17,0,0,0,0,0,0,0,0,0,0,0,0,139.333333333333,7.4,0,0,0,0,0,0,0,0,0,0,8,26,-1,"Kyle Pitts","TE","2964514","CBS","Kyle","Pitts","TE",112.4,76.325,846,54.8,11.4,5.05,0,0,0,0,0,0,5.8,1.6,12.6,0,0,0,0,0,0,0,0,2.3,1,0,0.5,0.5,0,0.5,0.2,0,0,0,0,0,0,0,0,0,0,0,0,0,0,0,0,0,0,0,0,0,0,0,0,0,0,0,"ATL"
"15330",0,0,0,0,0,0,0,0,0,0,0,0,0,44.3,0,0,0,0,0,0,0,0,0,0,0,0,26,-1,"Brevin Jordan","TE","17396","RTSports","Brevin","Jordan","TE",0,19,193,0,0,1,0,0,0,0,0,0,0,0,0,0,0,0,0,0,0,0,0,0,0,0,0,0,0,0,0,0,0,0,0,0,0,0,0,0,0,0,0,0,0,0,0,0,0,0,0,0,0,0,0,0,0,0,"HOU"
"15331",17,0,0,0,0,0,0,0,0,2,0,0.1,0.25,102.933333333333,4.4,0,0,0,0,0,0,0,0,0,0,10.6,28,-1,"Pat Freiermuth","TE","2961270","CBS","Pat","Freiermuth","TE",72.8,53.775,567.75,30.1,11.1,4.525,0,0,0,0,0,0,2.2,1.1,11.6,0,0,0,0,0,0,0,0,1.3,1.6,1.1,0,0,0.2,0.4,0.1,0,0,0,0,0,0,0,0,0,0,0,0,0,0,0,0,0,0,0,0,0,0,0,0,0,0,0,"PIT"
"15332",17,0,0,0,0,0,0,0,0,0,0,0,0,46.1,1.4,0,0,0,0,0,0,0,0,0,0,5.1,26,-1,"Tommy Tremble","TE","2969027","CBS","Tommy","Tremble","TE",34.8333333333333,25.6,240.25,11.8,8.7,2.125,0,0,0,0,0,0,1.5,0.7,8.5,0,0,0,0,0,0,0,0,2.7,0.8,0,0,0,0,0.2,0.1,0,0,0,0,0,0,0,0,0,0,0,0,0,0,0,0,0,0,0,0,0,0,0,0,0,0,0,"CAR"
"15334",17,0,0,0,0,0,0,0,0,0,0,0,0,13.9,0.9,0,0,0,0,0,0,0,0,0,0,1.3,28,-1,"Hunter Long","TE","2867428","CBS","Hunter","Long","TE",12.5,8.75,71.5,5.3,9,1.55,0,0,0,0,0,0,0.2,0.1,1.3,0,0,0,0,0,0,0,0,1.1,0,0,0,0,0,0,0,0,0,0,0,0,0,0,0,0,0,0,0,0,0,0,0,0,0,0,0,0,0,0,0,0,0,0,"JAC"
"15335",0,0,0,0,0,0,0,0,0,0,0,0,0.8,23.25,0,0,0,0,0,0,0,0,0,0,0,3.2,29,-1,"Farrell, Luke","TE",NA,"FantasySharks","Luke","Farrell","TE",20.5,12.05,96,0,0,1.6,0,0,0,0,0,0,0.4,0.2,4.3,0,0,0,0,0,0,0,0,1.1,1,0,0,0,0,0.1,0,0,0,0,0,0,0,0,0,0,0,0,0,0,0,0,0,0,0,0,0,0,0,0,0,0,0,0,"SFO"
"15337",17,0,0,0,0,0,0,0,0,-1.1,0,0,0,41.3,0.7,0,0,0,0,0,0,0,0,0,0,3.2,27,-1,"Noah Gray","TE","2866903","CBS","Noah","Gray","TE",38.3333333333333,25.85,248.75,8.2,9.3,1.5,0,0,0,0,0,0,1.2,0.6,5.3,0,0,0,0,0,0,0,0,1.6,0.2,0,0.2,0,0,0.2,0.1,0,0,0,0,0,0,0,0,0,0,0,0,0,0,0,0,0,0,0,0,0,0,0,0,0,0,0,"KC"
"15344",17,0,0,0,0,0,0,0,0,0,0,0,0.75,23.1,1.4,0,0,0,0,0,0,0,0,0,0,2.3,29,-1,"John Bates","TE","2257291","CBS","John","Bates","TE",24.1333333333333,15.375,152,12,10.2,1.025,0,0,0,0,0,0,0.5,0.3,2.3,0,0,0,0,0,0,0,0,0.1,0,0,0,0,0,0.1,0,0,0,0,0,0,0,0,0,0,0,0,0,0,0,0,0,0,0,0,0,0,0,0,0,0,0,0,"WAS"
"15419",0,0,0,0,0,0,0,0,0,0,0,0,0,18.9,0,0,0,0,0,0,0,0,0,0,0,1.1,28,-1,"Granson, Kylen","TE",NA,"FantasySharks","Kylen","Granson","TE",22.5,12.05,114,0,0,0,0,0,0,0,0,0,0.3,0.1,2.9,0,0,0,0,0,0,0,0,0,0,0,0,0,0,0,0,0,0,0,0,0,0,0,0,0,0,0,0,0,0,0,0,0,0,0,0,0,0,0,0,0,0,0,"TEN"
"15541",17,0,0,0,0,0,0,0,0,0,0,0,0,16.35,0.6,0,0,0,0,0,0,0,0,0,0,2.4,28,-1,"Jack Stoll","TE","2239684","CBS","Jack","Stoll","TE",24.8,14.15,112,5.6,8.7,1.3,0,0,0,0,0,0,0.5,0.3,3.6,0,0,0,0,0,0,0,0,1.1,0.5,0,0,0,0,0.1,0,0,0,0,0,0,0,0,0,0,0,0,0,0,0,0,0,0,0,0,0,0,0,0,0,0,0,0,"CLE"
"15626",17,0,0,0,0,0,0,0,0,0,0,0,0,39.2,2.5,0,0,0,0,0,0,0,0,0,0,5.6,28,-1,"Brock Wright","TE","2807423","CBS","Brock","Wright","TE",35.3,22.3,189.666666666667,16.4,8.7,2.86666666666667,0,0,0,0,0,0,0.5,0.3,6.4,0,0,0,0,0,0,0,0,2.6,0,0,0,0,0,0.1,0,0,0,0,0,0,0,0,0,0,0,0,0,0,0,0,0,0,0,0,0,0,0,0,0,0,0,0,"DET"
"15794",17,0,0,0,0,0,0,0,0,0.5,0,0.25,0,201.166666666667,8.7,0,0,0,0,0,0,0,0,0,0,21.1,27,-2,"Trey McBride","TE","2963385","CBS","Trey","McBride","TE",158.366666666667,114.725,1119,63.6,9.4,7.6,0,0,0,0,0,0,13.5,3,32.1,0,0,0,0,0,0,0,0,2.4,4.5,0.5,0,0,0,0.8,0.3,0,0,0,0,0,0,0,0,0,0,0,0,0,0,0,0,0,0,0,0,0,0,0,0,0,0,0,"ARI"
"15795",17,0,0,0,0,0,0,0,0,0,0,0,0,39.8333333333333,2.8,0,0,0,0,0,0,0,0,0,0,1.3,27,-2,"Charlie Kolar","TE","2866273","CBS","Charlie","Kolar","TE",22.5333333333333,16.525,210.75,19.6,13.3,1.875,0,0,0,0,0,0,0.4,0.2,1.3,0,0,0,0,0,0,0,0,0,0.5,0,0,0,0,0.1,0,0,0,0,0,0,0,0,0,0,0,0,0,0,0,0,0,0,0,0,0,0,0,0,0,0,0,0,"LAC"
"15796",17,0,0,0,0,0,0,0,0,0,0,0,0,28.5666666666667,1.4,0,0,0,0,0,0,0,0,0,0,1.5,26,-2,"Jeremy Ruckert","TE","2965446","CBS","Jeremy","Ruckert","TE",31.65,22.8333333333333,170.666666666667,11.6,7.3,1.16666666666667,0,0,0,0,0,0,0.6,0.3,2.4,0,0,0,0,0,0,0,0,0.5,0,0,0,0,0,0.1,0,0,0,0,0,0,0,0,0,0,0,0,0,0,0,0,0,0,0,0,0,0,0,0,0,0,0,0,"NYJ"
"15797",17,0,0,0,0,0,0,0,0,-5.05,0,0,1.8,99.1666666666667,4.6,0,0,0,0,0,0,0,0,0,0,14.4,26,-2,"Greg Dulcich","TE","2964274","CBS","Greg","Dulcich","TE",74.8,53.275,600,39.7,11.6,3.925,0,0,0,0,0,0,2.4,1.2,15.9,0,0,0,0,0,0,0,0,2.4,2.3,0,0,0,0,0.4,0.1,0,0,0,0,0,0,0,0,0,0,0,0,0,0,0,0,0,0,0,0,0,0,0,0,0,0,0,"MIA"
"15798",17,0,0,0,0,0,0,0,0,0,0,0,1.45,134.4,7,0,0,0,0,0,0,0,0,0,0,12,26,-2,"Isaiah Likely","TE","2961906","CBS","Isaiah","Likely","TE",89.2333333333333,65.35,781.5,52.8,13,5.3,0,0,0,0,0,0,2.9,1.5,16,0,0,0,0,0,0,0,0,1.9,0.5,1.3,0,0.5,0,0.5,0.2,0,0,0,0,0,0,0,0,0,0,0,0,0,0,0,0,0,0,0,0,0,0,0,0,0,0,0,"NYG"
"15799",17,0,0,0,0,0,0,0,0,0.5,0,0,2.15,116.833333333333,5.5,0,0,0,0,0,0,0,0,0,0,13.1,27,-2,"Jake Ferguson","TE","2867159","CBS","Jake","Ferguson","TE",100.333333333333,75.25,620.25,37.4,8.2,5.825,0,0,0,0,0,0,2.4,1.2,18.1,0,0,0,0,0,0,0,0,3.5,0.5,0.3,0,0,0,0.4,0.2,0,0,0,0,0,0,0,0,0,0,0,0,0,0,0,0,0,0,0,0,0,0,0,0,0,0,0,"DAL"
"15800",17,0,0,0,0,0,0,0,12,36,0,1,0,24.75,1.4,0,0,0,0,0,0,0,0,0,0,0,27,-2,"Connor Heyward","FB","2867599","CBS","Connor","Heyward","TE",19,12.5,99,6.1,7.4,1.5,0,0,0,0,0,0,0,0,0,0,0,0,0,0,0,0,0,0,0,0,0,0,0,0,0,0,0,0,0,0,0,0,0,0,0,0,0,0,0,0,0,0,0,0,0,0,0,0,0,0,0,0,"LV"
"15802",17,0,0,0,0,0,0,0,0,0,0,0,0,103.8,5.1,0,0,0,0,0,0,0,0,0,0,6.6,27,-2,"Cade Otton","TE","2815179","CBS","Cade","Otton","TE",79.2666666666667,57.15,577,41.5,10.5,3.425,0,0,0,0,0,0,2.2,1.1,9.3,0,0,0,0,0,0,0,0,1.5,1.2,0,0,0,0,0.4,0.1,0,0,0,0,0,0,0,0,0,0,0,0,0,0,0,0,0,0,0,0,0,0,0,0,0,0,0,"TB"
"15803",17,0,0,0,0,0,0,0,0,0,0,0,0,10,0.6,0,0,0,0,0,0,0,0,0,0,0,26,-2,"Cole Turner","TE","2961855","CBS","Cole","Turner","TE",12,9,88,5.2,9.8,1,0,0,0,0,0,0,0,0,0,0,0,0,0,0,0,0,0,0,0,0,0,0,0,0,0,0,0,0,0,0,0,0,0,0,0,0,0,0,0,0,0,0,0,0,0,0,0,0,0,0,0,0,"MIA"
"15804",17,0,0,0,0,0,0,0,0,0,0,0,0,28.9333333333333,1.6,0,0,0,0,0,0,0,0,0,0,0.5,28,-2,"Grant Calcaterra","TE","2804129","CBS","Grant","Calcaterra","TE",25.1,18.4333333333333,184.333333333333,13.6,10.5,1.1,0,0,0,0,0,0,0.4,0.2,2.4,0,0,0,0,0,0,0,0,0,0.3,0,0,0,0,0.1,0,0,0,0,0,0,0,0,0,0,0,0,0,0,0,0,0,0,0,0,0,0,0,0,0,0,0,0,"PHI"
"15840",0,0,0,0,0,0,0,0,0,0,0,0,0,14.15,0,0,0,0,0,0,0,0,0,0,0,0,28,-2,"Woods, Jelani","TE",NA,"FantasySharks","Jelani","Woods","TE",0.2,5.05,61.5,0,0,0.5,0,0,0,0,0,0,0,0,0,0,0,0,0,0,0,0,0,0,0,0,0,0,0,0,0,0,0,0,0,0,0,0,0,0,0,0,0,0,0,0,0,0,0,0,0,0,0,0,0,0,0,0,"NYJ"
"15873",17,0,0,0,0,0,0,0,0,0,0,0,0,44.7666666666667,2.5,0,0,0,0,0,0,0,0,0,0,5.4,26,-2,"Daniel Bellinger","TE","2963615","CBS","Daniel","Bellinger","TE",38.3,25.1333333333333,275.666666666667,19.5,12.8,2.16666666666667,0,0,0,0,0,0,1,0.5,4.8,0,0,0,0,0,0,0,0,0.4,0,1.1,0,0,0,0.2,0.1,0,0,0,0,0,0,0,0,0,0,0,0,0,0,0,0,0,0,0,0,0,0,0,0,0,0,0,"TEN"
"15889",17,0,0,0,0,0,0,0,0,0,0,0,0,106.666666666667,4.3,0,0,0,0,0,0,0,0,0,0,6.1,27,-2,"Chigoziem Okonkwo","TE","2965208","CBS","Chigoziem","Okonkwo","TE",77.6,56.975,617.5,37.1,11.9,3.475,0,0,0,0,0,0,2.4,1.2,7.7,0,0,0,0,0,0,0,0,2.5,0,0.3,0,1,0,0.4,0.2,0,0,0,0,0,0,0,0,0,0,0,0,0,0,0,0,0,0,0,0,0,0,0,0,0,0,0,"WAS"
"15905",17,0,0,0,0,0,0,0,0,0,0,0,0,10,0.6,0,0,0,0,0,0,0,0,0,0,0,26,-2,"Teagan Quitoriano","TE","2965963","CBS","Teagan","Quitoriano","TE",15,12,109,6.4,9.1,1,0,0,0,0,0,0,0,0,0,0,0,0,0,0,0,0,0,0,0,0,0,0,0,0,0,0,0,0,0,0,0,0,0,0,0,0,0,0,0,0,0,0,0,0,0,0,0,0,0,0,0,0,"ARI"
"15909",0,0,0,0,0,0,0,0,0,0,0,0,0,19.55,0,0,0,0,0,0,0,0,0,0,0,0.6,27,-2,"Mitchell, James","TE",NA,"FantasySharks","James","Mitchell","TE",12.2,9.9,102,0,0,0.65,0,0,0,0,0,0,0.4,0.2,1.6,0,0,0,0,0,0,0,0,0.3,0,0,0,0,0,0.1,0,0,0,0,0,0,0,0,0,0,0,0,0,0,0,0,0,0,0,0,0,0,0,0,0,0,0,0,"CAR"
"15916",0,0,0,0,0,0,0,0,0,0,0,0,0,19.5,0,0,0,0,0,0,0,0,0,0,0,0.9,28,-2,"Ogletree, Drew","TE",NA,"FantasySharks","Drew","Ogletree","TE",18.9,11.5,141,0,0,0.9,0,0,0,0,0,0,0.6,0.3,1.7,0,0,0,0,0,0,0,0,0.9,0,0,0,0,0,0.1,0,0,0,0,0,0,0,0,0,0,0,0,0,0,0,0,0,0,0,0,0,0,0,0,0,0,0,0,"IND"
"15925",0,0,0,0,0,0,0,0,0,0,0,0,0,9.7,0,0,0,0,0,0,0,0,0,0,0,2.2,26,-2,"FitzPatrick, John","TE",NA,"FantasySharks","John","FitzPatrick","TE",14.6,10.7,66,0,0,0.5,0,0,0,0,0,0,0.3,0.1,3.1,0,0,0,0,0,0,0,0,0.5,0,0,0,0,0,0,0,0,0,0,0,0,0,0,0,0,0,0,0,0,0,0,0,0,0,0,0,0,0,0,0,0,0,0,"GBP"
"15970",17,0,0,0,0,0,0,0,0,0,0,0,0,17.55,0.6,0,0,0,0,0,0,0,0,0,0,0,28,-2,"Lucas Krull","TE","2961761","CBS","Lucas","Krull","TE",16,11,90,5.2,7.4,1,0,0,0,0,0,0,0,0,0,0,0,0,0,0,0,0,0,0,0,0,0,0,0,0,0,0,0,0,0,0,0,0,0,0,0,0,0,0,0,0,0,0,0,0,0,0,0,0,0,0,0,0,"DEN"
"16036",17,0,0,0,0,0,0,0,0,0,0,0,0.9,66.2333333333333,0.6,0,0,0,0,0,0,0,0,0,0,11.1,27,-2,"Jake Tonges","TE","2870660","CBS","Jake","Tonges","TE",33.8333333333333,27.775,266.25,5.9,8.4,3.35,0,0,0,0,0,0,1.7,0.9,11.7,0,0,0,0,0,0,0,0,5.5,0.4,1.5,0,0,0,0.3,0.1,0,0,0,0,0,0,0,0,0,0,0,0,0,0,0,0,0,0,0,0,0,0,0,0,0,0,0,"SF"
"16093",0,0,0,0,0,0,0,0,0,0,0,0,0,1.4,0,0,0,0,0,0,0,0,0,0,0,0,NA,NA,"Miller, Dre","TE",NA,"FantasySharks",NA,NA,NA,5.8,3.6,14,0,0,0,0,0,0,0,0,0,0.1,0,0,0,0,0,0,0,0,0,0,0,0,0,0,0,0,0,0,0,0,0,0,0,0,0,0,0,0,0,0,0,0,0,0,0,0,0,0,0,0,0,0,0,0,0,"GBP"
"16113",0,0,0,0,0,0,0,0,0,0,0,0,0,15.295,0,0,0,0,0,0,0,0,0,0,0,0,28,-2,"Smartt, Stone","TE",NA,"FantasySharks","Stone","Smartt","TE",17.9,14,154.5,0,0,0,0,0,0,0,0,0,0.6,0.3,1.2,0,0,0,0,0,0,0,0,0,0,0,0,0,0,0.1,0,0,0,0,0,0,0,0,0,0,0,0,0,0,0,0,0,0,0,0,0,0,0,0,0,0,0,0,"PHI"
"16212",17,0,0,0,0,0,0,0,0,0,0,0,0,49.2666666666667,2.3,0,0,0,0,0,0,0,0,0,0,4.3,25,-3,"Michael Mayer","TE","3171673","CBS","Michael","Mayer","TE",57.5333333333333,37.275,333.25,20.6,8.8,1.375,0,0,0,0,0,0,1.3,0.6,7.5,0,0,0,0,0,0,0,0,0.5,0,0,0,0,0,0.2,0.1,0,0,0,0,0,0,0,0,0,0,0,0,0,0,0,0,0,0,0,0,0,0,0,0,0,0,0,"LV"
"16213",17,0,0,0,0,0,0,0,0,0,0,0,0,124.666666666667,6.5,0,0,0,0,0,0,0,0,0,0,11,27,-3,"Dalton Kincaid","TE","2982991","CBS","Dalton","Kincaid","TE",78.4333333333333,58.025,687.5,45.8,13,5.775,0,0,0,0,0,0,2.4,1.2,12.1,0,0,0,0,0,0,0,0,0.7,3.1,1.2,0,0,0,0.4,0.2,0,0,0,0,0,0,0,0,0,0,0,0,0,0,0,0,0,0,0,0,0,0,0,0,0,0,0,"BUF"
"16214",17,0,0,0,0,0,0,0,0,0,0,0,0,131.7,7,0,0,0,0,0,0,0,0,0,0,11.2,25,-3,"Sam LaPorta","TE","3124197","CBS","Sam","LaPorta","TE",91.4333333333333,68.55,771.25,53.4,12.6,5.75,0,0,0,0,0,0,2.7,1.3,15.9,0,0,0,0,0,0,0,0,3.5,0.6,1.1,0,0.4,0.5,0.4,0.2,0,0,0,0,0,0,0,0,0,0,0,0,0,0,0,0,0,0,0,0,0,0,0,0,0,0,0,"DET"
"16215",17,0,0,0,0,0,0,0,0,0,0,0,0,31.7333333333333,1.8,0,0,0,0,0,0,0,0,0,0,0.4,26,-3,"Luke Musgrave","TE","3129283","CBS","Luke","Musgrave","TE",29.25,21.2,212.333333333333,15.6,10.2,1,0,0,0,0,0,0,0.6,0.3,0.7,0,0,0,0,0,0,0,0,0,0,0,0,0,0,0.1,0,0,0,0,0,0,0,0,0,0,0,0,0,0,0,0,0,0,0,0,0,0,0,0,0,0,0,0,"GB"
"16216",17,0,0,0,0,0,0,0,0,2.5,0,0,0.75,50.6666666666667,2.4,0,0,0,0,0,0,0,0,0,0,4.3,25,-3,"Darnell Washington","TE","3163963","CBS","Darnell","Washington","TE",43,31.275,326.5,22.5,10.9,1.675,0,0,0,0,0,0,1,0.5,5.7,0,0,0,0,0,0,0,0,0.7,0,0,0,0,0,0.2,0.1,0,0,0,0,0,0,0,0,0,0,0,0,0,0,0,0,0,0,0,0,0,0,0,0,0,0,0,"PIT"
"16218",0,0,0,0,0,0,0,0,0,0,0,0,0,23.4,0,0,0,0,0,0,0,0,0,0,0,3.2,26,-3,"Durham, Payne","TE",NA,"FantasySharks","Payne","Durham","TE",13.1,7.3,94,0,0,2.3,0,0,0,0,0,0,0.4,0.2,4.2,0,0,0,0,0,0,0,0,2.3,0,0,0,0,0,0.1,0,0,0,0,0,0,0,0,0,0,0,0,0,0,0,0,0,0,0,0,0,0,0,0,0,0,0,0,"TBB"
"16219",17,0,0,0,0,0,0,0,0,0,0,0,0,39.55,2,0,0,0,0,0,0,0,0,0,0,0,25,-3,"Davis Allen","TE","3123267","CBS","Davis","Allen","TE",38,23.5,211,14.2,9.3,2,0,0,0,0,0,0,0,0,0,0,0,0,0,0,0,0,0,0,0,0,0,0,0,0,0,0,0,0,0,0,0,0,0,0,0,0,0,0,0,0,0,0,0,0,0,0,0,0,0,0,0,0,"LAR"
"16220",17,0,0,0,0,0,0,0,0,0,0,0,0,6.25,0.6,0,0,0,0,0,0,0,0,0,0,0,27,-3,"Will Mallory","TE","2962073","CBS","Will","Mallory","TE",10.25,6.6,70.5,7.4,11.5,0.5,0,0,0,0,0,0,0.1,0,0,0,0,0,0,0,0,0,0,0,0,0,0,0,0,0,0,0,0,0,0,0,0,0,0,0,0,0,0,0,0,0,0,0,0,0,0,0,0,0,0,0,0,0,"IND"
"16221",17,0,0,0,0,0,0,0,0,0,0,0,0,23.2333333333333,0.6,0,0,0,0,0,0,0,0,0,0,1.3,28,-3,"Luke Schoonmaker","TE","2968473","CBS","Luke","Schoonmaker","TE",25.7,17.3,156.666666666667,7.8,8.9,0.733333333333333,0,0,0,0,0,0,0.7,0.4,2.2,0,0,0,0,0,0,0,0,0,0,0.2,0,0,0,0.1,0,0,0,0,0,0,0,0,0,0,0,0,0,0,0,0,0,0,0,0,0,0,0,0,0,0,0,0,"DAL"
"16222",17,0,0,0,0,0,0,0,1,6.66666666666667,0,0,0,142.533333333333,7.8,0,0,0,0,0,0,0,0,0,0,9.1,26,-3,"Tucker Kraft","TE","3133332","CBS","Tucker","Kraft","TE",82.2666666666667,61,784.25,47.9,14.6,6.575,0,0,0,0,0,0,2.9,1.4,14.7,0,0,0,0,0,0,0,0,2.1,2.9,0.3,0,0,0,0.5,0.2,0,0,0,0,0,0,0,0,0,0,0,0,0,0,0,0,0,0,0,0,0,0,0,0,0,0,0,"GB"
"16249",17,0,0,0,0,0,0,0,0,0,0,0,0,11,0.6,0,0,0,0,0,0,0,0,0,0,0,27,-3,"Zack Kuntz","TE","2963243","CBS","Zack","Kuntz","TE",16,12,128,7.5,10.7,1,0,0,0,0,0,0,0,0,0,0,0,0,0,0,0,0,0,0,0,0,0,0,0,0,0,0,0,0,0,0,0,0,0,0,0,0,0,0,0,0,0,0,0,0,0,0,0,0,0,0,0,0,"DAL"
"16269",17,0,0,0,0,0,0,0,0,0,0,0,0.1,113.8,6,0,0,0,0,0,0,0,0,0,0,7.2,26,-3,"Brenton Strange","TE","3121696","CBS","Brenton","Strange","TE",88.3666666666667,62.1,672.25,47.9,11.6,4.325,0,0,0,0,0,0,2.5,1.3,14.8,0,0,0,0,0,0,0,0,2.2,0.2,0.9,0,0,0,0.4,0.2,0,0,0,0,0,0,0,0,0,0,0,0,0,0,0,0,0,0,0,0,0,0,0,0,0,0,0,"JAC"
"16312",17,0,0,0,0,0,0,0,0,0,0,0,0,18.2,0.6,0,0,0,0,0,0,0,0,0,0,1.7,27,-3,"Josh Whyle","TE","2962513","CBS","Josh","Whyle","TE",12.35,10.0333333333333,86.6666666666667,5.1,8.7,1.23333333333333,0,0,0,0,0,0,0.3,0.1,1.7,0,0,0,0,0,0,0,0,1.7,0,0,0,0,0,0.1,0,0,0,0,0,0,0,0,0,0,0,0,0,0,0,0,0,0,0,0,0,0,0,0,0,0,0,0,"GB"
"16333",17,0,0,0,0,0,0,0,0,0,0,0,0.85,29.5333333333333,1,0,0,0,0,0,0,0,0,0,0,1.8,26,-3,"Elijah Higgins","TE","3122914","CBS","Elijah","Higgins","TE",29.1666666666667,22.7,205.5,12.4,9.1,0.75,0,0,0,0,0,0,0.8,0.4,3.4,0,0,0,0,0,0,0,0,0,0,0,0,0,0,0.1,0.1,0,0,0,0,0,0,0,0,0,0,0,0,0,0,0,0,0,0,0,0,0,0,0,0,0,0,0,"ARI"
"16425",0,0,0,0,0,0,0,0,0,0,0,0,0,24.3,0,0,0,0,0,0,0,0,0,0,0,0,26,-3,"Julian Hill","TE","18542","RTSports","Julian","Hill","TE",0,13,113,0,0,0,0,0,0,0,0,0,0,0,0,0,0,0,0,0,0,0,0,0,0,0,0,0,0,0,0,0,0,0,0,0,0,0,0,0,0,0,0,0,0,0,0,0,0,0,0,0,0,0,0,0,0,0,"NE"
"16447",17,0,0,0,0,0,0,0,0,0,0,0,0,6.4,0.6,0,0,0,0,0,0,0,0,0,0,0,28,-3,"Travis Vokolek","TE","2870478","CBS","Travis","Vokolek","TE",12.15,8.35,68.5,6.4,9.1,0.5,0,0,0,0,0,0,0.1,0.1,0.7,0,0,0,0,0,0,0,0,0,0,0,0,0,0,0,0,0,0,0,0,0,0,0,0,0,0,0,0,0,0,0,0,0,0,0,0,0,0,0,0,0,0,0,"ARI"
"16474",17,0,0,0,0,0,0,0,0,0,0,0,0,18.8,1.3,0,0,0,0,0,0,0,0,0,0,1.4,27,-3,"Nate Adkins","TE","2977285","CBS","Nate","Adkins","TE",20.3,12.6666666666667,92.3333333333333,6.4,6.8,1.4,0,0,0,0,0,0,0.4,0.2,2.5,0,0,0,0,0,0,0,0,0,0.2,0,0,0,0,0.1,0,0,0,0,0,0,0,0,0,0,0,0,0,0,0,0,0,0,0,0,0,0,0,0,0,0,0,0,"DEN"
"16483",17,0,0,0,0,0,0,0,0,0,0,0,0,17.25,1.9,0,0,0,0,0,0,0,0,0,0,0.4,26,-3,"Ben Sims","TE","2964709","CBS","Ben","Sims","TE",27.7,16.65,159.5,17.9,9.5,1,0,0,0,0,0,0,0.1,0,0.4,0,0,0,0,0,0,0,0,0,0,0,0,0,0,0,0,0,0,0,0,0,0,0,0,0,0,0,0,0,0,0,0,0,0,0,0,0,0,0,0,0,0,0,"MIA"
"16641",17,0,0,0,0,0,0,0,3.5,10.6666666666667,0,0,0,185.733333333333,8.5,0,0,0,0,0,0,0,0,0,0,17.6,24,-4,"Brock Bowers","TE","26693971","CBS","Brock","Bowers","TE",135.2,97.975,1042,58.5,11.3,7.875,0,0,0,0,0,0,13.5,2.2,22.7,0,0,0,0,0,0,0,0,3.5,1.4,1.4,0.5,0,0.5,0.7,0.3,0,0,0,0,0,0,0,0,0,0,0,0,0,0,0,0,0,0,0,0,0,0,0,0,0,0,0,"LV"
"16642",17,0,0,0,0,0,0,0,2,10,0,0,0,22.7,0.7,0,0,0,0,0,0,0,0,0,0,4.3,26,-4,"Cade Stover","TE","3125978","CBS","Cade","Stover","TE",24.4333333333333,17.475,131.75,7.2,8.1,0.75,0,0,0,0,0,0,0.4,0.2,6.5,0,0,0,0,0,0,0,0,0,0,0,0,0,0,0.1,0,0,0,0,0,0,0,0,0,0,0,0,0,0,0,0,0,0,0,0,0,0,0,0,0,0,0,0,"HOU"
"16643",17,0,0,0,0,0,0,0,0,0.5,0,0,0,41.2333333333333,1.1,0,0,0,0,0,0,0,0,0,0,2,23,-4,"Ja'Tavion Sanders","TE","26731381","CBS","Ja'Tavion","Sanders","TE",26.3666666666667,24.45,202.75,11.2,7.6,1.275,0,0,0,0,0,0,0.7,0.4,5.8,0,0,0,0,0,0,0,0,0.8,0.3,0,0,0,0,0.1,0.1,0,0,0,0,0,0,0,0,0,0,0,0,0,0,0,0,0,0,0,0,0,0,0,0,0,0,0,"CAR"
"16644",17,0,0,0,0,0,0,0,0,0,0,0,0,27.9333333333333,1,0,0,0,0,0,0,0,0,0,0,1.2,24,-4,"Ben Sinnott","TE","3168647","CBS","Ben","Sinnott","TE",13.5,14.1333333333333,156.333333333333,7.2,11.1,1.4,0,0,0,0,0,0,0.6,0.3,1.2,0,0,0,0,0,0,0,0,1.2,0,0,0,0,0,0.1,0,0,0,0,0,0,0,0,0,0,0,0,0,0,0,0,0,0,0,0,0,0,0,0,0,0,0,0,"WAS"
"16645",17,0,0,0,0,0,0,0,0,1,0,0,0,23.9666666666667,1.9,0,0,0,0,0,0,0,0,0,0,0,26,-4,"Erick All","TE","3121555","CBS","Erick","All","TE",29.1666666666667,18.975,171,17.7,8.6,1,0,0,0,0,0,0,0.5,0.2,1.7,0,0,0,0,0,0,0,0,0,0,0,0,0,0,0.1,0,0,0,0,0,0,0,0,0,0,0,0,0,0,0,0,0,0,0,0,0,0,0,0,0,0,0,0,"CIN"
"16647",0,0,0,0,0,0,0,0,0,0,0,0,0,24.55,0,0,0,0,0,0,0,0,0,0,0,1.2,27,-4,"Spann-Ford, Brevyn","TE",NA,"FantasySharks","Brevyn","Spann-Ford","TE",18.5,11.3,123.5,0,0,1.1,0,0,0,0,0,0,0.6,0.3,1.8,0,0,0,0,0,0,0,0,1.2,0,0,0,0,0,0.1,0,0,0,0,0,0,0,0,0,0,0,0,0,0,0,0,0,0,0,0,0,0,0,0,0,0,0,0,"DAL"
"16648",0,0,0,0,0,0,0,0,0,0,0,0,0,0.3,0,0,0,0,0,0,0,0,0,0,0,0.8,26,-4,"Wiley, Jared","TE",NA,"FantasySharks","Jared","Wiley","TE",4.2,2.7,3,0,0,0,0,0,0,0,0,0,0,0,0.8,0,0,0,0,0,0,0,0,0,0,0,0,0,0,0,0,0,0,0,0,0,0,0,0,0,0,0,0,0,0,0,0,0,0,0,0,0,0,0,0,0,0,0,"KCC"
"16649",17,0,0,0,0,0,0,0,0,0,0,0,0,64.7666666666667,3.5,0,0,0,0,0,0,0,0,0,0,7,25,-4,"Theo Johnson","TE","3162129","CBS","Theo","Johnson","TE",51.9333333333333,30.275,362.25,22.9,11.8,3.05,0,0,0,0,0,0,2,1,9,0,0,0,0,0,0,0,0,1.4,0.4,0,0.5,0.9,0,0.3,0.1,0,0,0,0,0,0,0,0,0,0,0,0,0,0,0,0,0,0,0,0,0,0,0,0,0,0,0,"NYG"
"16706",17,0,0,0,0,0,0,0,0,0,0,0,0.2,10.8,0.6,0,0,0,0,0,0,0,0,0,0,1.8,25,-4,"Tip Reiman","TE","3169268","CBS","Tip","Reiman","TE",17.55,13.5,103.5,5.3,7.5,0.55,0,0,0,0,0,0,0.5,0.2,3.8,0,0,0,0,0,0,0,0,0.1,0,0,0,0,0,0.1,0,0,0,0,0,0,0,0,0,0,0,0,0,0,0,0,0,0,0,0,0,0,0,0,0,0,0,0,"ARI"
"16723",17,0,0,0,0,0,0,0,7,12.6666666666667,0,0.166666666666667,0,91.1666666666667,5.1,0,0,0,0,0,0,0,0,0,0,11.4,24,-4,"AJ Barner","TE","3169283","CBS","AJ","Barner","TE",61.5333333333333,44.525,441.25,27.8,10.1,5.2,0,0,0,0,0,0,1.9,0.9,13,0,0,0,0,0,0,0,0,1.8,3.1,0.8,0,0,0,0.3,0.1,0,0,0,0,0,0,0,0,0,0,0,0,0,0,0,0,0,0,0,0,0,0,0,0,0,0,0,"SEA"
"16796",17,0,0,0,0,0,0,0,0,0,0,0,0,9.45,0.9,0,0,0,0,0,0,0,0,0,0,0.5,26,-4,"Devin Culp","TE","2967413","CBS","Devin","Culp","TE",8.1,6.35,73.5,6.9,10.7,1,0,0,0,0,0,0,0.1,0.1,1,0,0,0,0,0,0,0,0,0,0,0,0,0,0,0,0,0,0,0,0,0,0,0,0,0,0,0,0,0,0,0,0,0,0,0,0,0,0,0,0,0,0,0,"TB"
"16831",0,0,0,0,0,0,0,0,0,0,0,0,0,15.1,0,0,0,0,0,0,0,0,0,0,0,1.4,27,-4,"Martin-Robinson, David","TE",NA,"FantasySharks","David","Martin-Robinson","TE",12,10,70,0,0,1.4,0,0,0,0,0,0,0.3,0.1,1.4,0,0,0,0,0,0,0,0,1.4,0,0,0,0,0,0.1,0,0,0,0,0,0,0,0,0,0,0,0,0,0,0,0,0,0,0,0,0,0,0,0,0,0,0,0,"TEN"
"16839",0,0,0,0,0,0,0,0,0,0,0,0,0,0.4,0,0,0,0,0,0,0,0,0,0,0,0,27,-4,"Westover, Jack","TE",NA,"FantasySharks","Jack","Westover","TE",2.6,0.5,4,0,0,0,0,0,0,0,0,0,0,0,0,0,0,0,0,0,0,0,0,0,0,0,0,0,0,0,0,0,0,0,0,0,0,0,0,0,0,0,0,0,0,0,0,0,0,0,0,0,0,0,0,0,0,0,"NEP"
"16898",0,0,0,0,0,0,0,0,0,0,0,0,0,0.6,0,0,0,0,0,0,0,0,0,0,0,0,26,-4,"Yankoff, Colson","TE",NA,"FantasySharks","Colson","Yankoff","TE",2.5,0.4,6,0,0,0,0,0,0,0,0,0,0,0,0,0,0,0,0,0,0,0,0,0,0,0,0,0,0,0,0,0,0,0,0,0,0,0,0,0,0,0,0,0,0,0,0,0,0,0,0,0,0,0,0,0,0,0,"WAS"
"16940",0,0,0,0,0,0,0,0,0,0,0,0,0,0.3,0,0,0,0,0,0,0,0,0,0,0,0,26,-3,"Whiteheart, Blake","TE",NA,"FantasySharks","Blake","Whiteheart","TE",10.7,2.4,3,0,0,0,0,0,0,0,0,0,0,0,0,0,0,0,0,0,0,0,0,0,0,0,0,0,0,0,0,0,0,0,0,0,0,0,0,0,0,0,0,0,0,0,0,0,0,0,0,0,0,0,0,0,0,0,"CLE"
"16979",17,0,0,0,0,0,0,0,0,3,0,0,0,9.6,0.6,0,0,0,0,0,0,0,0,0,0,0.8,27,-4,"Cam Grandy","TE","29148608","CBS","Cam","Grandy","TE",16.5,12.7,95,5.9,7.7,0.5,0,0,0,0,0,0,0.4,0.2,1.6,0,0,0,0,0,0,0,0,0,0,0,0,0,0,0.1,0,0,0,0,0,0,0,0,0,0,0,0,0,0,0,0,0,0,0,0,0,0,0,0,0,0,0,0,"CIN"
"17099",17,0,0,0,0,0,0,0,0,0.5,0,0,0.95,94.5666666666667,4.5,0,0,0,0,0,0,0,0,0,0,8.5,23,-5,"Oronde Gadsden II","TE","26727374","CBS","Oronde","Gadsden","TE",68.8666666666667,46.425,598.25,40.5,14.1,3.225,0,0,0,0,0,0,2.7,1.3,13.7,0,0,0,0,0,0,0,0,2.4,0.3,0.2,0,0,0,0.4,0.2,0,0,0,0,0,0,0,0,0,0,0,0,0,0,0,0,0,0,0,0,0,0,0,0,0,0,0,"LAC"
"17102",17,0,0,0,0,0,0,0,5.5,10,0,0.233333333333333,0,140.8,7.4,0,0,0,0,0,0,0,0,0,0,17,24,-5,"Tyler Warren","TE","3168800","CBS","Tyler","Warren","TE",117.7,79.325,829.5,53.6,10.7,5.425,0,0,0,0,0,0,3,1.5,22,0,0,0,0,0,0,0,0,1.5,2.2,0,0,0,0,0.5,0.2,0,0,0,0,0,0,0,0,0,0,0,0,0,0,0,0,0,0,0,0,0,0,0,0,0,0,0,"IND"
"17103",17,0,0,0,0,0,0,0,8.5,15.3333333333333,0,0.7,0.95,148.666666666667,7.4,0,0,0,0,0,0,0,0,0,0,9.2,22,-5,"Harold Fannin Jr.","TE","28900882","CBS","Harold","Fannin","TE",109.2,77.15,798.75,48.7,11,5.725,0,0,0,0,0,0,2.5,1.2,10,0,0,0,0,0,0,0,0,1.7,2.2,1.1,0.9,0,0,0.4,0.2,0,0,0,0,0,0,0,0,0,0,0,0,0,0,0,0,0,0,0,0,0,0,0,0,0,0,0,"CLE"
"17104",17,0,0,0,0,0,0,0,0,-1,0,0,0,154.6,8.5,0,0,0,0,0,0,0,0,0,0,9.3,22,-5,"Colston Loveland","TE","28874696","CBS","Colston","Loveland","TE",116.866666666667,75.7,914.75,61.3,12.6,6.5,0,0,0,0,0,0,8.8,1.7,16.1,0,0,0,0,0,0,0,0,2.6,1,0,1.1,0,0.3,0.6,0.2,0,0,0,0,0,0,0,0,0,0,0,0,0,0,0,0,0,0,0,0,0,0,0,0,0,0,0,"CHI"
"17105",17,0,0,0,0,0,0,0,0,0.5,0,0,0,82.6666666666667,2.8,0,0,0,0,0,0,0,0,0,0,6.4,24,-5,"Gunnar Helm","TE","26696189","CBS","Gunnar","Helm","TE",64.3333333333333,50.175,460,22.3,8.6,3.575,0,0,0,0,0,0,1.7,0.9,9.3,0,0,0,0,0,0,0,0,1.4,0.2,0,1,0.7,0,0.3,0.1,0,0,0,0,0,0,0,0,0,0,0,0,0,0,0,0,0,0,0,0,0,0,0,0,0,0,0,"TEN"
"17106",17,0,0,0,0,0,0,0,0,0,0,0,0,67.5333333333333,3.6,0,0,0,0,0,0,0,0,0,0,3.2,22,-5,"Mason Taylor","TE","28878064","CBS","Mason","Taylor","TE",61.9666666666667,42.475,369.25,27.2,8.3,2.075,0,0,0,0,0,0,1.5,0.8,6.9,0,0,0,0,0,0,0,0,1.3,0,0,0,0,0,0.3,0.1,0,0,0,0,0,0,0,0,0,0,0,0,0,0,0,0,0,0,0,0,0,0,0,0,0,0,0,"NYJ"
"17107",17,0,0,0,0,0,0,0,0,0,0,0,0,60.9333333333333,4.5,0,0,0,0,0,0,0,0,0,0,6.5,23,-5,"Terrance Ferguson","TE","26701481","CBS","Terrance","Ferguson","TE",53.1,28.275,408.5,31.2,18.3,3.55,0,0,0,0,0,0,0.6,0.3,6.9,0,0,0,0,0,0,0,0,0.7,0,0,0.5,0,0,0.1,0,0,0,0,0,0,0,0,0,0,0,0,0,0,0,0,0,0,0,0,0,0,0,0,0,0,0,0,"LAR"
"17108",17,0,0,0,0,0,0,0,0,0,0,0,0.3,39.7666666666667,0.6,0,0,0,0,0,0,0,0,0,0,2.8,23,-5,"Elijah Arroyo","TE","26700496","CBS","Elijah","Arroyo","TE",26.9333333333333,20.45,229.5,6.8,11.6,1.675,0,0,0,0,0,0,0.6,0.3,5.3,0,0,0,0,0,0,0,0,0,0,0.7,0,0,0,0.1,0,0,0,0,0,0,0,0,0,0,0,0,0,0,0,0,0,0,0,0,0,0,0,0,0,0,0,0,"SEA"
"17109",17,0,0,0,0,0,0,0,0,0,0,0,0,32.9333333333333,1.1,0,0,0,0,0,0,0,0,0,0,3.7,23,-5,"Mitchell Evans","TE","26693662","CBS","Mitchell","Evans","TE",21.75,17.7333333333333,164.666666666667,8.4,8.9,2.03333333333333,0,0,0,0,0,0,0.6,0.3,5.1,0,0,0,0,0,0,0,0,2.1,0,0,0,0,0,0.1,0,0,0,0,0,0,0,0,0,0,0,0,0,0,0,0,0,0,0,0,0,0,0,0,0,0,0,0,"CAR"
"17213",17,0,0,0,0,0,0,0,0,0,0,0,0,29.9666666666667,1,0,0,0,0,0,0,0,0,0,0,4.2,26,-5,"Jackson Hawes","TE","3135324","CBS","Jackson","Hawes","TE",14.75,13.1333333333333,149.666666666667,7.1,12,2,0,0,0,0,0,0,0.6,0.3,2.6,0,0,0,0,0,0,0,0,1.3,0,0.7,0,0,0,0.1,0,0,0,0,0,0,0,0,0,0,0,0,0,0,0,0,0,0,0,0,0,0,0,0,0,0,0,0,"BUF"
"17259",0,0,0,0,0,0,0,0,0,24,0,0,0,2.7,0,0,0,0,0,0,0,0,0,0,0,2.6,23,-5,"Matavao, Moliki","TE",NA,"FantasySharks","Moliki","Matavao","TE",7.8,0.6,3,0,0,0,0,0,0,0,0,0,0,0,0,0,0,0,0,0,0,0,0,0,0,0,0,0,0,0,0,0,0,0,0,0,0,0,0,0,0,0,0,0,0,0,0,0,0,0,0,0,0,0,0,0,0,0,"NOS"
"17285",0,0,0,0,0,0,0,0,0,0,0,0,0,4.1,0,0,0,0,0,0,0,0,0,0,0,0,24,-5,"Yurosek, Ben","TE",NA,"FantasySharks","Ben","Yurosek","TE",5.6,4.9,41,0,0,0,0,0,0,0,0,0,0.2,0.1,0.6,0,0,0,0,0,0,0,0,0,0,0,0,0,0,0,0,0,0,0,0,0,0,0,0,0,0,0,0,0,0,0,0,0,0,0,0,0,0,0,0,0,0,0,"MIN"
"17375",0,0,0,0,0,0,0,0,0,11,0,0,0.4,4.8,0,0,0,0,0,0,0,0,0,0,0,0.8,27,-5,"Mitchell-Paden, Zaire","TE",NA,"FantasySharks","Zaire","Mitchell-Paden","TE",7.4,5.1,46,0,0,0,0,0,0,0,0,0,0.2,0.1,0,0,0,0,0,0,0,0,0,0,0,0,0,0,0,0,0,0,0,0,0,0,0,0,0,0,0,0,0,0,0,0,0,0,0,0,0,0,0,0,0,0,0,0,"NOS"
"17407",17,0,0,0,0,0,0,0,0,0,0,0,0,10,0.6,0,0,0,0,0,0,0,0,0,0,0,25,-5,"Hayden Rucci","TE","3131519","CBS","Hayden","Rucci","TE",15,12,118,6.9,9.8,1,0,0,0,0,0,0,0,0,0,0,0,0,0,0,0,0,0,0,0,0,0,0,0,0,0,0,0,0,0,0,0,0,0,0,0,0,0,0,0,0,0,0,0,0,0,0,0,0,0,0,0,0,"SF"
"17419",0,0,0,0,0,0,0,0,0,0,0,0,0,15.7,0,0,0,0,0,0,0,0,0,0,0,0.8,24,-5,"Latu, Keleki","TE",NA,"FantasySharks","Keleki","Latu","TE",17.4,13,157,0,0,0,0,0,0,0,0,0,0.6,0.3,0.4,0,0,0,0,0,0,0,0,0,0,0,0,0,0,0.1,0,0,0,0,0,0,0,0,0,0,0,0,0,0,0,0,0,0,0,0,0,0,0,0,0,0,0,0,"BUF"
"17543",17,0,0,0,0,0,0,0,0,0,0,0,0.5,108.466666666667,4.7,0,0,0,0,0,0,0,0,0,0,6.8,21,-6,"Kenyon Sadiq","TE","29125433","CBS","Kenyon","Sadiq","TE",84.6333333333333,60.275,621,31.1,11.3,4.875,0,0,0,0,0,0,2.3,1.1,10.6,0,0,0,0,0,0,0,0,2.9,0.5,0,0,0,0,0.4,0.1,0,0,0,0,0,0,0,0,0,0,0,0,0,0,0,0,0,0,0,0,0,0,0,0,0,0,0,"NYJ"
"17544",17,0,0,0,0,0,0,0,2.5,6.66666666666667,0,0,0.5,54.5333333333333,1.9,0,0,0,0,0,0,0,0,0,0,0,23,-6,"Eli Stowers","TE","26696120","CBS","Eli","Stowers","TE",25.0666666666667,24,253.25,18.9,10.4,2,0,0,0,0,0,0,0.3,0.2,1.1,0,0,0,0,0,0,0,0,0,0,0,0,0,0,0.1,0,0,0,0,0,0,0,0,0,0,0,0,0,0,0,0,0,0,0,0,0,0,0,0,0,0,0,0,"PHI"
"17545",17,0,0,0,0,0,0,0,0,0,0,0,0,21.15,0.6,0,0,0,0,0,0,0,0,0,0,0,22,-6,"Jack Endries","TE","28916552","CBS","Jack","Endries","TE",16,12.5,128,7.2,9.5,1,0,0,0,0,0,0,0,0,0,0,0,0,0,0,0,0,0,0,0,0,0,0,0,0,0,0,0,0,0,0,0,0,0,0,0,0,0,0,0,0,0,0,0,0,0,0,0,0,0,0,0,0,"CIN"
"17547",17,0,0,0,0,0,0,0,0,0,0,0,0,34.3666666666667,0.6,0,0,0,0,0,0,0,0,0,0,1.7,23,-6,"Max Klare","TE","28921209","CBS","Max","Klare","TE",9.2,13.125,144,7.5,11.6,1,0,0,0,0,0,0,0.2,0.1,1.7,0,0,0,0,0,0,0,0,0,0,0,0,0,0,0,0,0,0,0,0,0,0,0,0,0,0,0,0,0,0,0,0,0,0,0,0,0,0,0,0,0,0,0,"LAR"
"17548",17,0,0,0,0,0,0,0,0,0,0,0,0,15.9333333333333,0.6,0,0,0,0,0,0,0,0,0,0,0.5,22,-6,"Justin Joly","TE","28927892","CBS","Justin","Joly","TE",13.45,10.6666666666667,90.6666666666667,6.1,8.7,0.666666666666667,0,0,0,0,0,0,0.1,0,0,0,0,0,0,0,0,0,0,0,0,0,0,0,0,0,0,0,0,0,0,0,0,0,0,0,0,0,0,0,0,0,0,0,0,0,0,0,0,0,0,0,0,0,"DEN"
"17549",0,0,0,0,0,0,0,0,0,1,0,0,0,19.65,0,0,0,0,0,0,0,0,0,0,0,1.5,23,-6,"Roush, Sam","TE",NA,"FantasySharks","Sam","Roush","TE",9.9,9.2,90.5,0,0,0.5,0,0,0,0,0,0,0.1,0.1,2.1,0,0,0,0,0,0,0,0,0,0,0,0,0,0,0,0,0,0,0,0,0,0,0,0,0,0,0,0,0,0,0,0,0,0,0,0,0,0,0,0,0,0,0,"CHI"
"17566",0,0,0,0,0,0,0,0,0,0,0,0,0,2.6,0,0,0,0,0,0,0,0,0,0,0,0,24,-6,"Royer, Joe","TE",NA,"FantasySharks","Joe","Royer","TE",8.2,1.4,26,0,0,0,0,0,0,0,0,0,0.1,0.1,0.6,0,0,0,0,0,0,0,0,0,0,0,0,0,0,0,0,0,0,0,0,0,0,0,0,0,0,0,0,0,0,0,0,0,0,0,0,0,0,0,0,0,0,0,"CLE"
"17567",17,0,0,0,0,0,0,0,0,2,0,0,0.3,17.7666666666667,0.6,0,0,0,0,0,0,0,0,0,0,0,23,-6,"Oscar Delp","TE","28873644","CBS","Oscar","Delp","TE",10.95,10.7666666666667,108.666666666667,6.8,10.5,0.666666666666667,0,0,0,0,0,0,0.1,0.1,0,0,0,0,0,0,0,0,0,0,0,0,0,0,0,0,0,0,0,0,0,0,0,0,0,0,0,0,0,0,0,0,0,0,0,0,0,0,0,0,0,0,0,0,"NO"
"17591",17,0,0,0,0,0,0,0,0,0,0,0,0.75,40.8333333333333,1.5,0,0,0,0,0,0,0,0,0,0,1.7,25,-6,"Nate Boerkircher","TE","3162867","CBS","Nate","Boerkircher","TE",27.4,20.7666666666667,225.666666666667,14.1,10.9,2.1,0,0,0,0,0,0,0.5,0.3,5.4,0,0,0,0,0,0,0,0,1.3,0,0,0,0,0,0.1,0,0,0,0,0,0,0,0,0,0,0,0,0,0,0,0,0,0,0,0,0,0,0,0,0,0,0,0,"JAC"
"17593",17,0,0,0,0,0,0,0,0,0,0,0,1,47.2,2.2,0,0,0,0,0,0,0,0,0,0,0,24,-6,"Marlin Klein","TE","28927889","CBS","Marlin","Klein","TE",51,28,296.5,20.5,10,2,0,0,0,0,0,0,0,0,0,0,0,0,0,0,0,0,0,0,0,0,0,0,0,0,0,0,0,0,0,0,0,0,0,0,0,0,0,0,0,0,0,0,0,0,0,0,0,0,0,0,0,0,"HOU"
"17605",17,0,0,0,0,0,0,0,0,3,0,0,0.9,27.55,2.4,0,0,0,0,0,0,0,0,0,0,0.7,23,-6,"Will Kacmarek","TE","26717403","CBS","Will","Kacmarek","TE",32.9333333333333,22.7333333333333,219.333333333333,19.3,9.4,1.33333333333333,0,0,0,0,0,0,0.6,0.3,2.2,0,0,0,0,0,0,0,0,0,0,0,0,0,0,0.1,0,0,0,0,0,0,0,0,0,0,0,0,0,0,0,0,0,0,0,0,0,0,0,0,0,0,0,0,"MIA"
"17607",17,0,0,0,0,0,0,0,0,0,0,0,0.5,36.7333333333333,1.5,0,0,0,0,0,0,0,0,0,0,4.2,22,-6,"Eli Raridon","TE","28924611","CBS","Eli","Raridon","TE",28.7666666666667,20.625,216,13.8,10.7,1.425,0,0,0,0,0,0,0.9,0.5,5.1,0,0,0,0,0,0,0,0,0.7,0,0,0,0,0,0.2,0.1,0,0,0,0,0,0,0,0,0,0,0,0,0,0,0,0,0,0,0,0,0,0,0,0,0,0,0,"NE"
"17627",17,0,0,0,0,0,0,0,0,0,0,0,0,27.0666666666667,0.6,0,0,0,0,0,0,0,0,0,0,2,24,-6,"Matthew Hibner","TE","3169490","CBS","Matthew","Hibner","TE",12.3,12.7,156.333333333333,5.7,12.1,1,0,0,0,0,0,0,0.5,0.2,2.9,0,0,0,0,0,0,0,0,0,0,0,0,0,0,0.1,0,0,0,0,0,0,0,0,0,0,0,0,0,0,0,0,0,0,0,0,0,0,0,0,0,0,0,0,"BAL"
"17641",0,0,0,0,0,0,0,0,0,0,0,0,0,1.8,0,0,0,0,0,0,0,0,0,0,0,0,24,-6,"Bredeson, Max","TE",NA,"FantasySharks","Max","Bredeson","TE",3.1,2.3,18,0,0,0,0,0,0,0,0,0,0.1,0,0.8,0,0,0,0,0,0,0,0,0,0,0,0,0,0,0,0,0,0,0,0,0,0,0,0,0,0,0,0,0,0,0,0,0,0,0,0,0,0,0,0,0,0,0,"MIN"
"17644",0,0,0,0,0,0,0,0,0,0,0,0,0,13.9,0,0,0,0,0,0,0,0,0,0,0,0.6,23,-6,"Koziol, Tanner","TE",NA,"FantasySharks","Tanner","Koziol","TE",7.4,6.45,64,0,0,0.5,0,0,0,0,0,0,0.1,0.1,0.6,0,0,0,0,0,0,0,0,0,0,0,0,0,0,0,0,0,0,0,0,0,0,0,0,0,0,0,0,0,0,0,0,0,0,0,0,0,0,0,0,0,0,0,"JAC"
"17648",0,0,0,0,0,0,0,0,0,11,0,0.7,0.9,29,0,0,0,0,0,0,0,0,0,0,0,4.2,24,-6,"Nowakowski, Riley","TE",NA,"FantasySharks","Riley","Nowakowski","TE",34.9,25.9,215,0,0,0.7,0,0,0,0,0,0,0.9,0.4,4.5,0,0,0,0,0,0,0,0,0.3,0.4,0,0,0,0,0.1,0.1,0,0,0,0,0,0,0,0,0,0,0,0,0,0,0,0,0,0,0,0,0,0,0,0,0,0,0,"PIT"
"17655",17,0,0,0,0,0,0,0,0,0,0,0,0,17.2333333333333,0.6,0,0,0,0,0,0,0,0,0,0,0.5,24,-6,"Seydou Traore","TE","26696643","CBS","Seydou","Traore","TE",11.05,9.53333333333333,101.666666666667,5.2,9.8,0.666666666666667,0,0,0,0,0,0,0.2,0.1,0.5,0,0,0,0,0,0,0,0,0,0,0,0,0,0,0,0,0,0,0,0,0,0,0,0,0,0,0,0,0,0,0,0,0,0,0,0,0,0,0,0,0,0,0,"MIA"
"17660",17,0,0,0,0,0,0,0,0,0,0,0,0,19.85,0.6,0,0,0,0,0,0,0,0,0,0,0,23,-6,"Bauer Sharp","TE","26730919","CBS","Bauer","Sharp","TE",14,11,120,6.6,10.3,1,0,0,0,0,0,0,0,0,0,0,0,0,0,0,0,0,0,0,0,0,0,0,0,0,0,0,0,0,0,0,0,0,0,0,0,0,0,0,0,0,0,0,0,0,0,0,0,0,0,0,0,0,"TB"
"17699",17,0,0,0,0,0,0,0,0,0,0,0,0,10,0.6,0,0,0,0,0,0,0,0,0,0,0,26,-6,"Dallen Bentley","TE","29164633","CBS","Dallen","Bentley","TE",15,12,104,6.1,8.7,1,0,0,0,0,0,0,0,0,0,0,0,0,0,0,0,0,0,0,0,0,0,0,0,0,0,0,0,0,0,0,0,0,0,0,0,0,0,0,0,0,0,0,0,0,0,0,0,0,0,0,0,0,"DEN"
"11936",17,0,0,0,0,0,0,0,0,0,0,0,0,115.966666666667,6.5,0,0,0,0,0,0,0,0,0,0,0,35,6,"Chris Boswell","K","1724930","CBS","Chris","Boswell","K",0,0,0,0,0,0,0,0,0,0,0,0,0,0,0,0,0,0,0,0,0,0,0,0,0,0,0,0,0,0,0,27.05,31.125,0.1055,0.211,5.95,5.9,6.35,8.2,7.4,8.7,5.72666666666667,4.48,35.25,34.2333333333333,8,10,17,17,4.2,0,0,0,0,0,0,0,0,"PIT"
"11945",17,0,0,0,0,0,0,0,0,0,0,0,0,128.166666666667,8.6,0,0,0,0,0,0,0,0,0,0,0,35,6,"Cairo Santos","K","2132690","CBS","Cairo","Santos","K",0,0,0,0,0,0,0,0,0,0,0,0,0,0,0,0,0,0,0,0,0,0,0,0,0,0,0,0,0,0,0,29.625,34.025,0.128,0.256,5.7,7.1,8.4,10.1,9,13.5,5.23333333333333,5.4,39,41.4666666666667,8,9,16,17,4.6,0,0,0,0,0,0,0,0,"CHI"
"11947",0,0,0,0,0,0,0,0,0,0,0,0,0,71,0,0,0,0,0,0,0,0,0,0,0,0,35,6,"Brandon McManus","K","14990","RTSports","Brandon","McManus","K",0,0,0,0,0,0,0,0,0,0,0,0,0,0,0,0,0,0,0,0,0,0,0,0,0,0,0,0,0,0,0,14,17,0,0,0,0,0,0,0,0,0,0,29,0,0,0,0,0,0,0,0,0,0,0,0,0,0,"GB"
"12437",17,0,0,0,0,0,0,0,0,0,0,0,0,154.2,9.8,0,0,0,0,0,0,0,0,0,0,0,35,6,"Jason Myers","K","2169640","CBS","Jason","Myers","K",0,0,0,0,0,0,0,0,0,0,0,0,0,0,0,0,0,0,0,0,0,0,0,0,0,0,0,0,0,0,0,35.775,40.6,0.152,0.304,7.35,9.2,11.8,13.2,10,12.9,6.53333333333333,6.5,41.125,46.2666666666667,9,10,18,19,4.3,0,0,0,0,0,0,0,0,"SEA"
"12860",17,0,0,0,0,0,0,0,0,0,0,0,0,154.566666666667,9.2,0,0,0,0,0,0,0,0,0,0,0,32,4,"Ka'imi Fairbairn","K","1996562","CBS","Ka'imi","Fairbairn","K",0,0,0,0,0,0,0,0,0,0,0,0,0,0,0,0,0,0,0,0,0,0,0,0,0,0,0,0,0,0,0,38.45,42.825,0.1635,0.327,9.4,9.5,10.95,10.9,10.5666666666667,13.3,7.6,6.9,32.25,35.0666666666667,10,11,20,20,5.5,0,0,0,0,0,0,0,0,"HOU"
"12956",17,0,0,0,0,0,0,0,0,0,0,0,0,127.933333333333,7.9,0,0,0,0,0,0,0,0,0,0,0,32,4,"Wil Lutz","K","2008545","CBS","Wil","Lutz","K",0,0,0,0,0,0,0,0,0,0,0,0,0,0,0,0,0,0,0,0,0,0,0,0,0,0,0,0,0,0,0,29.225,34.275,0.1115,0.223,8.75,8.4,10.35,10.8,5.86666666666667,9.3,4.6,4.4,39.625,42.5,8,9,15,16,5.2,0,0,0,0,0,0,0,0,"DEN"
"13303",17,0,0,0,0,0,0,0,0,0,0,0,0,117.733333333333,7,0,0,0,0,0,0,0,0,0,0,0,31,3,"Jake Elliott","K","2080295","CBS","Jake","Elliott","K",0,0,0,0,0,0,0,0,0,0,0,0,0,0,0,0,0,0,0,0,0,0,0,0,0,0,0,0,0,0,0,26.65,32.75,0.1,0.2,5.45,5.6,9.1,8.7,7.73333333333333,10.8,3.65333333333333,3.36,41.325,43.8666666666667,8,9,15,16,7.4,0,0,0,0,0,0,0,0,"PHI"
"13347",0,0,0,0,0,0,0,0,0,0,0,0,0,110,0,0,0,0,0,0,0,0,0,0,0,0,31,3,"Zane Gonzalez","K","16071","RTSports","Zane","Gonzalez","K",0,0,0,0,0,0,0,0,0,0,0,0,0,0,0,0,0,0,0,0,0,0,0,0,0,0,0,0,0,0,0,27,32,0,0,0,0,0,0,0,0,0,0,29,0,0,0,0,0,0,0,0,0,0,0,0,0,0,"MIA"
"13354",17,0,0,0,0,0,0,0,0,0,0,0,0,126.466666666667,7.9,0,0,0,0,0,0,0,0,0,0,0,31,3,"Harrison Butker","K","2078888","CBS","Harrison","Butker","K",0,0,0,0,0,0,0,0,0,0,0,0,0,0,0,0,0,0,0,0,0,0,0,0,0,0,0,0,0,0,0,30.8,35.25,0.553,0.506,8.35,9.8,9.3,10.2,8.33333333333333,10.1,4.64,4.62,35,37.1666666666667,8,10,17,17,3.8,0,0,0,0,0,0,0,0,"KC"
"13403",0,0,0,0,0,0,0,0,0,0,0,0,0,23,0,0,0,0,0,0,0,0,0,0,0,0,32,3,"Younghoe Koo","K","16106","RTSports","Younghoe","Koo","K",0,0,0,0,0,0,0,0,0,0,0,0,0,0,0,0,0,0,0,0,0,0,0,0,0,0,0,0,0,0,0,4,6,0,0,0,0,0,0,0,0,0,0,11,0,0,0,0,0,0,0,0,0,0,0,0,0,0,"NYG"
"13718",0,0,0,0,0,0,0,0,0,0,0,0,0,117,0,0,0,0,0,0,0,0,0,0,0,0,31,2,"Daniel Carlson","K","16372","RTSports","Daniel","Carlson","K",0,0,0,0,0,0,0,0,0,0,0,0,0,0,0,0,0,0,0,0,0,0,0,0,0,0,0,0,0,0,0,28,33,0,0,0,0,0,0,0,0,0,0,33,0,0,0,0,0,0,0,0,0,0,0,0,0,0,"LV"
"13719",17,0,0,0,0,0,0,0,0,0,0,0,0,122.566666666667,7.6,0,0,0,0,0,0,0,0,0,0,0,31,2,"Eddy Pineiro","K","2221833","CBS","Eddy","Pineiro","K",0,0,0,0,0,0,0,0,0,0,0,0,0,0,0,0,0,0,0,0,0,0,0,0,0,0,0,0,0,0,0,29.15,32.65,0.122,0.244,5.6,6.8,7.55,8.8,8.66666666666667,11.5,4.96666666666667,5.2,37.5,40.3333333333333,9,10,17,18,3,0,0,0,0,0,0,0,0,"SF"
"13832",17,0,0,0,0,0,0,0,0,0,0,0,0,87.0666666666667,7.2,0,0,0,0,0,0,0,0,0,0,0,31,2,"Jason Sanders","K","2131909","CBS","Jason","Sanders","K",0,0,0,0,0,0,0,0,0,0,0,0,0,0,0,0,0,0,0,0,0,0,0,0,0,0,0,0,0,0,0,21.75,24.825,0.12,0.24,5.4,6.7,8.2,10.7,5.7,9.7,4.96666666666667,5.1,26.55,27.0666666666667,8,9,16,16,1.3,0,0,0,0,0,0,0,0,"NYJ"
"13980",0,0,0,0,0,0,0,0,0,0,0,0,0,44,0,0,0,0,0,0,0,0,0,0,0,0,31,2,"Michael Badgley","K","16531","RTSports","Mike","Badgley","K",0,0,0,0,0,0,0,0,0,0,0,0,0,0,0,0,0,0,0,0,0,0,0,0,0,0,0,0,0,0,0,9,10,0,0,0,0,0,0,0,0,0,0,17,0,0,0,0,0,0,0,0,0,0,0,0,0,0,"BUF"
"14244",17,0,0,0,0,0,0,0,0,0,0,0,0,95.6333333333333,6.1,0,0,0,0,0,0,0,0,0,0,0,32,1,"Matt Gay","K","2870511","CBS","Matt","Gay","K",0,0,0,0,0,0,0,0,0,0,0,0,0,0,0,0,0,0,0,0,0,0,0,0,0,0,0,0,0,0,0,24.4,30.275,0.093,0.187,5,6,5.45,6.9,6.53333333333333,7.9,4.12,3.96,28.025,28.4333333333333,8,9,16,17,5.5,0,0,0,0,0,0,0,0,"LV"
"14426",0,0,0,0,0,0,0,0,0,0,0,0,0,15,0,0,0,0,0,0,0,0,0,0,0,0,30,1,"Matthew Wright","K","16903","RTSports","Matthew","Wright","K",0,0,0,0,0,0,0,0,0,0,0,0,0,0,0,0,0,0,0,0,0,0,0,0,0,0,0,0,0,0,0,3,3,0,0,0,0,0,0,0,0,0,0,6,0,0,0,0,0,0,0,0,0,0,0,0,0,0,"BUF"
"14600",17,0,0,0,0,0,0,0,0,0,0,0,0,114.5,7.1,0,0,0,0,0,0,0,0,0,0,0,30,1,"Joey Slye","K","3116871","CBS","Joey","Slye","K",0,0,0,0,0,0,0,0,0,0,0,0,0,0,0,0,0,0,0,0,0,0,0,0,0,0,0,0,0,0,0,27.35,32.95,0.1285,0.258,6.2,7.4,6.95,8.7,7.06666666666667,9.9,5.83333333333333,5.5,30.9,31.1666666666667,8,9,15,16,6.3,0,0,0,0,0,0,0,0,"TEN"
"14717",17,0,0,0,0,0,0,0,0,0,0,0,0,134.966666666667,8.3,0,0,0,0,0,0,0,0,0,0,0,30,1,"Chase McLaughlin","K","2165272","CBS","Chase","McLaughlin","K",0,0,0,0,0,0,0,0,0,0,0,0,0,0,0,0,0,0,0,0,0,0,0,0,0,0,0,0,0,0,0,30.975,35.7,0.145,0.29,8.1,8.3,8.5,11.6,7.23333333333333,11.8,6.9,6.2,38.3,39.5,8,9,17,17,4.8,0,0,0,0,0,0,0,0,"TB"
"14983",17,0,0,0,0,0,0,0,0,0,0,0,0,114.866666666667,7.3,0,0,0,0,0,0,0,0,0,0,0,29,0,"Tyler Bass","K","2188356","CBS","Tyler","Bass","K",0,0,0,0,0,0,0,0,0,0,0,0,0,0,0,0,0,0,0,0,0,0,0,0,0,0,0,0,0,0,0,24.1,28.6,0.1075,0.216,6.25,9,5.35,7.3,6.06666666666667,9.4,4.39333333333333,4.58,43.525,46.8,7,8,14,15,2,0,0,0,0,0,0,0,0,"BUF"
"15368",17,0,0,0,0,0,0,0,0,0,0,0,0,115.933333333333,7.9,0,0,0,0,0,0,0,0,0,0,0,27,-1,"Evan McPherson","K","2962681","CBS","Evan","McPherson","K",0,0,0,0,0,0,0,0,0,0,0,0,0,0,0,0,0,0,0,0,0,0,0,0,0,0,0,0,0,0,0,25.7,29.95,0.1175,0.235,5.5,6.5,5.9,7.7,7.56666666666667,11.1,4.46333333333333,4.99,41.7,45.7666666666667,8,9,15,16,4,0,0,0,0,0,0,0,0,"CIN"
"15369",17,0,0,0,0,0,0,0,0,0,0,0,0,111.666666666667,7,0,0,0,0,0,0,0,0,0,0,0,27,-1,"Riley Patterson","K","2865368","CBS","Riley","Patterson","K",0,0,0,0,0,0,0,0,0,0,0,0,0,0,0,0,0,0,0,0,0,0,0,0,0,0,0,0,0,0,0,26.8,30.1,0.1085,0.217,5,6,7.4,9.6,8.26666666666667,10.3,4.16333333333333,3.19,30.025,30.3,8,9,16,17,2.3,0,0,0,0,0,0,0,0,"MIA"
"15882",0,0,0,0,0,0,0,0,0,0,0,0,0,63.35,0,0,0,0,0,0,0,0,0,0,0,0,25,-2,"York, Cade","K",NA,"FantasySharks","Cade","York","K",0,0,0,0,0,0,0,0,0,0,0,0,0,0,0,0,0,0,0,0,0,0,0,0,0,0,0,0,0,0,0,15.8,19.7,0,0,3,0,0.8,0,0,0,0.8,0,19.3,11.9,0,0,0,0,2.8,0,0,0,0,0,0,0,0,"NYJ"
"15979",17,0,0,0,0,0,0,0,0,0,0,0,0,139.133333333333,8.4,0,0,0,0,0,0,0,0,0,0,0,26,-2,"Cameron Dicker","K","2961997","CBS","Cameron","Dicker","K",0,0,0,0,0,0,0,0,0,0,0,0,0,0,0,0,0,0,0,0,0,0,0,0,0,0,0,0,0,0,0,34.3,37.425,0.3385,0.278,6.85,7.7,11.25,12.3,9.46666666666667,11.5,5.66666666666667,5.3,34.5,36.8333333333333,9,10,18,19,2.6,0,0,0,0,0,0,0,0,"LAC"
"16286",0,0,0,0,0,0,0,0,0,0,0,0,0,100.9,0,0,0,0,0,0,0,0,0,0,0,0,27,-3,"Jake Moody","K","4372066","ESPN","Jake","Moody","K",0,0,0,0,0,0,0,0,0,0,0,0,0,0,0,0,0,0,0,0,0,0,0,0,0,0,0,0,0,0,0,25.1,30.9333333333333,0,0,6.2,0,6.4,0,5.9,0,4.5,0,33.4666666666667,32.8,8,9,15,17,6.4,0,0,0,0,0,0,0,0,"WAS"
"16292",17,0,0,0,0,0,0,0,0,0,0,0,0,114.266666666667,6.8,0,0,0,0,0,0,0,0,0,0,0,27,-3,"Chad Ryland","K","2964074","CBS","Chad","Ryland","K",0,0,0,0,0,0,0,0,0,0,0,0,0,0,0,0,0,0,0,0,0,0,0,0,0,0,0,0,0,0,0,27.375,33.825,0.1075,0.215,5.95,6,8.35,9.1,6.96666666666667,10.7,5.32,4.56,32.4,34.0333333333333,8,9,15,17,7.9,0,0,0,0,0,0,0,0,"ARI"
"16405",0,0,0,0,0,0,0,0,0,0,0,0,0,36,0,0,0,0,0,0,0,0,0,0,0,0,29,-2,"John Parker Romo","K","18696","RTSports","John Parker","Romo","K",0,0,0,0,0,0,0,0,0,0,0,0,0,0,0,0,0,0,0,0,0,0,0,0,0,0,0,0,0,0,0,9,10,0,0,0,0,0,0,0,0,0,0,9,0,0,0,0,0,0,0,0,0,0,0,0,0,0,"ATL"
"16414",17,0,0,0,0,0,0,0,0,0,0,0,0,155.666666666667,9.1,0,0,0,0,0,0,0,0,0,0,0,31,-3,"Brandon Aubrey","K","2815718","CBS","Brandon","Aubrey","K",0,0,0,0,0,0,0,0,0,0,0,0,0,0,0,0,0,0,0,0,0,0,0,0,0,0,0,0,0,0,0,36.375,42.45,0.144,0.289,8.2,8.4,8.05,10.2,10.3,11.9,8.2,6.1,43.75,45.8333333333333,9,11,19,19,9.3,0,0,0,0,0,0,0,0,"DAL"
"16419",17,0,0,0,0,0,0,0,0,0,0,0,0,96.4666666666667,5.9,0,0,0,0,0,0,0,0,0,0,0,28,-3,"Andre Szmyt","K","2868551","CBS","Andre","Szmyt","K",0,0,0,0,0,0,0,0,0,0,0,0,0,0,0,0,0,0,0,0,0,0,0,0,0,0,0,0,0,0,0,24.2,27.85,0.09,0.181,4.28,5,7.75,9.4,5.46666666666667,6.2,4.28,3.84,26.425,26.2,8,9,15,16,3.6,0,0,0,0,0,0,0,0,"CLE"
"16444",17,0,0,0,0,0,0,0,0,0,0,0,0,131.1,9,0,0,0,0,0,0,0,0,0,0,0,28,-3,"Blake Grupe","K","2876348","CBS","Blake","Grupe","K",0,0,0,0,0,0,0,0,0,0,0,0,0,0,0,0,0,0,0,0,0,0,0,0,0,0,0,0,0,0,0,30.75,36.4,0.131,0.262,7.85,9,11.3,13.5,6.3,11.2,5.8,5.6,35.5,39.3666666666667,8,9,16,17,4.6,0,0,0,0,0,0,0,0,"IND"
"16680",17,0,0,0,0,0,0,0,0,0,0,0,0,137.033333333333,7.9,0,0,0,0,0,0,0,0,0,0,0,23,-4,"Cam Little","K","26702477","CBS","Cam","Little","K",0,0,0,0,0,0,0,0,0,0,0,0,0,0,0,0,0,0,0,0,0,0,0,0,0,0,0,0,0,0,0,29.4,33.025,0.1185,0.238,5.9,6.6,7.9,8.3,8.4,10.4,5.73333333333333,5,44.5,43.6666666666667,8,9,17,17,3.5,0,0,0,0,0,0,0,0,"JAC"
"16681",17,0,0,0,0,0,0,0,0,0,0,0,0,136.133333333333,8.3,0,0,0,0,0,0,0,0,0,0,0,25,-4,"Will Reichard","K","3121084","CBS","Will","Reichard","K",0,0,0,0,0,0,0,0,0,0,0,0,0,0,0,0,0,0,0,0,0,0,0,0,0,0,0,0,0,0,0,31.6,35.425,0.145,0.291,6.5,8.1,8.65,10.3,8.1,9.3,7.43333333333333,6.2,35.25,36.0666666666667,8,9,17,17,4.3,0,0,0,0,0,0,0,0,"MIN"
"16775",0,0,0,0,0,0,0,0,0,0,0,0,0,21,0,0,0,0,0,0,0,0,0,0,0,0,24,-4,"Joshua Karty","K","18841","RTSports","Joshua","Karty","K",0,0,0,0,0,0,0,0,0,0,0,0,0,0,0,0,0,0,0,0,0,0,0,0,0,0,0,0,0,0,0,4,6,0,0,0,0,0,0,0,0,0,0,9,0,0,0,0,0,0,0,0,0,0,0,0,0,0,"ARI"
"16843",17,0,0,0,0,0,0,0,0,0,0,0,0,135.133333333333,8.4,0,0,0,0,0,0,0,0,0,0,0,24,-4,"Harrison Mevis","K","3162619","CBS","Harrison","Mevis","K",0,0,0,0,0,0,0,0,0,0,0,0,0,0,0,0,0,0,0,0,0,0,0,0,0,0,0,0,0,0,0,28.55,31.8,0.1215,0.245,5.7,6.7,6.65,8.3,9.53333333333333,11.5,4.05666666666667,3.37,50.225,55,8,9,16,17,3,0,0,0,0,0,0,0,0,"LAR"
"16846",17,0,0,0,0,0,0,0,0,0,0,0,0,138.6,8.6,0,0,0,0,0,0,0,0,0,0,0,27,-3,"Jake Bates","K","3173439","CBS","Jake","Bates","K",0,0,0,0,0,0,0,0,0,0,0,0,0,0,0,0,0,0,0,0,0,0,0,0,0,0,0,0,0,0,0,28.2,33.725,0.121,0.242,5.65,6.7,8.75,9.7,8.3,11.5,4.93333333333333,5,52.6,54.1666666666667,8,9,15,16,6,0,0,0,0,0,0,0,0,"DET"
"16896",0,0,0,0,0,0,0,0,0,0,0,0,0,47.65,0,0,0,0,0,0,0,0,0,0,0,0,27,-4,"Shrader, Spencer","K",NA,"FantasySharks","Spencer","Shrader","K",0,0,0,0,0,0,0,0,0,0,0,0,0,0,0,0,0,0,0,0,0,0,0,0,0,0,0,0,0,0,0,10.9,12.3,0,0,5.5,0,5.5,0,2.5,0,1.4,0,14.95,16.9,0,0,0,0,1.8,0,0,0,0,0,0,0,0,"IND"
"17220",17,0,0,0,0,0,0,0,0,0,0,0,0,119.133333333333,7.1,0,0,0,0,0,0,0,0,0,0,0,24,-5,"Andres Borregales","K","26699665","CBS","Andres","Borregales","K",0,0,0,0,0,0,0,0,0,0,0,0,0,0,0,0,0,0,0,0,0,0,0,0,0,0,0,0,0,0,0,25.4,31.025,0.6545,0.41,6.5,7.1,8.3,9.7,5.7,9.4,3.90666666666667,3.52,44.5,45.1,7,8,14,15,6.5,0,0,0,0,0,0,0,0,"NE"
"17222",17,0,0,0,0,0,0,0,0,0,0,0,0,130.1,8,0,0,0,0,0,0,0,0,0,0,0,25,-5,"Tyler Loop","K","3174704","CBS","Tyler","Loop","K",0,0,0,0,0,0,0,0,0,0,0,0,0,0,0,0,0,0,0,0,0,0,0,0,0,0,0,0,0,0,0,28.75,32.9,0.1155,0.232,8.8,9.4,10.15,10.8,7.3,8.7,2.98666666666667,1.16,45.075,48.1,8,9,16,17,4.6,0,0,0,0,0,0,0,0,"BAL"
"17277",17,0,0,0,0,0,0,0,0,0,0,0,0,102.2,6.2,0,0,0,0,0,0,0,0,0,0,0,NA,-5,"Ryan Fitzgerald","K","3126649","CBS","Ryan","Fitzgerald","K",0,0,0,0,0,0,0,0,0,0,0,0,0,0,0,0,0,0,0,0,0,0,0,0,0,0,0,0,0,0,0,24.8,29.45,0.0985,0.197,5.8,6,7.05,8.9,7.6,9.3,2.62333333333333,1.97,31.625,32.5666666666667,8,9,15,16,4.6,0,0,0,0,0,0,0,0,"CAR"
"17424",17,0,0,0,0,0,0,0,0,0,0,0,0,112.466666666667,7.5,0,0,0,0,0,0,0,0,0,0,0,25,-4,"Charlie Smyth","K","29375393","CBS","Charlie","Smyth","K",0,0,0,0,0,0,0,0,0,0,0,0,0,0,0,0,0,0,0,0,0,0,0,0,0,0,0,0,0,0,0,28.775,35,0.134,0.27,5.85,7.6,8.75,10.5,7.1,11,5.59333333333333,4.18,31.25,32.4333333333333,9,10,17,18,8.9,0,0,0,0,0,0,0,0,"NO"
"17434",17,0,0,0,0,0,0,0,0,0,0,0,0,91.6,5,0,0,0,0,0,0,0,0,0,0,0,25,-5,"Ben Sauls","K","3169819","CBS","Ben","Sauls","K",0,0,0,0,0,0,0,0,0,0,0,0,0,0,0,0,0,0,0,0,0,0,0,0,0,0,0,0,0,0,0,21.9333333333333,26.4333333333333,0.2955,0.193,5.85,6.1,7.15,8.4,4.4,7.5,1.18,1.86,26.7666666666667,28.4,0,0,0,0,2.5,0,0,0,0,0,0,0,0,"NYG"
"17668",17,0,0,0,0,0,0,0,0,0,0,0,0,108.766666666667,7.4,0,0,0,0,0,0,0,0,0,0,0,23,-6,"Trey Smack","K","28899321","CBS","Trey","Smack","K",0,0,0,0,0,0,0,0,0,0,0,0,0,0,0,0,0,0,0,0,0,0,0,0,0,0,0,0,0,0,0,26.925,31.675,0.1425,0.288,7.45,8.2,7.8,10.2,6.46666666666667,10.4,3.68,3.14,34.775,39.2,8,10,16,17,4.1,0,0,0,0,0,0,0,0,"GB"
"17726",17,0,0,0,0,0,0,0,0,0,0,0,0,120,7.1,0,0,0,0,0,0,0,0,0,0,0,23,-6,"Drew Stevens","K","28873746","CBS","Drew","Stevens","K",0,0,0,0,0,0,0,0,0,0,0,0,0,0,0,0,0,0,0,0,0,0,0,0,0,0,0,0,0,0,0,27,32,0.27,0.273,7.6,7.8,8.7,9.6,7.6,9.8,2.98,2.98,39,43,0,0,0,0,0,0,0,0,0,0,0,0,0,"WAS"
"17736",17,0,0,0,0,0,0,0,0,0,0,0,0,30,1.8,0,0,0,0,0,0,0,0,0,0,0,23,-6,"Dominic Zvada","K","28876817","CBS","Dominic","Zvada","K",0,0,0,0,0,0,0,0,0,0,0,0,0,0,0,0,0,0,0,0,0,0,0,0,0,0,0,0,0,0,0,18,21.5,0.067,0.067,1.87,1.93,2.14,2.64,4.935,2.7,3.367,0.734,22.5,24.5,8,9,16,17,0,0,0,0,0,0,0,0,0,"NYG"
"8851",17,0,0,0,0,0,0,0,0,0,0,0,0,123.6,8.9,0,0,0,0,0,0,0,0,0,0,0,42,13,"Nick Folk","K","410721","CBS","Nick","Folk","K",0,0,0,0,0,0,0,0,0,0,0,0,0,0,0,0,0,0,0,0,0,0,0,0,0,0,0,0,0,0,0,30,33.225,0.1465,0.293,5.6,8.1,8.9,10.2,8.36666666666667,11.2,6.13333333333333,6.2,31.15,33.4333333333333,8,9,17,17,3,0,0,0,0,0,0,0,0,"ATL"
"8930",0,0,0,0,0,0,0,0,0,0,0,0,0,14,0,0,0,0,0,0,0,0,0,0,0,0,42,14,"Matt Prater","K","12503","RTSports","Matt","Prater","K",0,0,0,0,0,0,0,0,0,0,0,0,0,0,0,0,0,0,0,0,0,0,0,0,0,0,0,0,0,0,0,3,4,0,0,0,0,0,0,0,0,0,0,5,0,0,0,0,0,0,0,0,0,0,0,0,0,0,"BUF"
"9694",0,0,0,0,0,0,0,0,0,0,0,0,0,25,0,0,0,0,0,0,0,0,0,0,0,0,39,11,"Graham Gano","K","13142","RTSports","Graham","Gano","K",0,0,0,0,0,0,0,0,0,0,0,0,0,0,0,0,0,0,0,0,0,0,0,0,0,0,0,0,0,0,0,6,6,0,0,0,0,0,0,0,0,0,0,7,0,0,0,0,0,0,0,0,0,0,0,0,0,0,"NYG"
"10266",0,0,0,0,0,0,0,0,0,0,0,0,0,60.9,0,0,0,0,0,0,0,0,0,0,0,0,37,9,"Heyward, Cameron","DL",NA,"FantasySharks","Cameron","Heyward","DT",0,0,0,0,0,0,0,0,0,0,0,0,0,0,0,0,0,0,0,0,0,0,0,0,0,0,0,0,0,0,0,0,0,0,0,0,0,0,0,0,0,0,0,0,0,0,0,0,0,0,31,34.6,3.9,4.5,0,0.3,0,0,"PIT"
"10292",0,0,0,0,0,0,0,0,0,0,0,0,0,63.3,0,0,0,0,0,0,0,0,0,0,0,0,37,9,"Jordan, Cameron","DL",NA,"FantasySharks","Cameron","Jordan","DE",0,0,0,0,0,0,0,0,0,0,0,0,0,0,0,0,0,0,0,0,0,0,0,0,0,0,0,0,0,0,0,0,0,0,0,0,0,0,0,0,0,0,0,0,0,0,0,0,0,0,30.6,18,9.5,2.5,0,1.3,0.9,0,"NOS"
"11286",0,0,0,0,0,0,0,0,0,0,0,0,0,23.5,0,0,0,0,0,0,0,0,0,0,0,0,37,7,"Jenkins, John","DL",NA,"FantasySharks","John","Jenkins","DT",0,0,0,0,0,0,0,0,0,0,0,0,0,0,0,0,0,0,0,0,0,0,0,0,0,0,0,0,0,0,0,0,0,0,0,0,0,0,0,0,0,0,0,0,0,0,0,0,0,0,11.2,21.1,0.2,0.7,0,0.6,0.1,0,"BAL"
"11721",0,0,0,0,0,0,0,0,0,0,0,0,0,47.4,0,0,0,0,0,0,0,0,0,0,0,0,35,6,"Mack, Khalil","DL",NA,"FantasySharks","Khalil","Mack","DE",0,0,0,0,0,0,0,0,0,0,0,0,0,0,0,0,0,0,0,0,0,0,0,0,0,0,0,0,0,0,0,0,0,0,0,0,0,0,0,0,0,0,0,0,0,0,0,0,0,0,22.2,14.5,5.8,3.2,0,2.9,0.2,0,"LAC"
"11769",0,0,0,0,0,0,0,0,0,0,0,0,0,56.6,0,0,0,0,0,0,0,0,0,0,0,0,34,6,"Lawrence, Demarcus","DL",NA,"FantasySharks","Demarcus","Lawrence","DE",0,0,0,0,0,0,0,0,0,0,0,0,0,0,0,0,0,0,0,0,0,0,0,0,0,0,0,0,0,0,0,0,0,0,0,0,0,0,0,0,0,0,0,0,0,0,0,0,0,0,24.1,20.4,6.2,3,0,5,1.9,1.1,"SEA"
"11872",0,0,0,0,0,0,0,0,0,0,0,0,0,26.2,0,0,0,0,0,0,0,0,0,0,0,0,35,6,"Harris, Shelby","DL",NA,"FantasySharks","Shelby","Harris","DT",0,0,0,0,0,0,0,0,0,0,0,0,0,0,0,0,0,0,0,0,0,0,0,0,0,0,0,0,0,0,0,0,0,0,0,0,0,0,0,0,0,0,0,0,0,0,0,0,0,0,15,14.8,1,1.8,0,0,0,0,"NYG"
"12217",0,0,0,0,0,0,0,0,0,0,0,0,0,13.9,0,0,0,0,0,0,0,0,0,0,0,0,32,5,"Fowler, Dante","DL",NA,"FantasySharks","Dante","Fowler","DE",0,0,0,0,0,0,0,0,0,0,0,0,0,0,0,0,0,0,0,0,0,0,0,0,0,0,0,0,0,0,0,0,0,0,0,0,0,0,0,0,0,0,0,0,0,0,0,0,0,0,6.2,8.8,1,1.3,0,0,0,0,"SEA"
"12218",0,0,0,0,0,0,0,0,0,0,0,0,0,30.2,0,0,0,0,0,0,0,0,0,0,0,0,33,5,"Armstead, Arik","DL",NA,"FantasySharks","Arik","Armstead","DT",0,0,0,0,0,0,0,0,0,0,0,0,0,0,0,0,0,0,0,0,0,0,0,0,0,0,0,0,0,0,0,0,0,0,0,0,0,0,0,0,0,0,0,0,0,0,0,0,0,0,12.4,17.6,3.2,1.9,0,0.6,0,0,"JAC"
"12221",0,0,0,0,0,0,0,0,0,0,0,0,0,80,0,0,0,0,0,0,0,0,0,0,0,0,32,5,"Hunter, Danielle","DL",NA,"FantasySharks","Danielle","Hunter","DE",0,0,0,0,0,0,0,0,0,0,0,0,0,0,0,0,0,0,0,0,0,0,0,0,0,0,0,0,0,0,0,0,0,0,0,0,0,0,0,0,0,0,0,0,0,0,0,0,0,0,32.5,19.8,15.4,2.7,0,3.3,0.6,0.2,"HOU"
"12225",0,0,0,0,0,0,0,0,0,0,0,0,0,39.1,0,0,0,0,0,0,0,0,0,0,0,0,32,5,"Williams, Leonard","DL",NA,"FantasySharks","Leonard","Williams","DT",0,0,0,0,0,0,0,0,0,0,0,0,0,0,0,0,0,0,0,0,0,0,0,0,0,0,0,0,0,0,0,0,0,0,0,0,0,0,0,0,0,0,0,0,0,0,0,0,0,0,18.8,18.7,4.6,0.7,0.6,0,0,0.6,"SEA"
"12229",0,0,0,0,0,0,0,0,0,0,0,0,0,21,0,0,0,0,0,0,0,0,0,0,0,0,34,5,"Phillips, Jordan","DL",NA,"FantasySharks","Jordan","Phillips","DT",0,0,0,0,0,0,0,0,0,0,0,0,0,0,0,0,0,0,0,0,0,0,0,0,0,0,0,0,0,0,0,0,0,0,0,0,0,0,0,0,0,0,0,0,0,0,0,0,0,0,9.7,7.6,1.5,2.8,0.9,0,0,0,"BUF"
"12234",0,0,0,0,0,0,0,0,0,0,0,0,0,20.5,0,0,0,0,0,0,0,0,0,0,0,0,33,5,"Dupree, Bud","DL",NA,"FantasySharks","Bud","Dupree","DE",0,0,0,0,0,0,0,0,0,0,0,0,0,0,0,0,0,0,0,0,0,0,0,0,0,0,0,0,0,0,0,0,0,0,0,0,0,0,0,0,0,0,0,0,0,0,0,0,0,0,9.7,12.1,2,0.7,0,0,0,0,"LAC"
"12271",0,0,0,0,0,0,0,0,0,0,0,0,0,23.2,0,0,0,0,0,0,0,0,0,0,0,0,32,5,"Goldman, Eddie","DL",NA,"FantasySharks","Eddie","Goldman","DT",0,0,0,0,0,0,0,0,0,0,0,0,0,0,0,0,0,0,0,0,0,0,0,0,0,0,0,0,0,0,0,0,0,0,0,0,0,0,0,0,0,0,0,0,0,0,0,0,0,0,12.6,18.6,0.4,0.3,0,0.2,0,0,"WAS"
"12305",0,0,0,0,0,0,0,0,0,0,0,0,0,37.6,0,0,0,0,0,0,0,0,0,0,0,0,33,5,"Jarrett, Grady","DL",NA,"FantasySharks","Grady","Jarrett","DT",0,0,0,0,0,0,0,0,0,0,0,0,0,0,0,0,0,0,0,0,0,0,0,0,0,0,0,0,0,0,0,0,0,0,0,0,0,0,0,0,0,0,0,0,0,0,0,0,0,0,17.1,24.7,2,3.4,0,0.7,0,0,"CHI"
"12361",0,0,0,0,0,0,0,0,0,0,0,0,0,17.7,0,0,0,0,0,0,0,0,0,0,0,0,33,5,"Nunez-Roches, Rakeem","DL",NA,"FantasySharks","Rakeem","Nunez-Roches","DT",0,0,0,0,0,0,0,0,0,0,0,0,0,0,0,0,0,0,0,0,0,0,0,0,0,0,0,0,0,0,0,0,0,0,0,0,0,0,0,0,0,0,0,0,0,0,0,0,0,0,6.8,13.4,1.5,1.2,0,0,0,0,"TBB"
"12688",0,0,0,0,0,0,0,0,0,0,0,0,0,52.2,0,0,0,0,0,0,0,0,0,0,0,0,32,4,"Buckner, DeForest","DL",NA,"FantasySharks","DeForest","Buckner","DT",0,0,0,0,0,0,0,0,0,0,0,0,0,0,0,0,0,0,0,0,0,0,0,0,0,0,0,0,0,0,0,0,0,0,0,0,0,0,0,0,0,0,0,0,0,0,0,0,0,0,27.7,29.4,4.2,1,0,0.2,0.2,0,"IND"
"12697",0,0,0,0,0,0,0,0,0,0,0,0,0,36.8,0,0,0,0,0,0,0,0,0,0,0,0,31,4,"Robinson, A'Shawn","DL",NA,"FantasySharks","A'Shawn","Robinson","DT",0,0,0,0,0,0,0,0,0,0,0,0,0,0,0,0,0,0,0,0,0,0,0,0,0,0,0,0,0,0,0,0,0,0,0,0,0,0,0,0,0,0,0,0,0,0,0,0,0,0,17.7,25.3,2.2,2.2,0,0,0,0,"TBB"
"12698",0,0,0,0,0,0,0,0,0,0,0,0,0,27.8,0,0,0,0,0,0,0,0,0,0,0,0,34,4,"Reed, Jarran","DL",NA,"FantasySharks","Jarran","Reed","DT",0,0,0,0,0,0,0,0,0,0,0,0,0,0,0,0,0,0,0,0,0,0,0,0,0,0,0,0,0,0,0,0,0,0,0,0,0,0,0,0,0,0,0,0,0,0,0,0,0,0,11.3,24.3,1.9,0.5,0,0,0,0,"SEA"
"12699",0,0,0,0,0,0,0,0,0,0,0,0,0,23.5,0,0,0,0,0,0,0,0,0,0,0,0,31,4,"Billings, Andrew","DL",NA,"FantasySharks","Andrew","Billings","DT",0,0,0,0,0,0,0,0,0,0,0,0,0,0,0,0,0,0,0,0,0,0,0,0,0,0,0,0,0,0,0,0,0,0,0,0,0,0,0,0,0,0,0,0,0,0,0,0,0,0,15.4,14.5,0.3,0.3,0,0,0,0,"ARI"
"12735",0,0,0,0,0,0,0,0,0,0,0,0,0,28.1,0,0,0,0,0,0,0,0,0,0,0,0,32,4,"Rankins, Sheldon","DL",NA,"FantasySharks","Sheldon","Rankins","DT",0,0,0,0,0,0,0,0,0,0,0,0,0,0,0,0,0,0,0,0,0,0,0,0,0,0,0,0,0,0,0,0,0,0,0,0,0,0,0,0,0,0,0,0,0,0,0,0,0,0,13.7,15.3,3.1,0.2,0,0.2,0.2,1.4,"HOU"
"12739",0,0,0,0,0,0,0,0,0,0,0,0,0,34.6,0,0,0,0,0,0,0,0,0,0,0,0,31,4,"Clark, Kenny","DL",NA,"FantasySharks","Kenny","Clark","DT",0,0,0,0,0,0,0,0,0,0,0,0,0,0,0,0,0,0,0,0,0,0,0,0,0,0,0,0,0,0,0,0,0,0,0,0,0,0,0,0,0,0,0,0,0,0,0,0,0,0,15.4,23.4,2.8,1.4,0.2,0,0,0,"DAL"
"12741",0,0,0,0,0,0,0,0,0,0,0,0,0,38.3,0,0,0,0,0,0,0,0,0,0,0,0,32,4,"Jones, Chris","DL",NA,"FantasySharks","Chris","Jones","DT",0,0,0,0,0,0,0,0,0,0,0,0,0,0,0,0,0,0,0,0,0,0,0,0,0,0,0,0,0,0,0,0,0,0,0,0,0,0,0,0,0,0,0,0,0,0,0,0,0,0,15.5,16.9,6.5,1.3,0,0,0,0,"KCC"
"12744",0,0,0,0,0,0,0,0,0,0,0,0,0,27.5,0,0,0,0,0,0,0,0,0,0,0,0,32,4,"Ward, Jihad","DL",NA,"FantasySharks","Jihad","Ward","DT",0,0,0,0,0,0,0,0,0,0,0,0,0,0,0,0,0,0,0,0,0,0,0,0,0,0,0,0,0,0,0,0,0,0,0,0,0,0,0,0,0,0,0,0,0,0,0,0,0,0,12.5,15.4,2.5,2.2,0,0,0,0,"TEN"
"12754",0,0,0,0,0,0,0,0,0,0,0,0,0,26,0,0,0,0,0,0,0,0,0,0,0,0,31,4,"Collins, Maliek","DL",NA,"FantasySharks","Maliek","Collins","DT",0,0,0,0,0,0,0,0,0,0,0,0,0,0,0,0,0,0,0,0,0,0,0,0,0,0,0,0,0,0,0,0,0,0,0,0,0,0,0,0,0,0,0,0,0,0,0,0,0,0,13.1,10.3,3.7,0,0,0.2,0.2,0,"CLE"
"12758",0,0,0,0,0,0,0,0,0,0,0,0,0,15.3,0,0,0,0,0,0,0,0,0,0,0,0,33,4,"Bullard, Jonathan","DL",NA,"FantasySharks","Jonathan","Bullard","DT",0,0,0,0,0,0,0,0,0,0,0,0,0,0,0,0,0,0,0,0,0,0,0,0,0,0,0,0,0,0,0,0,0,0,0,0,0,0,0,0,0,0,0,0,0,0,0,0,0,0,7.9,12,0,1.3,0,0,0,0,"DAL"
"12764",0,0,0,0,0,0,0,0,0,0,0,0,0,19.7,0,0,0,0,0,0,0,0,0,0,0,0,33,4,"Hargrave, Javon","DL",NA,"FantasySharks","Javon","Hargrave","DT",0,0,0,0,0,0,0,0,0,0,0,0,0,0,0,0,0,0,0,0,0,0,0,0,0,0,0,0,0,0,0,0,0,0,0,0,0,0,0,0,0,0,0,0,0,0,0,0,0,0,8.5,17.6,0.5,0.3,0,0.5,0.5,0,"GBP"
"12782",0,0,0,0,0,0,0,0,0,0,0,0,0,37.1,0,0,0,0,0,0,0,0,0,0,0,0,34,4,"Onyemata, David","DL",NA,"FantasySharks","David","Onyemata","DT",0,0,0,0,0,0,0,0,0,0,0,0,0,0,0,0,0,0,0,0,0,0,0,0,0,0,0,0,0,0,0,0,0,0,0,0,0,0,0,0,0,0,0,0,0,0,0,0,0,0,21,27.3,0.4,1.7,0,0,0,0,"NYJ"
"12802",0,0,0,0,0,0,0,0,0,0,0,0,0,19.8,0,0,0,0,0,0,0,0,0,0,0,0,32,4,"Reader, D.J.","DL",NA,"FantasySharks","D.J.","Reader","DT",0,0,0,0,0,0,0,0,0,0,0,0,0,0,0,0,0,0,0,0,0,0,0,0,0,0,0,0,0,0,0,0,0,0,0,0,0,0,0,0,0,0,0,0,0,0,0,0,0,0,12.1,13.4,0,1,0,0,0,0,"NYG"
"13198",0,0,0,0,0,0,0,0,0,0,0,0,0,73.9,0,0,0,0,0,0,0,0,0,0,0,0,31,3,"Garrett, Myles","DL",NA,"FantasySharks","Myles","Garrett","DE",0,0,0,0,0,0,0,0,0,0,0,0,0,0,0,0,0,0,0,0,0,0,0,0,0,0,0,0,0,0,0,0,0,0,0,0,0,0,0,0,0,0,0,0,0,0,0,0,0,0,31.2,19.7,14.2,1.8,0.5,1.7,0,0,"LAR"
"13199",0,0,0,0,0,0,0,0,0,0,0,0,0,8.9,0,0,0,0,0,0,0,0,0,0,0,0,31,3,"Thomas, Solomon","DL",NA,"FantasySharks","Solomon","Thomas","DT",0,0,0,0,0,0,0,0,0,0,0,0,0,0,0,0,0,0,0,0,0,0,0,0,0,0,0,0,0,0,0,0,0,0,0,0,0,0,0,0,0,0,0,0,0,0,0,0,0,0,3.8,9.4,0,0.4,0,0,0,0,"TEN"
"13208",0,0,0,0,0,0,0,0,0,0,0,0,0,35.9,0,0,0,0,0,0,0,0,0,0,0,0,31,3,"Allen, Jonathan","DL",NA,"FantasySharks","Jonathan","Allen","DT",0,0,0,0,0,0,0,0,0,0,0,0,0,0,0,0,0,0,0,0,0,0,0,0,0,0,0,0,0,0,0,0,0,0,0,0,0,0,0,0,0,0,0,0,0,0,0,0,0,0,20,24.6,1.8,0,0,0,0,0,"CIN"
"13214",0,0,0,0,0,0,0,0,0,0,0,0,0,71.9,0,0,0,0,0,0,0,0,0,0,0,0,32,3,"Watt, T.J.","DL",NA,"FantasySharks","T.J.","Watt","DE",0,0,0,0,0,0,0,0,0,0,0,0,0,0,0,0,0,0,0,0,0,0,0,0,0,0,0,0,0,0,0,0,0,0,0,0,0,0,0,0,0,0,0,0,0,0,0,0,0,0,30.1,26.7,8,4.8,1.2,3.6,1.8,0,"PIT"
"13260",0,0,0,0,0,0,0,0,0,0,0,0,0,23.6,0,0,0,0,0,0,0,0,0,0,0,0,32,3,"Tomlinson, Dalvin","DL",NA,"FantasySharks","Dalvin","Tomlinson","DT",0,0,0,0,0,0,0,0,0,0,0,0,0,0,0,0,0,0,0,0,0,0,0,0,0,0,0,0,0,0,0,0,0,0,0,0,0,0,0,0,0,0,0,0,0,0,0,0,0,0,14.4,15.6,0.4,0.6,0,0,0,0,"LAC"
"13284",0,0,0,0,0,0,0,0,0,0,0,0,0,66.2,0,0,0,0,0,0,0,0,0,0,0,0,32,3,"Hendrickson, Trey","DL",NA,"FantasySharks","Trey","Hendrickson","DE",0,0,0,0,0,0,0,0,0,0,0,0,0,0,0,0,0,0,0,0,0,0,0,0,0,0,0,0,0,0,0,0,0,0,0,0,0,0,0,0,0,0,0,0,0,0,0,0,0,0,25.5,22.1,11.2,3.2,0,2,2,0,"BAL"
"13294",0,0,0,0,0,0,0,0,0,0,0,0,0,27.9,0,0,0,0,0,0,0,0,0,0,0,0,31,3,"Ebukam, Samson","DL",NA,"FantasySharks","Samson","Ebukam","DE",0,0,0,0,0,0,0,0,0,0,0,0,0,0,0,0,0,0,0,0,0,0,0,0,0,0,0,0,0,0,0,0,0,0,0,0,0,0,0,0,0,0,0,0,0,0,0,0,0,0,18.5,14.7,0.6,0.8,0,0,0,0,"ATL"
"13298",0,0,0,0,0,0,0,0,0,0,0,0,0,42.7,0,0,0,0,0,0,0,0,0,0,0,0,33,3,"Stewart, Grover","DL",NA,"FantasySharks","Grover","Stewart","DT",0,0,0,0,0,0,0,0,0,0,0,0,0,0,0,0,0,0,0,0,0,0,0,0,0,0,0,0,0,0,0,0,0,0,0,0,0,0,0,0,0,0,0,0,0,0,0,0,0,0,20.1,32.6,0.6,2.9,0.6,1,0,0,"IND"
"13317",0,0,0,0,0,0,0,0,0,0,0,0,0,29.4,0,0,0,0,0,0,0,0,0,0,0,0,32,3,"Godchaux, Davon","DL",NA,"FantasySharks","Davon","Godchaux","DT",0,0,0,0,0,0,0,0,0,0,0,0,0,0,0,0,0,0,0,0,0,0,0,0,0,0,0,0,0,0,0,0,0,0,0,0,0,0,0,0,0,0,0,0,0,0,0,0,0,0,16.1,23.3,0.3,0.8,0,0.3,0,0,"NOS"
"13330",0,0,0,0,0,0,0,0,0,0,0,0,0,22.8,0,0,0,0,0,0,0,0,0,0,0,0,31,3,"Muhammad, Al-Quadin","DL",NA,"FantasySharks","Al-Quadin","Muhammad","DE",0,0,0,0,0,0,0,0,0,0,0,0,0,0,0,0,0,0,0,0,0,0,0,0,0,0,0,0,0,0,0,0,0,0,0,0,0,0,0,0,0,0,0,0,0,0,0,0,0,0,10,8.8,4,0.3,0,0,0,0,"TBB"
"13332",0,0,0,0,0,0,0,0,0,0,0,0,0,36.9,0,0,0,0,0,0,0,0,0,0,0,0,31,3,"Jones, D.J.","DL",NA,"FantasySharks","D.J.","Jones","DT",0,0,0,0,0,0,0,0,0,0,0,0,0,0,0,0,0,0,0,0,0,0,0,0,0,0,0,0,0,0,0,0,0,0,0,0,0,0,0,0,0,0,0,0,0,0,0,0,0,0,19.8,17.9,3.3,1.6,0,0,0,0,"DEN"
"13448",0,0,0,0,0,0,0,0,0,0,0,0,0,31.6,0,0,0,0,0,0,0,0,0,0,0,0,32,3,"Butler, Adam","DL",NA,"FantasySharks","Adam","Butler","DT",0,0,0,0,0,0,0,0,0,0,0,0,0,0,0,0,0,0,0,0,0,0,0,0,0,0,0,0,0,0,0,0,0,0,0,0,0,0,0,0,0,0,0,0,0,0,0,0,0,0,17,22.2,1.1,1.3,0,0,0,0,"LVR"
"13681",0,0,0,0,0,0,0,0,0,0,0,0,0,65.8,0,0,0,0,0,0,0,0,0,0,0,0,30,2,"Chubb, Bradley","DL",NA,"FantasySharks","Bradley","Chubb","DE",0,0,0,0,0,0,0,0,0,0,0,0,0,0,0,0,0,0,0,0,0,0,0,0,0,0,0,0,0,0,0,0,0,0,0,0,0,0,0,0,0,0,0,0,0,0,0,0,0,0,27.5,28.9,8.9,1.1,0.8,2.7,0.6,0,"BUF"
"13682",0,0,0,0,0,0,0,0,0,0,0,0,0,16,0,0,0,0,0,0,0,0,0,0,0,0,30,2,"Key, Arden","DL",NA,"FantasySharks","Arden","Key","DE",0,0,0,0,0,0,0,0,0,0,0,0,0,0,0,0,0,0,0,0,0,0,0,0,0,0,0,0,0,0,0,0,0,0,0,0,0,0,0,0,0,0,0,0,0,0,0,0,0,0,5.5,15,1.3,0.3,0,0,0,0,"IND"
"13683",0,0,0,0,0,0,0,0,0,0,0,0,0,26.8,0,0,0,0,0,0,0,0,0,0,0,0,31,2,"Hand, Da'Shawn","DL",NA,"FantasySharks","Da'Shawn","Hand","DT",0,0,0,0,0,0,0,0,0,0,0,0,0,0,0,0,0,0,0,0,0,0,0,0,0,0,0,0,0,0,0,0,0,0,0,0,0,0,0,0,0,0,0,0,0,0,0,0,0,0,16.1,10.7,1.4,2.3,0,0.2,0,0,"ATL"
"13685",0,0,0,0,0,0,0,0,0,0,0,0,0,18.7,0,0,0,0,0,0,0,0,0,0,0,0,31,2,"Okoronkwo, Ogbonnia","DL",NA,"FantasySharks","Ogbonnia","Okoronkwo","DE",0,0,0,0,0,0,0,0,0,0,0,0,0,0,0,0,0,0,0,0,0,0,0,0,0,0,0,0,0,0,0,0,0,0,0,0,0,0,0,0,0,0,0,0,0,0,0,0,0,0,7.4,16.5,1.2,0.4,0,0.3,0,0,"PHI"
"13690",0,0,0,0,0,0,0,0,0,0,0,0,0,35.3,0,0,0,0,0,0,0,0,0,0,0,0,29,2,"Sweat, Josh","DL",NA,"FantasySharks","Josh","Sweat","DE",0,0,0,0,0,0,0,0,0,0,0,0,0,0,0,0,0,0,0,0,0,0,0,0,0,0,0,0,0,0,0,0,0,0,0,0,0,0,0,0,0,0,0,0,0,0,0,0,0,0,14.9,8.4,6.4,1.1,0,1.8,0.5,0,"ARI"
"13692",0,0,0,0,0,0,0,0,0,0,0,0,0,33.5,0,0,0,0,0,0,0,0,0,0,0,0,31,2,"Vea, Vita","DL",NA,"FantasySharks","Vita","Vea","DT",0,0,0,0,0,0,0,0,0,0,0,0,0,0,0,0,0,0,0,0,0,0,0,0,0,0,0,0,0,0,0,0,0,0,0,0,0,0,0,0,0,0,0,0,0,0,0,0,0,0,16.9,14.3,4.3,0.8,0,0,0,0,"TBB"
"13693",0,0,0,0,0,0,0,0,0,0,0,0,0,45.5,0,0,0,0,0,0,0,0,0,0,0,0,30,2,"Phillips, Harrison","DL",NA,"FantasySharks","Harrison","Phillips","DT",0,0,0,0,0,0,0,0,0,0,0,0,0,0,0,0,0,0,0,0,0,0,0,0,0,0,0,0,0,0,0,0,0,0,0,0,0,0,0,0,0,0,0,0,0,0,0,0,0,0,23.4,37.8,0.4,1.5,0,0.8,0,0,"NYJ"
"13694",0,0,0,0,0,0,0,0,0,0,0,0,0,18.2,0,0,0,0,0,0,0,0,0,0,0,0,29,2,"Settle, Tim","DL",NA,"FantasySharks","Tim","Settle","DT",0,0,0,0,0,0,0,0,0,0,0,0,0,0,0,0,0,0,0,0,0,0,0,0,0,0,0,0,0,0,0,0,0,0,0,0,0,0,0,0,0,0,0,0,0,0,0,0,0,0,8.7,8.8,1.6,1.9,0,0,0,0,"WAS"
"13695",0,0,0,0,0,0,0,0,0,0,0,0,0,12.7,0,0,0,0,0,0,0,0,0,0,0,0,30,2,"Bryan, Taven","DL",NA,"FantasySharks","Taven","Bryan","DT",0,0,0,0,0,0,0,0,0,0,0,0,0,0,0,0,0,0,0,0,0,0,0,0,0,0,0,0,0,0,0,0,0,0,0,0,0,0,0,0,0,0,0,0,0,0,0,0,0,0,5.3,10.3,0.4,1.4,0,0,0,0,"BAL"
"13700",0,0,0,0,0,0,0,0,0,0,0,0,0,34.4,0,0,0,0,0,0,0,0,0,0,0,0,30,2,"Landry, Harold","DL",NA,"FantasySharks","Harold","Landry","DE",0,0,0,0,0,0,0,0,0,0,0,0,0,0,0,0,0,0,0,0,0,0,0,0,0,0,0,0,0,0,0,0,0,0,0,0,0,0,0,0,0,0,0,0,0,0,0,0,0,0,19,11.2,4.7,0,0,0.4,0,0,"NEP"
"13704",0,0,0,0,0,0,0,0,0,0,0,0,0,49.5,0,0,0,0,0,0,0,0,0,0,0,0,30,2,"Nwosu, Uchenna","DL",NA,"FantasySharks","Uchenna","Nwosu","DE",0,0,0,0,0,0,0,0,0,0,0,0,0,0,0,0,0,0,0,0,0,0,0,0,0,0,0,0,0,0,0,0,0,0,0,0,0,0,0,0,0,0,0,0,0,0,0,0,0,0,22.5,16.7,7.5,2.7,0,0.9,0,0,"SEA"
"13723",0,0,0,0,0,0,0,0,0,0,0,0,0,44.1,0,0,0,0,0,0,0,0,0,0,0,0,29,2,"Payne, Da'Ron","DL",NA,"FantasySharks","Da'Ron","Payne","DT",0,0,0,0,0,0,0,0,0,0,0,0,0,0,0,0,0,0,0,0,0,0,0,0,0,0,0,0,0,0,0,0,0,0,0,0,0,0,0,0,0,0,0,0,0,0,0,0,0,0,20.6,24.3,3.5,3.6,0,0.7,0,0,"WAS"
"13742",0,0,0,0,0,0,0,0,0,0,0,0,0,27.8,0,0,0,0,0,0,0,0,0,0,0,0,31,2,"Hill, B.J.","DL",NA,"FantasySharks","B.J.","Hill","DT",0,0,0,0,0,0,0,0,0,0,0,0,0,0,0,0,0,0,0,0,0,0,0,0,0,0,0,0,0,0,0,0,0,0,0,0,0,0,0,0,0,0,0,0,0,0,0,0,0,0,15.4,18.9,1.4,0.2,0,0,0,0,"CIN"
"13744",0,0,0,0,0,0,0,0,0,0,0,0,0,31.4,0,0,0,0,0,0,0,0,0,0,0,0,33,2,"Shepherd, Nathan","DL",NA,"FantasySharks","Nathan","Shepherd","DT",0,0,0,0,0,0,0,0,0,0,0,0,0,0,0,0,0,0,0,0,0,0,0,0,0,0,0,0,0,0,0,0,0,0,0,0,0,0,0,0,0,0,0,0,0,0,0,0,0,0,17.7,21.8,1.2,0,0,0.3,0,0,"NOS"
"13759",0,0,0,0,0,0,0,0,0,0,0,0,0,30.1,0,0,0,0,0,0,0,0,0,0,0,0,29,2,"Armstrong, Dorance","DL",NA,"FantasySharks","Dorance","Armstrong","DE",0,0,0,0,0,0,0,0,0,0,0,0,0,0,0,0,0,0,0,0,0,0,0,0,0,0,0,0,0,0,0,0,0,0,0,0,0,0,0,0,0,0,0,0,0,0,0,0,0,0,13.5,13.6,4.3,0.5,0,0.6,0,0,"WAS"
"13770",0,0,0,0,0,0,0,0,0,0,0,0,0,47.8,0,0,0,0,0,0,0,0,0,0,0,0,30,2,"Franklin-Myers, John","DL",NA,"FantasySharks","John","Franklin-Myers","DT",0,0,0,0,0,0,0,0,0,0,0,0,0,0,0,0,0,0,0,0,0,0,0,0,0,0,0,0,0,0,0,0,0,0,0,0,0,0,0,0,0,0,0,0,0,0,0,0,0,0,20.5,18.4,8.4,1.4,0,0,0,0,"TEN"
"13798",0,0,0,0,0,0,0,0,0,0,0,0,0,24,0,0,0,0,0,0,0,0,0,0,0,0,31,2,"Fatukasi, Foley","DL",NA,"FantasySharks","Foley","Fatukasi","DT",0,0,0,0,0,0,0,0,0,0,0,0,0,0,0,0,0,0,0,0,0,0,0,0,0,0,0,0,0,0,0,0,0,0,0,0,0,0,0,0,0,0,0,0,0,0,0,0,0,0,12.7,14.8,1.1,0.3,0,1.4,0,0,"HOU"
"13802",0,0,0,0,0,0,0,0,0,0,0,0,0,28.3,0,0,0,0,0,0,0,0,0,0,0,0,31,2,"Martin, Jake","DL",NA,"FantasySharks","Jake","Martin","DE",0,0,0,0,0,0,0,0,0,0,0,0,0,0,0,0,0,0,0,0,0,0,0,0,0,0,0,0,0,0,0,0,0,0,0,0,0,0,0,0,0,0,0,0,0,0,0,0,0,0,13.8,16.2,2.3,1,0,0.7,0,0,"TEN"
"13839",0,0,0,0,0,0,0,0,0,0,0,0,0,50.5,0,0,0,0,0,0,0,0,0,0,0,0,31,2,"Sieler, Zach","DL",NA,"FantasySharks","Zach","Sieler","DT",0,0,0,0,0,0,0,0,0,0,0,0,0,0,0,0,0,0,0,0,0,0,0,0,0,0,0,0,0,0,0,0,0,0,0,0,0,0,0,0,0,0,0,0,0,0,0,0,0,0,27.3,18.5,6.4,1.2,0,0,0,0,"MIA"
"13888",0,0,0,0,0,0,0,0,0,0,0,0,0,28.4,0,0,0,0,0,0,0,0,0,0,0,0,32,2,"Gardeck, Dennis","DL",NA,"FantasySharks","Dennis","Gardeck","DE",0,0,0,0,0,0,0,0,0,0,0,0,0,0,0,0,0,0,0,0,0,0,0,0,0,0,0,0,0,0,0,0,0,0,0,0,0,0,0,0,0,0,0,0,0,0,0,0,0,0,16.4,13,1.6,1.6,0,0.6,0,0,"JAC"
"13933",0,0,0,0,0,0,0,0,0,0,0,0,0,37.4,0,0,0,0,0,0,0,0,0,0,0,0,31,2,"Ford, Poona","DL",NA,"FantasySharks","Poona","Ford","DT",0,0,0,0,0,0,0,0,0,0,0,0,0,0,0,0,0,0,0,0,0,0,0,0,0,0,0,0,0,0,0,0,0,0,0,0,0,0,0,0,0,0,0,0,0,0,0,0,0,0,20.1,22.9,2,1.7,0,0,0,0,"LAR"
"14147",0,0,0,0,0,0,0,0,0,0,0,0,0,65.2,0,0,0,0,0,0,0,0,0,0,0,0,29,1,"Bosa, Nick","DL",NA,"FantasySharks","Nick","Bosa","DE",0,0,0,0,0,0,0,0,0,0,0,0,0,0,0,0,0,0,0,0,0,0,0,0,0,0,0,0,0,0,0,0,0,0,0,0,0,0,0,0,0,0,0,0,0,0,0,0,0,0,32.8,19.5,9.1,0.9,0.6,1.5,0.9,0,"SFO"
"14148",0,0,0,0,0,0,0,0,0,0,0,0,0,48.2,0,0,0,0,0,0,0,0,0,0,0,0,30,1,"Sweat, Montez","DL",NA,"FantasySharks","Montez","Sweat","DE",0,0,0,0,0,0,0,0,0,0,0,0,0,0,0,0,0,0,0,0,0,0,0,0,0,0,0,0,0,0,0,0,0,0,0,0,0,0,0,0,0,0,0,0,0,0,0,0,0,0,22.4,14.4,6.4,3.4,0,2.1,0.2,0,"CHI"
"14149",0,0,0,0,0,0,0,0,0,0,0,0,0,43.6,0,0,0,0,0,0,0,0,0,0,0,0,29,1,"Gary, Rashan","DL",NA,"FantasySharks","Rashan","Gary","DE",0,0,0,0,0,0,0,0,0,0,0,0,0,0,0,0,0,0,0,0,0,0,0,0,0,0,0,0,0,0,0,0,0,0,0,0,0,0,0,0,0,0,0,0,0,0,0,0,0,0,23.6,21.7,3.7,0.6,0,0.6,0.6,0,"DAL"
"14153",0,0,0,0,0,0,0,0,0,0,0,0,0,56.6,0,0,0,0,0,0,0,0,0,0,0,0,29,1,"Allen, Zach","DL",NA,"FantasySharks","Zach","Allen","DT",0,0,0,0,0,0,0,0,0,0,0,0,0,0,0,0,0,0,0,0,0,0,0,0,0,0,0,0,0,0,0,0,0,0,0,0,0,0,0,0,0,0,0,0,0,0,0,0,0,0,21.3,22.3,10.2,3.7,0,0,0,0,"DEN"
"14154",0,0,0,0,0,0,0,0,0,0,0,0,0,32.5,0,0,0,0,0,0,0,0,0,0,0,0,29,1,"Nelson, Anthony","DL",NA,"FantasySharks","Anthony","Nelson","DE",0,0,0,0,0,0,0,0,0,0,0,0,0,0,0,0,0,0,0,0,0,0,0,0,0,0,0,0,0,0,0,0,0,0,0,0,0,0,0,0,0,0,0,0,0,0,0,0,0,0,18.2,15.9,2.2,0.9,0.2,0.9,0,0.2,"TBB"
"14157",0,0,0,0,0,0,0,0,0,0,0,0,0,34.8,0,0,0,0,0,0,0,0,0,0,0,0,29,1,"Williams, Quinnen","DL",NA,"FantasySharks","Quinnen","Williams","DT",0,0,0,0,0,0,0,0,0,0,0,0,0,0,0,0,0,0,0,0,0,0,0,0,0,0,0,0,0,0,0,0,0,0,0,0,0,0,0,0,0,0,0,0,0,0,0,0,0,0,18,20.1,1.9,0.6,0.6,1,0,0,"DAL"
"14158",0,0,0,0,0,0,0,0,0,0,0,0,0,42.5,0,0,0,0,0,0,0,0,0,0,0,0,29,1,"Oliver, Ed","DL",NA,"FantasySharks","Ed","Oliver","DT",0,0,0,0,0,0,0,0,0,0,0,0,0,0,0,0,0,0,0,0,0,0,0,0,0,0,0,0,0,0,0,0,0,0,0,0,0,0,0,0,0,0,0,0,0,0,0,0,0,0,19.4,16.2,5.4,1.8,0,1.8,0.7,0,"BUF"
"14159",0,0,0,0,0,0,0,0,0,0,0,0,0,32.7,0,0,0,0,0,0,0,0,0,0,0,0,29,1,"Lawrence, Dexter","DL",NA,"FantasySharks","Dexter","Lawrence","DT",0,0,0,0,0,0,0,0,0,0,0,0,0,0,0,0,0,0,0,0,0,0,0,0,0,0,0,0,0,0,0,0,0,0,0,0,0,0,0,0,0,0,0,0,0,0,0,0,0,0,16.9,17,2.6,2.1,0,0,0,0,"CIN"
"14161",0,0,0,0,0,0,0,0,0,0,0,0,0,19.6,0,0,0,0,0,0,0,0,0,0,0,0,30,1,"Tillery, Jerry","DL",NA,"FantasySharks","Jerry","Tillery","DT",0,0,0,0,0,0,0,0,0,0,0,0,0,0,0,0,0,0,0,0,0,0,0,0,0,0,0,0,0,0,0,0,0,0,0,0,0,0,0,0,0,0,0,0,0,0,0,0,0,0,9.4,13.5,0.5,1.4,0,0.5,0.5,0,"IND"
"14163",0,0,0,0,0,0,0,0,0,0,0,0,0,69.1,0,0,0,0,0,0,0,0,0,0,0,0,29,1,"Simmons, Jeffery","DL",NA,"FantasySharks","Jeffery","Simmons","DT",0,0,0,0,0,0,0,0,0,0,0,0,0,0,0,0,0,0,0,0,0,0,0,0,0,0,0,0,0,0,0,0,0,0,0,0,0,0,0,0,0,0,0,0,0,0,0,0,0,0,31.4,27.4,9.6,2.4,0,2.4,0,0,"TEN"
"14164",0,0,0,0,0,0,0,0,0,0,0,0,0,52.3,0,0,0,0,0,0,0,0,0,0,0,0,29,1,"Jones, Dre'Mont","DL",NA,"FantasySharks","Dre'Mont","Jones","DE",0,0,0,0,0,0,0,0,0,0,0,0,0,0,0,0,0,0,0,0,0,0,0,0,0,0,0,0,0,0,0,0,0,0,0,0,0,0,0,0,0,0,0,0,0,0,0,0,0,0,23.6,17,8.4,1.2,0,1.1,1.1,0,"NEP"
"14167",0,0,0,0,0,0,0,0,0,0,0,0,0,63.2,0,0,0,0,0,0,0,0,0,0,0,0,29,1,"Hines-Allen, Josh","DL",NA,"FantasySharks","Josh","Hines-Allen","DE",0,0,0,0,0,0,0,0,0,0,0,0,0,0,0,0,0,0,0,0,0,0,0,0,0,0,0,0,0,0,0,0,0,0,0,0,0,0,0,0,0,0,0,0,0,0,0,0,0,0,31.1,21,9.5,1.7,0,0.5,0.5,0,"JAC"
"14171",0,0,0,0,0,0,0,0,0,0,0,0,0,65.6,0,0,0,0,0,0,0,0,0,0,0,0,28,1,"Burns, Brian","DL",NA,"FantasySharks","Brian","Burns","DE",0,0,0,0,0,0,0,0,0,0,0,0,0,0,0,0,0,0,0,0,0,0,0,0,0,0,0,0,0,0,0,0,0,0,0,0,0,0,0,0,0,0,0,0,0,0,0,0,0,0,26.6,22.2,10.8,3.6,0,1.9,0.8,0,"NYG"
"14215",0,0,0,0,0,0,0,0,0,0,0,0,0,14.1,0,0,0,0,0,0,0,0,0,0,0,0,30,1,"Saunders, Khalen","DL",NA,"FantasySharks","Khalen","Saunders","DT",0,0,0,0,0,0,0,0,0,0,0,0,0,0,0,0,0,0,0,0,0,0,0,0,0,0,0,0,0,0,0,0,0,0,0,0,0,0,0,0,0,0,0,0,0,0,0,0,0,0,7.6,9.7,0.6,0.4,0,0,0,0,"TEN"
"14225",0,0,0,0,0,0,0,0,0,0,0,0,0,86.8,0,0,0,0,0,0,0,0,0,0,0,0,29,1,"Crosby, Maxx","DL",NA,"FantasySharks","Maxx","Crosby","DE",0,0,0,0,0,0,0,0,0,0,0,0,0,0,0,0,0,0,0,0,0,0,0,0,0,0,0,0,0,0,0,0,0,0,0,0,0,0,0,0,0,0,0,0,0,0,0,0,0,0,45.3,20.3,11.4,4.9,0.7,2.2,0,0,"LVR"
"14249",0,0,0,0,0,0,0,0,0,0,0,0,0,84.1,0,0,0,0,0,0,0,0,0,0,0,0,31,1,"Van Ginkel, Andrew","DL",NA,"FantasySharks","Andrew","Van Ginkel","DE",0,0,0,0,0,0,0,0,0,0,0,0,0,0,0,0,0,0,0,0,0,0,0,0,0,0,0,0,0,0,0,0,0,0,0,0,0,0,0,0,0,0,0,0,0,0,0,0,0,0,35.7,33.7,9.4,10.2,0.9,0.4,0.4,0,"MIN"
"14405",0,0,0,0,0,0,0,0,0,0,0,0,0,52.9,0,0,0,0,0,0,0,0,0,0,0,0,30,1,"Granderson, Carl","DL",NA,"FantasySharks","Carl","Granderson","DE",0,0,0,0,0,0,0,0,0,0,0,0,0,0,0,0,0,0,0,0,0,0,0,0,0,0,0,0,0,0,0,0,0,0,0,0,0,0,0,0,0,0,0,0,0,0,0,0,0,0,29.4,19.7,4.5,3.4,0.7,0,0,0,"NOS"
"14670",0,0,0,0,0,0,0,0,0,0,0,0,0,26.5,0,0,0,0,0,0,0,0,0,0,0,0,32,2,"Ekuale, Daniel","DL",NA,"FantasySharks","Daniel","Ekuale","DT",0,0,0,0,0,0,0,0,0,0,0,0,0,0,0,0,0,0,0,0,0,0,0,0,0,0,0,0,0,0,0,0,0,0,0,0,0,0,0,0,0,0,0,0,0,0,0,0,0,0,14.6,12.9,0.9,1.8,0.3,0.8,0.4,0,"PIT"
"14877",0,0,0,0,0,0,0,0,0,0,0,0,0,88.2,0,0,0,0,0,0,0,0,0,0,0,0,27,0,"Young, Chase","DL",NA,"FantasySharks","Chase","Young","DE",0,0,0,0,0,0,0,0,0,0,0,0,0,0,0,0,0,0,0,0,0,0,0,0,0,0,0,0,0,0,0,0,0,0,0,0,0,0,0,0,0,0,0,0,0,0,0,0,0,0,37.4,22.2,14,5.2,0,3.2,3.2,1.3,"NOS"
"14879",0,0,0,0,0,0,0,0,0,0,0,0,0,26.1,0,0,0,0,0,0,0,0,0,0,0,0,28,0,"Epenesa, A.J.","DL",NA,"FantasySharks","A.J.","Epenesa","DE",0,0,0,0,0,0,0,0,0,0,0,0,0,0,0,0,0,0,0,0,0,0,0,0,0,0,0,0,0,0,0,0,0,0,0,0,0,0,0,0,0,0,0,0,0,0,0,0,0,0,11.8,16.4,1.3,2.2,0.7,0,0,0,"PHI"
"14882",0,0,0,0,0,0,0,0,0,0,0,0,0,48.4,0,0,0,0,0,0,0,0,0,0,0,0,29,0,"Greenard, Jonathan","DL",NA,"FantasySharks","Jonathan","Greenard","DE",0,0,0,0,0,0,0,0,0,0,0,0,0,0,0,0,0,0,0,0,0,0,0,0,0,0,0,0,0,0,0,0,0,0,0,0,0,0,0,0,0,0,0,0,0,0,0,0,0,0,23.2,14.5,5.9,4.1,0.7,0.4,0.4,0.3,"PHI"
"14888",0,0,0,0,0,0,0,0,0,0,0,0,0,62.4,0,0,0,0,0,0,0,0,0,0,0,0,27,0,"Chaisson, K'Lavon","DL",NA,"FantasySharks","K'Lavon","Chaisson","DE",0,0,0,0,0,0,0,0,0,0,0,0,0,0,0,0,0,0,0,0,0,0,0,0,0,0,0,0,0,0,0,0,0,0,0,0,0,0,0,0,0,0,0,0,0,0,0,0,0,0,26.4,22.9,9.1,3.5,0,2.3,0.5,0.5,"WAS"
"14894",0,0,0,0,0,0,0,0,0,0,0,0,0,14.9,0,0,0,0,0,0,0,0,0,0,0,0,29,0,"Jennings, Anfernee","DL",NA,"FantasySharks","Anfernee","Jennings","DE",0,0,0,0,0,0,0,0,0,0,0,0,0,0,0,0,0,0,0,0,0,0,0,0,0,0,0,0,0,0,0,0,0,0,0,0,0,0,0,0,0,0,0,0,0,0,0,0,0,0,10.2,7.7,0.4,0,0,0,0,0,"NOS"
"14897",0,0,0,0,0,0,0,0,0,0,0,0,0,66.3,0,0,0,0,0,0,0,0,0,0,0,0,28,0,"Brown, Derrick","DL",NA,"FantasySharks","Derrick","Brown","DT",0,0,0,0,0,0,0,0,0,0,0,0,0,0,0,0,0,0,0,0,0,0,0,0,0,0,0,0,0,0,0,0,0,0,0,0,0,0,0,0,0,0,0,0,0,0,0,0,0,0,34.9,40.2,3.3,3.7,0,0.9,0,0,"CAR"
"14899",0,0,0,0,0,0,0,0,0,0,0,0,0,41.4,0,0,0,0,0,0,0,0,0,0,0,0,29,0,"Kinlaw, Javon","DL",NA,"FantasySharks","Javon","Kinlaw","DT",0,0,0,0,0,0,0,0,0,0,0,0,0,0,0,0,0,0,0,0,0,0,0,0,0,0,0,0,0,0,0,0,0,0,0,0,0,0,0,0,0,0,0,0,0,0,0,0,0,0,24.5,26.4,1.1,0.3,0,1.1,0,0,"WAS"
"14900",0,0,0,0,0,0,0,0,0,0,0,0,0,30.3,0,0,0,0,0,0,0,0,0,0,0,0,29,0,"Madubuike, Nnamdi","DL",NA,"FantasySharks","Nnamdi","Madubuike","DT",0,0,0,0,0,0,0,0,0,0,0,0,0,0,0,0,0,0,0,0,0,0,0,0,0,0,0,0,0,0,0,0,0,0,0,0,0,0,0,0,0,0,0,0,0,0,0,0,0,0,12.1,17.3,4,1,0.3,0,0,0,"BAL"
"14901",0,0,0,0,0,0,0,0,0,0,0,0,0,22.7,0,0,0,0,0,0,0,0,0,0,0,0,29,0,"Gallimore, Neville","DL",NA,"FantasySharks","Neville","Gallimore","DT",0,0,0,0,0,0,0,0,0,0,0,0,0,0,0,0,0,0,0,0,0,0,0,0,0,0,0,0,0,0,0,0,0,0,0,0,0,0,0,0,0,0,0,0,0,0,0,0,0,0,9.7,16,1.5,1.9,0,0,0,0,"CHI"
"14925",0,0,0,0,0,0,0,0,0,0,0,0,0,54.7,0,0,0,0,0,0,0,0,0,0,0,0,28,0,"Uche, Josh","DL",NA,"FantasySharks","Josh","Uche","DE",0,0,0,0,0,0,0,0,0,0,0,0,0,0,0,0,0,0,0,0,0,0,0,0,0,0,0,0,0,0,0,0,0,0,0,0,0,0,0,0,0,0,0,0,0,0,0,0,0,0,26.7,24.2,6.5,0.7,0,1.2,0.9,0,"MIA"
"14929",0,0,0,0,0,0,0,0,0,0,0,0,0,12.8,0,0,0,0,0,0,0,0,0,0,0,0,NA,NA,"Okwara, Julian","DL",NA,"FantasySharks",NA,NA,NA,0,0,0,0,0,0,0,0,0,0,0,0,0,0,0,0,0,0,0,0,0,0,0,0,0,0,0,0,0,0,0,0,0,0,0,0,0,0,0,0,0,0,0,0,0,0,0,0,0,0,7.2,7.1,0.7,0.6,0,0,0,0,"CLE"
"14930",0,0,0,0,0,0,0,0,0,0,0,0,0,38.6,0,0,0,0,0,0,0,0,0,0,0,0,29,0,"Hamilton, Davon","DL",NA,"FantasySharks","Davon","Hamilton","DT",0,0,0,0,0,0,0,0,0,0,0,0,0,0,0,0,0,0,0,0,0,0,0,0,0,0,0,0,0,0,0,0,0,0,0,0,0,0,0,0,0,0,0,0,0,0,0,0,0,0,23.7,20.5,1.9,0.2,0,0.5,0,0,"JAC"
"14934",0,0,0,0,0,0,0,0,0,0,0,0,0,23.2,0,0,0,0,0,0,0,0,0,0,0,0,29,0,"Elliott, Jordan","DL",NA,"FantasySharks","Jordan","Elliott","DT",0,0,0,0,0,0,0,0,0,0,0,0,0,0,0,0,0,0,0,0,0,0,0,0,0,0,0,0,0,0,0,0,0,0,0,0,0,0,0,0,0,0,0,0,0,0,0,0,0,0,10.9,20.7,0.4,1.1,0,0,0,0,"TEN"
"14940",0,0,0,0,0,0,0,0,0,0,0,0,0,66.2,0,0,0,0,0,0,0,0,0,0,0,0,29,0,"Highsmith, Alex","DL",NA,"FantasySharks","Alex","Highsmith","DE",0,0,0,0,0,0,0,0,0,0,0,0,0,0,0,0,0,0,0,0,0,0,0,0,0,0,0,0,0,0,0,0,0,0,0,0,0,0,0,0,0,0,0,0,0,0,0,0,0,0,35.4,17.2,8.4,4.7,0,0.8,0,0,"PIT"
"14947",0,0,0,0,0,0,0,0,0,0,0,0,0,46.3,0,0,0,0,0,0,0,0,0,0,0,0,29,0,"Wonnum, D.J.","DL",NA,"FantasySharks","D.J.","Wonnum","DE",0,0,0,0,0,0,0,0,0,0,0,0,0,0,0,0,0,0,0,0,0,0,0,0,0,0,0,0,0,0,0,0,0,0,0,0,0,0,0,0,0,0,0,0,0,0,0,0,0,0,21,18.1,5.2,3,0.5,0.9,0.9,0,"DET"
"14951",0,0,0,0,0,0,0,0,0,0,0,0,0,19.4,0,0,0,0,0,0,0,0,0,0,0,0,27,0,"Lynch, James","DL",NA,"FantasySharks","James","Lynch","DT",0,0,0,0,0,0,0,0,0,0,0,0,0,0,0,0,0,0,0,0,0,0,0,0,0,0,0,0,0,0,0,0,0,0,0,0,0,0,0,0,0,0,0,0,0,0,0,0,0,0,11.7,13,0.4,0.5,0,0,0,0,"CHI"
"14962",0,0,0,0,0,0,0,0,0,0,0,0,0,17.3,0,0,0,0,0,0,0,0,0,0,0,0,29,0,"Gipson, Trevis","DL",NA,"FantasySharks","Trevis","Gipson","DE",0,0,0,0,0,0,0,0,0,0,0,0,0,0,0,0,0,0,0,0,0,0,0,0,0,0,0,0,0,0,0,0,0,0,0,0,0,0,0,0,0,0,0,0,0,0,0,0,0,0,9.2,10.4,1.4,0,0,0,0,0,"CAR"
"14971",0,0,0,0,0,0,0,0,0,0,0,0,0,19.2,0,0,0,0,0,0,0,0,0,0,0,0,30,0,"Washington, Broderick","DL",NA,"FantasySharks","Broderick","Washington","DT",0,0,0,0,0,0,0,0,0,0,0,0,0,0,0,0,0,0,0,0,0,0,0,0,0,0,0,0,0,0,0,0,0,0,0,0,0,0,0,0,0,0,0,0,0,0,0,0,0,0,10.3,12.3,0.7,1.3,0,0.1,0,0,"BAL"
"15081",0,0,0,0,0,0,0,0,0,0,0,0,0,35.4,0,0,0,0,0,0,0,0,0,0,0,0,28,0,"Wharton, Tershawn","DL",NA,"FantasySharks","Tershawn","Wharton","DT",0,0,0,0,0,0,0,0,0,0,0,0,0,0,0,0,0,0,0,0,0,0,0,0,0,0,0,0,0,0,0,0,0,0,0,0,0,0,0,0,0,0,0,0,0,0,0,0,0,0,17.9,18.1,3.2,1.3,0,0.5,0.1,0,"CAR"
"15089",0,0,0,0,0,0,0,0,0,0,0,0,0,43.7,0,0,0,0,0,0,0,0,0,0,0,0,28,0,"Roach, Malcolm","DL",NA,"FantasySharks","Malcolm","Roach","DT",0,0,0,0,0,0,0,0,0,0,0,0,0,0,0,0,0,0,0,0,0,0,0,0,0,0,0,0,0,0,0,0,0,0,0,0,0,0,0,0,0,0,0,0,0,0,0,0,0,0,19.8,24,5.2,0.3,0,1,0.1,0,"DEN"
"15165",0,0,0,0,0,0,0,0,0,0,0,0,0,21,0,0,0,0,0,0,0,0,0,0,0,0,29,0,"Jones, Benito","DL",NA,"FantasySharks","Benito","Jones","DT",0,0,0,0,0,0,0,0,0,0,0,0,0,0,0,0,0,0,0,0,0,0,0,0,0,0,0,0,0,0,0,0,0,0,0,0,0,0,0,0,0,0,0,0,0,0,0,0,0,0,11.2,13.2,0,3.2,0,0,0,0,"LVR"
"15173",0,0,0,0,0,0,0,0,0,0,0,0,0,49,0,0,0,0,0,0,0,0,0,0,0,0,29,0,"Tart, Teair","DL",NA,"FantasySharks","Teair","Tart","DT",0,0,0,0,0,0,0,0,0,0,0,0,0,0,0,0,0,0,0,0,0,0,0,0,0,0,0,0,0,0,0,0,0,0,0,0,0,0,0,0,0,0,0,0,0,0,0,0,0,0,28.6,14.6,2.9,5.9,0,0.7,0.7,0,"LAC"
"15345",0,0,0,0,0,0,0,0,0,0,0,0,0,43,0,0,0,0,0,0,0,0,0,0,0,0,28,-1,"Paye, Kwity","DL",NA,"FantasySharks","Kwity","Paye","DE",0,0,0,0,0,0,0,0,0,0,0,0,0,0,0,0,0,0,0,0,0,0,0,0,0,0,0,0,0,0,0,0,0,0,0,0,0,0,0,0,0,0,0,0,0,0,0,0,0,0,20.8,22,4.8,1,0.4,0,0,0,"LVR"
"15346",0,0,0,0,0,0,0,0,0,0,0,0,0,51.3,0,0,0,0,0,0,0,0,0,0,0,0,26,-1,"Rousseau, Gregory","DL",NA,"FantasySharks","Gregory","Rousseau","DE",0,0,0,0,0,0,0,0,0,0,0,0,0,0,0,0,0,0,0,0,0,0,0,0,0,0,0,0,0,0,0,0,0,0,0,0,0,0,0,0,0,0,0,0,0,0,0,0,0,0,23.6,20.7,6.6,3.3,0,0.8,0,0,"BUF"
"15349",0,0,0,0,0,0,0,0,0,0,0,0,0,62,0,0,0,0,0,0,0,0,0,0,0,0,27,-1,"Phillips, Jaelan","DL",NA,"FantasySharks","Jaelan","Phillips","DE",0,0,0,0,0,0,0,0,0,0,0,0,0,0,0,0,0,0,0,0,0,0,0,0,0,0,0,0,0,0,0,0,0,0,0,0,0,0,0,0,0,0,0,0,0,0,0,0,0,0,26.5,34.5,5.6,4.1,0.3,1.2,1.2,0,"CAR"
"15350",0,0,0,0,0,0,0,0,0,0,0,0,0,36.9,0,0,0,0,0,0,0,0,0,0,0,0,27,-1,"Parsons, Micah","DL",NA,"FantasySharks","Micah","Parsons","DE",0,0,0,0,0,0,0,0,0,0,0,0,0,0,0,0,0,0,0,0,0,0,0,0,0,0,0,0,0,0,0,0,0,0,0,0,0,0,0,0,0,0,0,0,0,0,0,0,0,0,15.1,11.5,6.9,0.6,0,1.4,0.2,0,"GBP"
"15352",0,0,0,0,0,0,0,0,0,0,0,0,0,34.3,0,0,0,0,0,0,0,0,0,0,0,0,27,-1,"Collins, Zaven","DL",NA,"FantasySharks","Zaven","Collins","DE",0,0,0,0,0,0,0,0,0,0,0,0,0,0,0,0,0,0,0,0,0,0,0,0,0,0,0,0,0,0,0,0,0,0,0,0,0,0,0,0,0,0,0,0,0,0,0,0,0,0,22.3,10.7,2.3,0.4,0,0.9,0.9,0.5,"ARI"
"15356",0,0,0,0,0,0,0,0,0,0,0,0,0,23.6,0,0,0,0,0,0,0,0,0,0,0,0,27,-1,"Browning, Baron","DL",NA,"FantasySharks","Baron","Browning","DE",0,0,0,0,0,0,0,0,0,0,0,0,0,0,0,0,0,0,0,0,0,0,0,0,0,0,0,0,0,0,0,0,0,0,0,0,0,0,0,0,0,0,0,0,0,0,0,0,0,0,11.5,17.3,1.3,0.6,0.1,0,0,0,"ARI"
"15357",0,0,0,0,0,0,0,0,0,0,0,0,0,39.1,0,0,0,0,0,0,0,0,0,0,0,0,27,-1,"Barmore, Christian","DL",NA,"FantasySharks","Christian","Barmore","DT",0,0,0,0,0,0,0,0,0,0,0,0,0,0,0,0,0,0,0,0,0,0,0,0,0,0,0,0,0,0,0,0,0,0,0,0,0,0,0,0,0,0,0,0,0,0,0,0,0,0,21.6,19.9,3.6,0.3,0,0,0,0,"NEP"
"15358",0,0,0,0,0,0,0,0,0,0,0,0,0,57.2,0,0,0,0,0,0,0,0,0,0,0,0,27,-1,"Togiai, Tommy","DL",NA,"FantasySharks","Tommy","Togiai","DT",0,0,0,0,0,0,0,0,0,0,0,0,0,0,0,0,0,0,0,0,0,0,0,0,0,0,0,0,0,0,0,0,0,0,0,0,0,0,0,0,0,0,0,0,0,0,0,0,0,0,32,34.4,0.9,3.4,0,1.5,1.4,1.4,"HOU"
"15378",0,0,0,0,0,0,0,0,0,0,0,0,0,51.2,0,0,0,0,0,0,0,0,0,0,0,0,28,-1,"Oweh, Odafe","DL",NA,"FantasySharks","Odafe","Oweh","DE",0,0,0,0,0,0,0,0,0,0,0,0,0,0,0,0,0,0,0,0,0,0,0,0,0,0,0,0,0,0,0,0,0,0,0,0,0,0,0,0,0,0,0,0,0,0,0,0,0,0,25.4,22.9,6.8,0,0,0.6,0,0,"WAS"
"15382",0,0,0,0,0,0,0,0,0,0,0,0,0,24.1,0,0,0,0,0,0,0,0,0,0,0,0,28,-1,"Onwuzurike, Levi","DL",NA,"FantasySharks","Levi","Onwuzurike","DT",0,0,0,0,0,0,0,0,0,0,0,0,0,0,0,0,0,0,0,0,0,0,0,0,0,0,0,0,0,0,0,0,0,0,0,0,0,0,0,0,0,0,0,0,0,0,0,0,0,0,17.8,10.2,0.3,0.6,0,0,0,0,"DET"
"15385",0,0,0,0,0,0,0,0,0,0,0,0,0,12.7,0,0,0,0,0,0,0,0,0,0,0,0,26,-1,"Ojulari, Azeez","DL",NA,"FantasySharks","Azeez","Ojulari","DE",0,0,0,0,0,0,0,0,0,0,0,0,0,0,0,0,0,0,0,0,0,0,0,0,0,0,0,0,0,0,0,0,0,0,0,0,0,0,0,0,0,0,0,0,0,0,0,0,0,0,6.8,7.4,1.1,0,0,0,0,0,"ATL"
"15386",0,0,0,0,0,0,0,0,0,0,0,0,0,37.7,0,0,0,0,0,0,0,0,0,0,0,0,27,-1,"Odeyingbo, Dayo","DL",NA,"FantasySharks","Dayo","Odeyingbo","DE",0,0,0,0,0,0,0,0,0,0,0,0,0,0,0,0,0,0,0,0,0,0,0,0,0,0,0,0,0,0,0,0,0,0,0,0,0,0,0,0,0,0,0,0,0,0,0,0,0,0,19,21.6,2.4,1.9,0,1.1,0,0,"CHI"
"15388",0,0,0,0,0,0,0,0,0,0,0,0,0,21,0,0,0,0,0,0,0,0,0,0,0,0,26,-1,"Ossai, Joseph","DL",NA,"FantasySharks","Joseph","Ossai","DE",0,0,0,0,0,0,0,0,0,0,0,0,0,0,0,0,0,0,0,0,0,0,0,0,0,0,0,0,0,0,0,0,0,0,0,0,0,0,0,0,0,0,0,0,0,0,0,0,0,0,10.8,12.8,1.3,0.6,0,0.6,0,0,"NYJ"
"15390",0,0,0,0,0,0,0,0,0,0,0,0,0,22.4,0,0,0,0,0,0,0,0,0,0,0,0,26,-1,"McNeill, Alim","DL",NA,"FantasySharks","Alim","McNeill","DT",0,0,0,0,0,0,0,0,0,0,0,0,0,0,0,0,0,0,0,0,0,0,0,0,0,0,0,0,0,0,0,0,0,0,0,0,0,0,0,0,0,0,0,0,0,0,0,0,0,0,10.9,13.4,1.6,0.5,0,1.1,0,0,"DET"
"15391",0,0,0,0,0,0,0,0,0,0,0,0,0,33.5,0,0,0,0,0,0,0,0,0,0,0,0,27,-1,"Williams, Milton","DL",NA,"FantasySharks","Milton","Williams","DT",0,0,0,0,0,0,0,0,0,0,0,0,0,0,0,0,0,0,0,0,0,0,0,0,0,0,0,0,0,0,0,0,0,0,0,0,0,0,0,0,0,0,0,0,0,0,0,0,0,0,17.8,14.7,3.3,1.8,0,0,0,0,"NEP"
"15393",0,0,0,0,0,0,0,0,0,0,0,0,0,28.9,0,0,0,0,0,0,0,0,0,0,0,0,28,-1,"Odighizuwa, Osa","DL",NA,"FantasySharks","Osa","Odighizuwa","DT",0,0,0,0,0,0,0,0,0,0,0,0,0,0,0,0,0,0,0,0,0,0,0,0,0,0,0,0,0,0,0,0,0,0,0,0,0,0,0,0,0,0,0,0,0,0,0,0,0,0,11.7,25.9,1.4,1.1,0,0.3,0,0,"SFO"
"15395",0,0,0,0,0,0,0,0,0,0,0,0,0,30,0,0,0,0,0,0,0,0,0,0,0,0,28,-1,"Koonce, Malcolm","DL",NA,"FantasySharks","Malcolm","Koonce","DE",0,0,0,0,0,0,0,0,0,0,0,0,0,0,0,0,0,0,0,0,0,0,0,0,0,0,0,0,0,0,0,0,0,0,0,0,0,0,0,0,0,0,0,0,0,0,0,0,0,0,13.1,16.5,3.3,0.3,0.3,0.7,0.5,0,"LVR"
"15397",0,0,0,0,0,0,0,0,0,0,0,0,0,19.8,0,0,0,0,0,0,0,0,0,0,0,0,28,-1,"Golston, Chauncey","DL",NA,"FantasySharks","Chauncey","Golston","DE",0,0,0,0,0,0,0,0,0,0,0,0,0,0,0,0,0,0,0,0,0,0,0,0,0,0,0,0,0,0,0,0,0,0,0,0,0,0,0,0,0,0,0,0,0,0,0,0,0,0,11.7,7.7,1.2,1.9,0,0,0,0,"NYG"
"15398",0,0,0,0,0,0,0,0,0,0,0,0,0,47.8,0,0,0,0,0,0,0,0,0,0,0,0,28,-1,"Jones, Patrick","DL",NA,"FantasySharks","Patrick","Jones","DE",0,0,0,0,0,0,0,0,0,0,0,0,0,0,0,0,0,0,0,0,0,0,0,0,0,0,0,0,0,0,0,0,0,0,0,0,0,0,0,0,0,0,0,0,0,0,0,0,0,0,26.8,24.8,3.3,1.8,0,0.1,0.1,0,"CAR"
"15412",0,0,0,0,0,0,0,0,0,0,0,0,0,30.4,0,0,0,0,0,0,0,0,0,0,0,0,26,-1,"Brown, Bobby","DL",NA,"FantasySharks","Bobby","Brown","DT",0,0,0,0,0,0,0,0,0,0,0,0,0,0,0,0,0,0,0,0,0,0,0,0,0,0,0,0,0,0,0,0,0,0,0,0,0,0,0,0,0,0,0,0,0,0,0,0,0,0,15.8,24,0.2,2.3,0,0,0,0,"CAR"
"15413",0,0,0,0,0,0,0,0,0,0,0,0,0,25.8,0,0,0,0,0,0,0,0,0,0,0,0,28,-1,"Rumph, Chris","DL",NA,"FantasySharks","Chris","Rumph","DE",0,0,0,0,0,0,0,0,0,0,0,0,0,0,0,0,0,0,0,0,0,0,0,0,0,0,0,0,0,0,0,0,0,0,0,0,0,0,0,0,0,0,0,0,0,0,0,0,0,0,15.5,15.4,0.7,1.1,0,0.1,0,0,"NOS"
"15461",0,0,0,0,0,0,0,0,0,0,0,0,0,20,0,0,0,0,0,0,0,0,0,0,0,0,29,-1,"Lopez, Roy","DL",NA,"FantasySharks","Roy","Lopez","DT",0,0,0,0,0,0,0,0,0,0,0,0,0,0,0,0,0,0,0,0,0,0,0,0,0,0,0,0,0,0,0,0,0,0,0,0,0,0,0,0,0,0,0,0,0,0,0,0,0,0,10.6,14.3,1,0.3,0,0,0,0,"ARI"
"15468",0,0,0,0,0,0,0,0,0,0,0,0,0,13.4,0,0,0,0,0,0,0,0,0,0,0,0,27,-1,"Dimukeje, Victor","DL",NA,"FantasySharks","Victor","Dimukeje","DE",0,0,0,0,0,0,0,0,0,0,0,0,0,0,0,0,0,0,0,0,0,0,0,0,0,0,0,0,0,0,0,0,0,0,0,0,0,0,0,0,0,0,0,0,0,0,0,0,0,0,7.6,7.7,0,1.9,0,0,0,0,"NYG"
"15484",0,0,0,0,0,0,0,0,0,0,0,0,0,56.4,0,0,0,0,0,0,0,0,0,0,0,0,28,-1,"Cooper, Jonathon","DL",NA,"FantasySharks","Jonathon","Cooper","DE",0,0,0,0,0,0,0,0,0,0,0,0,0,0,0,0,0,0,0,0,0,0,0,0,0,0,0,0,0,0,0,0,0,0,0,0,0,0,0,0,0,0,0,0,0,0,0,0,0,0,23.1,22.4,9.2,2.3,0,1.5,0,0,"DEN"
"15492",0,0,0,0,0,0,0,0,0,0,0,0,0,20.2,0,0,0,0,0,0,0,0,0,0,0,0,30,-1,"Tonga, Khyiris","DL",NA,"FantasySharks","Khyiris","Tonga","DT",0,0,0,0,0,0,0,0,0,0,0,0,0,0,0,0,0,0,0,0,0,0,0,0,0,0,0,0,0,0,0,0,0,0,0,0,0,0,0,0,0,0,0,0,0,0,0,0,0,0,11.5,15.1,0,1.1,0,0,0,0,"KCC"
"15565",0,0,0,0,0,0,0,0,0,0,0,0,0,14.3,0,0,0,0,0,0,0,0,0,0,0,0,29,0,"Hoecht, Michael","DL",NA,"FantasySharks","Michael","Hoecht","DE",0,0,0,0,0,0,0,0,0,0,0,0,0,0,0,0,0,0,0,0,0,0,0,0,0,0,0,0,0,0,0,0,0,0,0,0,0,0,0,0,0,0,0,0,0,0,0,0,0,0,7.5,10,0.8,0,0,0.2,0.2,0,"BUF"
"15805",0,0,0,0,0,0,0,0,0,0,0,0,0,83.6,0,0,0,0,0,0,0,0,0,0,0,0,26,-2,"Hutchinson, Aidan","DL",NA,"FantasySharks","Aidan","Hutchinson","DE",0,0,0,0,0,0,0,0,0,0,0,0,0,0,0,0,0,0,0,0,0,0,0,0,0,0,0,0,0,0,0,0,0,0,0,0,0,0,0,0,0,0,0,0,0,0,0,0,0,0,37.8,18.9,14.2,2.3,1,2.7,0.9,0,"DET"
"15806",0,0,0,0,0,0,0,0,0,0,0,0,0,28.1,0,0,0,0,0,0,0,0,0,0,0,0,26,-2,"Thibodeaux, Kayvon","DL",NA,"FantasySharks","Kayvon","Thibodeaux","DE",0,0,0,0,0,0,0,0,0,0,0,0,0,0,0,0,0,0,0,0,0,0,0,0,0,0,0,0,0,0,0,0,0,0,0,0,0,0,0,0,0,0,0,0,0,0,0,0,0,0,11.2,16.7,3.1,1.7,0,0.7,0,0,"NYG"
"15807",0,0,0,0,0,0,0,0,0,0,0,0,0,12.4,0,0,0,0,0,0,0,0,0,0,0,0,26,-2,"Ojabo, David","DL",NA,"FantasySharks","David","Ojabo","DE",0,0,0,0,0,0,0,0,0,0,0,0,0,0,0,0,0,0,0,0,0,0,0,0,0,0,0,0,0,0,0,0,0,0,0,0,0,0,0,0,0,0,0,0,0,0,0,0,0,0,5.7,11.4,0.4,0.3,0,0,0,0,"MIA"
"15808",0,0,0,0,0,0,0,0,0,0,0,0,0,51.7,0,0,0,0,0,0,0,0,0,0,0,0,25,-2,"Karlaftis, George","DL",NA,"FantasySharks","George","Karlaftis","DE",0,0,0,0,0,0,0,0,0,0,0,0,0,0,0,0,0,0,0,0,0,0,0,0,0,0,0,0,0,0,0,0,0,0,0,0,0,0,0,0,0,0,0,0,0,0,0,0,0,0,23.2,18.1,9,1.5,0,0,0,0,"KCC"
"15809",0,0,0,0,0,0,0,0,0,0,0,0,0,62.5,0,0,0,0,0,0,0,0,0,0,0,0,27,-2,"Johnson, Jermaine","DL",NA,"FantasySharks","Jermaine","Johnson","DE",0,0,0,0,0,0,0,0,0,0,0,0,0,0,0,0,0,0,0,0,0,0,0,0,0,0,0,0,0,0,0,0,0,0,0,0,0,0,0,0,0,0,0,0,0,0,0,0,0,0,30.7,24.3,7.8,2.7,0,1.2,0,0,"TEN"
"15813",0,0,0,0,0,0,0,0,0,0,0,0,0,20.6,0,0,0,0,0,0,0,0,0,0,0,0,26,-2,"Enagbare, Kingsley","DL",NA,"FantasySharks","Kingsley","Enagbare","DE",0,0,0,0,0,0,0,0,0,0,0,0,0,0,0,0,0,0,0,0,0,0,0,0,0,0,0,0,0,0,0,0,0,0,0,0,0,0,0,0,0,0,0,0,0,0,0,0,0,0,10.4,15.8,0.5,1.3,0,0,0,0,"NYJ"
"15814",0,0,0,0,0,0,0,0,0,0,0,0,0,16.9,0,0,0,0,0,0,0,0,0,0,0,0,26,-2,"Thomas, Cameron","DL",NA,"FantasySharks","Cameron","Thomas","DE",0,0,0,0,0,0,0,0,0,0,0,0,0,0,0,0,0,0,0,0,0,0,0,0,0,0,0,0,0,0,0,0,0,0,0,0,0,0,0,0,0,0,0,0,0,0,0,0,0,0,8,12.1,1.2,0.5,0,0,0,0,"ATL"
"15815",0,0,0,0,0,0,0,0,0,0,0,0,0,49.6,0,0,0,0,0,0,0,0,0,0,0,0,26,-2,"Walker, Travon","DL",NA,"FantasySharks","Travon","Walker","DE",0,0,0,0,0,0,0,0,0,0,0,0,0,0,0,0,0,0,0,0,0,0,0,0,0,0,0,0,0,0,0,0,0,0,0,0,0,0,0,0,0,0,0,0,0,0,0,0,0,0,25.9,23.1,5,1.3,0,0.6,0.4,0.4,"JAC"
"15817",0,0,0,0,0,0,0,0,0,0,0,0,0,48.3,0,0,0,0,0,0,0,0,0,0,0,0,26,-2,"Davis, Jordan","DL",NA,"FantasySharks","Jordan","Davis","DT",0,0,0,0,0,0,0,0,0,0,0,0,0,0,0,0,0,0,0,0,0,0,0,0,0,0,0,0,0,0,0,0,0,0,0,0,0,0,0,0,0,0,0,0,0,0,0,0,0,0,23.3,28.1,3.7,3.7,0,0,0,0.7,"PHI"
"15819",0,0,0,0,0,0,0,0,0,0,0,0,0,35.5,0,0,0,0,0,0,0,0,0,0,0,0,28,-2,"Wyatt, Devonte","DL",NA,"FantasySharks","Devonte","Wyatt","DT",0,0,0,0,0,0,0,0,0,0,0,0,0,0,0,0,0,0,0,0,0,0,0,0,0,0,0,0,0,0,0,0,0,0,0,0,0,0,0,0,0,0,0,0,0,0,0,0,0,0,19.5,17.8,2.8,1.6,0,0,0,0,"GBP"
"15851",0,0,0,0,0,0,0,0,0,0,0,0,0,16.9,0,0,0,0,0,0,0,0,0,0,0,0,27,-2,"Ebiketie, Arnold","DL",NA,"FantasySharks","Arnold","Ebiketie","DE",0,0,0,0,0,0,0,0,0,0,0,0,0,0,0,0,0,0,0,0,0,0,0,0,0,0,0,0,0,0,0,0,0,0,0,0,0,0,0,0,0,0,0,0,0,0,0,0,0,0,7.8,11.4,1.1,1.2,0,0,0,0,"PHI"
"15853",0,0,0,0,0,0,0,0,0,0,0,0,0,46.8,0,0,0,0,0,0,0,0,0,0,0,0,28,-2,"Mafe, Boye","DL",NA,"FantasySharks","Boye","Mafe","DE",0,0,0,0,0,0,0,0,0,0,0,0,0,0,0,0,0,0,0,0,0,0,0,0,0,0,0,0,0,0,0,0,0,0,0,0,0,0,0,0,0,0,0,0,0,0,0,0,0,0,20.8,31.3,2.8,3.7,0,1.2,0,0,"CIN"
"15861",0,0,0,0,0,0,0,0,0,0,0,0,0,65.7,0,0,0,0,0,0,0,0,0,0,0,0,27,-2,"Bonitto, Nik","DL",NA,"FantasySharks","Nik","Bonitto","DE",0,0,0,0,0,0,0,0,0,0,0,0,0,0,0,0,0,0,0,0,0,0,0,0,0,0,0,0,0,0,0,0,0,0,0,0,0,0,0,0,0,0,0,0,0,0,0,0,0,0,26,14.7,12.9,2.5,0.2,3.6,0,0,"DEN"
"15863",0,0,0,0,0,0,0,0,0,0,0,0,0,25.2,0,0,0,0,0,0,0,0,0,0,0,0,27,-2,"Jones, Travis","DL",NA,"FantasySharks","Travis","Jones","DT",0,0,0,0,0,0,0,0,0,0,0,0,0,0,0,0,0,0,0,0,0,0,0,0,0,0,0,0,0,0,0,0,0,0,0,0,0,0,0,0,0,0,0,0,0,0,0,0,0,0,11.2,18.2,1.9,0.2,0,0.5,0.5,0,"BAL"
"15864",0,0,0,0,0,0,0,0,0,0,0,0,0,76.3,0,0,0,0,0,0,0,0,0,0,0,0,26,-2,"Wright, Alex","DL",NA,"FantasySharks","Alex","Wright","DE",0,0,0,0,0,0,0,0,0,0,0,0,0,0,0,0,0,0,0,0,0,0,0,0,0,0,0,0,0,0,0,0,0,0,0,0,0,0,0,0,0,0,0,0,0,0,0,0,0,0,33.5,21.7,13.5,2.7,0,2,0.3,0,"CLE"
"15878",0,0,0,0,0,0,0,0,0,0,0,0,0,21.9,0,0,0,0,0,0,0,0,0,0,0,0,29,-2,"Clemons, Micheal","DL",NA,"FantasySharks","Micheal","Clemons","DE",0,0,0,0,0,0,0,0,0,0,0,0,0,0,0,0,0,0,0,0,0,0,0,0,0,0,0,0,0,0,0,0,0,0,0,0,0,0,0,0,0,0,0,0,0,0,0,0,0,0,10.5,12.1,0.6,3.4,0.4,0,0,0,"IND"
"15892",0,0,0,0,0,0,0,0,0,0,0,0,0,34.2,0,0,0,0,0,0,0,0,0,0,0,0,27,-2,"Booker, Thomas","DL",NA,"FantasySharks","Thomas","Booker","DE",0,0,0,0,0,0,0,0,0,0,0,0,0,0,0,0,0,0,0,0,0,0,0,0,0,0,0,0,0,0,0,0,0,0,0,0,0,0,0,0,0,0,0,0,0,0,0,0,0,0,16.6,24,0.2,4,0,0.5,0.5,0,"LVR"
"15898",0,0,0,0,0,0,0,0,0,0,0,0,0,13.4,0,0,0,0,0,0,0,0,0,0,0,0,26,-2,"Ogbonnia, Otito","DL",NA,"FantasySharks","Otito","Ogbonnia","DT",0,0,0,0,0,0,0,0,0,0,0,0,0,0,0,0,0,0,0,0,0,0,0,0,0,0,0,0,0,0,0,0,0,0,0,0,0,0,0,0,0,0,0,0,0,0,0,0,0,0,7.9,8.5,0.2,0.9,0,0,0,0,"DAL"
"15907",0,0,0,0,0,0,0,0,0,0,0,0,0,20.4,0,0,0,0,0,0,0,0,0,0,0,0,28,-2,"Robinson, Dominique","DL",NA,"FantasySharks","Dominique","Robinson","DE",0,0,0,0,0,0,0,0,0,0,0,0,0,0,0,0,0,0,0,0,0,0,0,0,0,0,0,0,0,0,0,0,0,0,0,0,0,0,0,0,0,0,0,0,0,0,0,0,0,0,11,14.2,0.5,0.4,0,0.9,0,0,"HOU"
"15908",0,0,0,0,0,0,0,0,0,0,0,0,0,17.4,0,0,0,0,0,0,0,0,0,0,0,0,27,-2,"Butler, Matthew","DL",NA,"FantasySharks","Matthew","Butler","DT",0,0,0,0,0,0,0,0,0,0,0,0,0,0,0,0,0,0,0,0,0,0,0,0,0,0,0,0,0,0,0,0,0,0,0,0,0,0,0,0,0,0,0,0,0,0,0,0,0,0,8.6,17.1,0.1,0,0,0,0,0,"MIA"
"15918",0,0,0,0,0,0,0,0,0,0,0,0,0,29.6,0,0,0,0,0,0,0,0,0,0,0,0,28,-2,"Jackson, Jordan","DL",NA,"FantasySharks","Jordan","Jackson","DT",0,0,0,0,0,0,0,0,0,0,0,0,0,0,0,0,0,0,0,0,0,0,0,0,0,0,0,0,0,0,0,0,0,0,0,0,0,0,0,0,0,0,0,0,0,0,0,0,0,0,16.2,15.1,2.5,0,0,0.9,0,0,"DEN"
"15931",0,0,0,0,0,0,0,0,0,0,0,0,0,20.5,0,0,0,0,0,0,0,0,0,0,0,0,28,-2,"Davis, Kalia","DL",NA,"FantasySharks","Kalia","Davis","DT",0,0,0,0,0,0,0,0,0,0,0,0,0,0,0,0,0,0,0,0,0,0,0,0,0,0,0,0,0,0,0,0,0,0,0,0,0,0,0,0,0,0,0,0,0,0,0,0,0,0,9.8,16.1,0.4,1.9,0,0,0,0,"CLE"
"16077",0,0,0,0,0,0,0,0,0,0,0,0,0,39.1,0,0,0,0,0,0,0,0,0,0,0,0,28,-2,"Okuayinonu, Sam","DL",NA,"FantasySharks","Sam","Okuayinonu","DE",0,0,0,0,0,0,0,0,0,0,0,0,0,0,0,0,0,0,0,0,0,0,0,0,0,0,0,0,0,0,0,0,0,0,0,0,0,0,0,0,0,0,0,0,0,0,0,0,0,0,22.8,20.8,2.3,0.4,0,0.4,0.4,0,"SFO"
"16082",0,0,0,0,0,0,0,0,0,0,0,0,0,16.1,0,0,0,0,0,0,0,0,0,0,0,0,27,-2,"Mosby, Arron","DL",NA,"FantasySharks","Arron","Mosby","DE",0,0,0,0,0,0,0,0,0,0,0,0,0,0,0,0,0,0,0,0,0,0,0,0,0,0,0,0,0,0,0,0,0,0,0,0,0,0,0,0,0,0,0,0,0,0,0,0,0,0,6.6,13.2,0.4,1.9,0,0.2,0,0,"GBP"
"16144",0,0,0,0,0,0,0,0,0,0,0,0,0,10.7,0,0,0,0,0,0,0,0,0,0,0,0,28,-2,"Garcia, Elijah","DL",NA,"FantasySharks","Elijah","Garcia","DT",0,0,0,0,0,0,0,0,0,0,0,0,0,0,0,0,0,0,0,0,0,0,0,0,0,0,0,0,0,0,0,0,0,0,0,0,0,0,0,0,0,0,0,0,0,0,0,0,0,0,4.9,9.3,0.4,0.4,0,0,0,0,"CAR"
"16223",0,0,0,0,0,0,0,0,0,0,0,0,0,69.8,0,0,0,0,0,0,0,0,0,0,0,0,25,-3,"Anderson, Will","DL",NA,"FantasySharks","Will","Anderson","DE",0,0,0,0,0,0,0,0,0,0,0,0,0,0,0,0,0,0,0,0,0,0,0,0,0,0,0,0,0,0,0,0,0,0,0,0,0,0,0,0,0,0,0,0,0,0,0,0,0,0,29.7,14.9,12.2,3.2,0,3.7,1.3,0,"HOU"
"16224",0,0,0,0,0,0,0,0,0,0,0,0,0,85.6,0,0,0,0,0,0,0,0,0,0,0,0,24,-3,"Murphy, Myles","DL",NA,"FantasySharks","Myles","Murphy","DE",0,0,0,0,0,0,0,0,0,0,0,0,0,0,0,0,0,0,0,0,0,0,0,0,0,0,0,0,0,0,0,0,0,0,0,0,0,0,0,0,0,0,0,0,0,0,0,0,0,0,41.6,27.6,12.7,0.6,0,2.8,1.5,0,"CIN"
"16227",0,0,0,0,0,0,0,0,0,0,0,0,0,32.6,0,0,0,0,0,0,0,0,0,0,0,0,25,-3,"Harrison, Zach","DL",NA,"FantasySharks","Zach","Harrison","DE",0,0,0,0,0,0,0,0,0,0,0,0,0,0,0,0,0,0,0,0,0,0,0,0,0,0,0,0,0,0,0,0,0,0,0,0,0,0,0,0,0,0,0,0,0,0,0,0,0,0,13.9,14.4,4.5,1.5,0,1.1,0,0,"ATL"
"16228",0,0,0,0,0,0,0,0,0,0,0,0,0,52.3,0,0,0,0,0,0,0,0,0,0,0,0,25,-3,"Smith, Nolan","DL",NA,"FantasySharks","Nolan","Smith","DE",0,0,0,0,0,0,0,0,0,0,0,0,0,0,0,0,0,0,0,0,0,0,0,0,0,0,0,0,0,0,0,0,0,0,0,0,0,0,0,0,0,0,0,0,0,0,0,0,0,0,24.8,23.9,6.9,0,0,1.8,0,0,"PHI"
"16230",0,0,0,0,0,0,0,0,0,0,0,0,0,36.2,0,0,0,0,0,0,0,0,0,0,0,0,25,-3,"Van Ness, Lukas","DL",NA,"FantasySharks","Lukas","Van Ness","DE",0,0,0,0,0,0,0,0,0,0,0,0,0,0,0,0,0,0,0,0,0,0,0,0,0,0,0,0,0,0,0,0,0,0,0,0,0,0,0,0,0,0,0,0,0,0,0,0,0,0,21.8,17.3,2.5,0,0,0.4,0.2,0,"GBP"
"16232",0,0,0,0,0,0,0,0,0,0,0,0,0,23.9,0,0,0,0,0,0,0,0,0,0,0,0,25,-3,"Morris, Mike","DL",NA,"FantasySharks","Mike","Morris","DT",0,0,0,0,0,0,0,0,0,0,0,0,0,0,0,0,0,0,0,0,0,0,0,0,0,0,0,0,0,0,0,0,0,0,0,0,0,0,0,0,0,0,0,0,0,0,0,0,0,0,10.3,19.4,0.7,2.4,0,0,0,0,"SEA"
"16233",0,0,0,0,0,0,0,0,0,0,0,0,0,46.5,0,0,0,0,0,0,0,0,0,0,0,0,25,-3,"Carter, Jalen","DL",NA,"FantasySharks","Jalen","Carter","DT",0,0,0,0,0,0,0,0,0,0,0,0,0,0,0,0,0,0,0,0,0,0,0,0,0,0,0,0,0,0,0,0,0,0,0,0,0,0,0,0,0,0,0,0,0,0,0,0,0,0,22,20,3.6,6.9,0,0.3,0,0,"PHI"
"16235",0,0,0,0,0,0,0,0,0,0,0,0,0,23.5,0,0,0,0,0,0,0,0,0,0,0,0,25,-3,"Hall, Derick","DL",NA,"FantasySharks","Derick","Hall","DE",0,0,0,0,0,0,0,0,0,0,0,0,0,0,0,0,0,0,0,0,0,0,0,0,0,0,0,0,0,0,0,0,0,0,0,0,0,0,0,0,0,0,0,0,0,0,0,0,0,0,10.5,16.1,1.6,1.6,0,0.1,0,0,"SEA"
"16252",0,0,0,0,0,0,0,0,0,0,0,0,0,57.5,0,0,0,0,0,0,0,0,0,0,0,0,27,-3,"McDonald, Will","DL",NA,"FantasySharks","Will","McDonald","DE",0,0,0,0,0,0,0,0,0,0,0,0,0,0,0,0,0,0,0,0,0,0,0,0,0,0,0,0,0,0,0,0,0,0,0,0,0,0,0,0,0,0,0,0,0,0,0,0,0,0,28.1,20.7,8.1,1.6,0,0.7,0.7,0,"NYJ"
"16257",0,0,0,0,0,0,0,0,0,0,0,0,0,38.7,0,0,0,0,0,0,0,0,0,0,0,0,24,-3,"Anudike-Uzomah, Felix","DL",NA,"FantasySharks","Felix","Anudike-Uzomah","DE",0,0,0,0,0,0,0,0,0,0,0,0,0,0,0,0,0,0,0,0,0,0,0,0,0,0,0,0,0,0,0,0,0,0,0,0,0,0,0,0,0,0,0,0,0,0,0,0,0,0,18.6,15.9,5,2.1,0,0,0,0,"KCC"
"16258",0,0,0,0,0,0,0,0,0,0,0,0,0,6.9,0,0,0,0,0,0,0,0,0,0,0,0,25,-3,"Smith, Mazi","DL",NA,"FantasySharks","Mazi","Smith","DT",0,0,0,0,0,0,0,0,0,0,0,0,0,0,0,0,0,0,0,0,0,0,0,0,0,0,0,0,0,0,0,0,0,0,0,0,0,0,0,0,0,0,0,0,0,0,0,0,0,0,3.3,7.2,0,0,0,0,0,0.5,"NYJ"
"16262",0,0,0,0,0,0,0,0,0,0,0,0,0,14.3,0,0,0,0,0,0,0,0,0,0,0,0,27,-3,"White, Keion","DL",NA,"FantasySharks","Keion","White","DE",0,0,0,0,0,0,0,0,0,0,0,0,0,0,0,0,0,0,0,0,0,0,0,0,0,0,0,0,0,0,0,0,0,0,0,0,0,0,0,0,0,0,0,0,0,0,0,0,0,0,6.1,10.1,1.2,0.7,0,0,0,0,"SFO"
"16264",0,0,0,0,0,0,0,0,0,0,0,0,0,46.8,0,0,0,0,0,0,0,0,0,0,0,0,25,-3,"Benton, Keeanu","DL",NA,"FantasySharks","Keeanu","Benton","DT",0,0,0,0,0,0,0,0,0,0,0,0,0,0,0,0,0,0,0,0,0,0,0,0,0,0,0,0,0,0,0,0,0,0,0,0,0,0,0,0,0,0,0,0,0,0,0,0,0,0,20.8,24.2,3.9,3.3,0.4,1.6,0.4,0,"PIT"
"16265",0,0,0,0,0,0,0,0,0,0,0,0,0,46.4,0,0,0,0,0,0,0,0,0,0,0,0,25,-3,"Dexter, Gervon","DL",NA,"FantasySharks","Gervon","Dexter","DT",0,0,0,0,0,0,0,0,0,0,0,0,0,0,0,0,0,0,0,0,0,0,0,0,0,0,0,0,0,0,0,0,0,0,0,0,0,0,0,0,0,0,0,0,0,0,0,0,0,0,17.3,31.7,5.1,3.2,0,0,0,0,"CHI"
"16266",0,0,0,0,0,0,0,0,0,0,0,0,0,79.8,0,0,0,0,0,0,0,0,0,0,0,0,24,-3,"Tuipulotu, Tuli","DL",NA,"FantasySharks","Tuli","Tuipulotu","DE",0,0,0,0,0,0,0,0,0,0,0,0,0,0,0,0,0,0,0,0,0,0,0,0,0,0,0,0,0,0,0,0,0,0,0,0,0,0,0,0,0,0,0,0,0,0,0,0,0,0,34.3,10.8,15.1,3.4,0.7,3.9,1.3,0,"LAC"
"16273",0,0,0,0,0,0,0,0,0,0,0,0,0,29.8,0,0,0,0,0,0,0,0,0,0,0,0,26,-3,"Young, Byron","DL",NA,"FantasySharks","Byron","Young","DT",0,0,0,0,0,0,0,0,0,0,0,0,0,0,0,0,0,0,0,0,0,0,0,0,0,0,0,0,0,0,0,0,0,0,0,0,0,0,0,0,0,0,0,0,0,0,0,0,0,0,13.6,21.4,2.5,0.2,0,0.2,0.2,0.3,"PHI"
"16276",0,0,0,0,0,0,0,0,0,0,0,0,0,73.6,0,0,0,0,0,0,0,0,0,0,0,0,28,-3,"Young, Byron","DL",NA,"FantasySharks","Byron","Young","DE",0,0,0,0,0,0,0,0,0,0,0,0,0,0,0,0,0,0,0,0,0,0,0,0,0,0,0,0,0,0,0,0,0,0,0,0,0,0,0,0,0,0,0,0,0,0,0,0,0,0,38.5,36.4,8.2,0,0,0.6,0,0,"LAR"
"16278",0,0,0,0,0,0,0,0,0,0,0,0,0,56.6,0,0,0,0,0,0,0,0,0,0,0,0,27,-3,"Diaby, YaYa","DL",NA,"FantasySharks","YaYa","Diaby","DE",0,0,0,0,0,0,0,0,0,0,0,0,0,0,0,0,0,0,0,0,0,0,0,0,0,0,0,0,0,0,0,0,0,0,0,0,0,0,0,0,0,0,0,0,0,0,0,0,0,0,30.9,19.1,7.2,0.9,0,0.6,0.2,0,"TBB"
"16282",0,0,0,0,0,0,0,0,0,0,0,0,0,45.7,0,0,0,0,0,0,0,0,0,0,0,0,27,-3,"Turner, Kobie","DL",NA,"FantasySharks","Kobie","Turner","DT",0,0,0,0,0,0,0,0,0,0,0,0,0,0,0,0,0,0,0,0,0,0,0,0,0,0,0,0,0,0,0,0,0,0,0,0,0,0,0,0,0,0,0,0,0,0,0,0,0,0,24.8,19.1,4.7,1.8,0.1,0,0,0.3,"LAR"
"16290",0,0,0,0,0,0,0,0,0,0,0,0,0,20.1,0,0,0,0,0,0,0,0,0,0,0,0,26,-3,"Horton, Dylan","DL",NA,"FantasySharks","Dylan","Horton","DE",0,0,0,0,0,0,0,0,0,0,0,0,0,0,0,0,0,0,0,0,0,0,0,0,0,0,0,0,0,0,0,0,0,0,0,0,0,0,0,0,0,0,0,0,0,0,0,0,0,0,10.2,12,1,1.2,0,0.6,0,0,"HOU"
"16294",0,0,0,0,0,0,0,0,0,0,0,0,0,21.7,0,0,0,0,0,0,0,0,0,0,0,0,26,-3,"Wooden, Colby","DL",NA,"FantasySharks","Colby","Wooden","DT",0,0,0,0,0,0,0,0,0,0,0,0,0,0,0,0,0,0,0,0,0,0,0,0,0,0,0,0,0,0,0,0,0,0,0,0,0,0,0,0,0,0,0,0,0,0,0,0,0,0,13.9,14.4,0,0.6,0,0,0,0,"IND"
"16298",0,0,0,0,0,0,0,0,0,0,0,0,0,49.1,0,0,0,0,0,0,0,0,0,0,0,0,27,-3,"Robinson, Tavius","DL",NA,"FantasySharks","Tavius","Robinson","DE",0,0,0,0,0,0,0,0,0,0,0,0,0,0,0,0,0,0,0,0,0,0,0,0,0,0,0,0,0,0,0,0,0,0,0,0,0,0,0,0,0,0,0,0,0,0,0,0,0,0,22.5,24.1,6.4,1.6,0,0.1,0,0,"BAL"
"16300",0,0,0,0,0,0,0,0,0,0,0,0,0,33.1,0,0,0,0,0,0,0,0,0,0,0,0,25,-3,"McGuire, Isaiah","DL",NA,"FantasySharks","Isaiah","McGuire","DE",0,0,0,0,0,0,0,0,0,0,0,0,0,0,0,0,0,0,0,0,0,0,0,0,0,0,0,0,0,0,0,0,0,0,0,0,0,0,0,0,0,0,0,0,0,0,0,0,0,0,18.6,16.1,2.3,0,0,1.9,0,0,"CLE"
"16302",0,0,0,0,0,0,0,0,0,0,0,0,0,14.9,0,0,0,0,0,0,0,0,0,0,0,0,27,-3,"Lacy, Tyler","DL",NA,"FantasySharks","Tyler","Lacy","DT",0,0,0,0,0,0,0,0,0,0,0,0,0,0,0,0,0,0,0,0,0,0,0,0,0,0,0,0,0,0,0,0,0,0,0,0,0,0,0,0,0,0,0,0,0,0,0,0,0,0,7.2,14.4,0.2,0,0,0,0,0,"DET"
"16303",0,0,0,0,0,0,0,0,0,0,0,0,0,38.4,0,0,0,0,0,0,0,0,0,0,0,0,25,-3,"Herbig, Nick","DL",NA,"FantasySharks","Nick","Herbig","DE",0,0,0,0,0,0,0,0,0,0,0,0,0,0,0,0,0,0,0,0,0,0,0,0,0,0,0,0,0,0,0,0,0,0,0,0,0,0,0,0,0,0,0,0,0,0,0,0,0,0,16,12.8,4.7,1.6,0.8,2,1.3,0,"PIT"
"16322",0,0,0,0,0,0,0,0,0,0,0,0,0,7.8,0,0,0,0,0,0,0,0,0,0,0,0,27,-3,"Beal, Robert","DL",NA,"FantasySharks","Robert","Beal","DE",0,0,0,0,0,0,0,0,0,0,0,0,0,0,0,0,0,0,0,0,0,0,0,0,0,0,0,0,0,0,0,0,0,0,0,0,0,0,0,0,0,0,0,0,0,0,0,0,0,0,3.3,8,0,0.5,0,0,0,0,"MIA"
"16324",0,0,0,0,0,0,0,0,0,0,0,0,0,48.8,0,0,0,0,0,0,0,0,0,0,0,0,26,-3,"Brooks, Karl","DL",NA,"FantasySharks","Karl","Brooks","DT",0,0,0,0,0,0,0,0,0,0,0,0,0,0,0,0,0,0,0,0,0,0,0,0,0,0,0,0,0,0,0,0,0,0,0,0,0,0,0,0,0,0,0,0,0,0,0,0,0,0,24,22,5.5,0.9,0,1.3,0.5,0,"GBP"
"16344",0,0,0,0,0,0,0,0,0,0,0,0,0,24.3,0,0,0,0,0,0,0,0,0,0,0,0,27,-3,"Stills, Dante","DL",NA,"FantasySharks","Dante","Stills","DT",0,0,0,0,0,0,0,0,0,0,0,0,0,0,0,0,0,0,0,0,0,0,0,0,0,0,0,0,0,0,0,0,0,0,0,0,0,0,0,0,0,0,0,0,0,0,0,0,0,0,15.2,16.1,0.2,0.6,0,0,0,0,"ARI"
"16363",0,0,0,0,0,0,0,0,0,0,0,0,0,8.7,0,0,0,0,0,0,0,0,0,0,0,0,28,-3,"Riley, Jordon","DL",NA,"FantasySharks","Jordon","Riley","DT",0,0,0,0,0,0,0,0,0,0,0,0,0,0,0,0,0,0,0,0,0,0,0,0,0,0,0,0,0,0,0,0,0,0,0,0,0,0,0,0,0,0,0,0,0,0,0,0,0,0,4.4,6.8,0.1,0.5,0,0.2,0,0,"GBP"
"16369",0,0,0,0,0,0,0,0,0,0,0,0,0,41.8,0,0,0,0,0,0,0,0,0,0,0,0,25,-3,"Ojomo, Moro","DL",NA,"FantasySharks","Moro","Ojomo","DT",0,0,0,0,0,0,0,0,0,0,0,0,0,0,0,0,0,0,0,0,0,0,0,0,0,0,0,0,0,0,0,0,0,0,0,0,0,0,0,0,0,0,0,0,0,0,0,0,0,0,20,18.2,5.2,2.4,0,0,0,0,"PHI"
"16376",0,0,0,0,0,0,0,0,0,0,0,0,0,26.5,0,0,0,0,0,0,0,0,0,0,0,0,27,-3,"Johnson, Desjuan","DL",NA,"FantasySharks","Desjuan","Johnson","DT",0,0,0,0,0,0,0,0,0,0,0,0,0,0,0,0,0,0,0,0,0,0,0,0,0,0,0,0,0,0,0,0,0,0,0,0,0,0,0,0,0,0,0,0,0,0,0,0,0,0,9.5,21.4,2.8,0.6,0,0,0,0,"LAR"
"16455",0,0,0,0,0,0,0,0,0,0,0,0,0,24.1,0,0,0,0,0,0,0,0,0,0,0,0,26,-3,"Cox, Brenton","DL",NA,"FantasySharks","Brenton","Cox","DE",0,0,0,0,0,0,0,0,0,0,0,0,0,0,0,0,0,0,0,0,0,0,0,0,0,0,0,0,0,0,0,0,0,0,0,0,0,0,0,0,0,0,0,0,0,0,0,0,0,0,10.4,13.7,3.1,0.4,0,0.2,0,0,"GBP"
"16513",0,0,0,0,0,0,0,0,0,0,0,0,0,35,0,0,0,0,0,0,0,0,0,0,0,0,29,0,"London, LaCale","DL",NA,"FantasySharks","LaCale","London","DT",0,0,0,0,0,0,0,0,0,0,0,0,0,0,0,0,0,0,0,0,0,0,0,0,0,0,0,0,0,0,0,0,0,0,0,0,0,0,0,0,0,0,0,0,0,0,0,0,0,0,18.8,11.6,4.1,1.6,0,0.7,0,0,"ATL"
"16520",0,0,0,0,0,0,0,0,0,0,0,0,0,18,0,0,0,0,0,0,0,0,0,0,0,0,27,-3,"Durden, Cory","DL",NA,"FantasySharks","Cory","Durden","DT",0,0,0,0,0,0,0,0,0,0,0,0,0,0,0,0,0,0,0,0,0,0,0,0,0,0,0,0,0,0,0,0,0,0,0,0,0,0,0,0,0,0,0,0,0,0,0,0,0,0,8.2,18.6,0,0.5,0,0,0,0,"NEP"
"16650",0,0,0,0,0,0,0,0,0,0,0,0,0,67,0,0,0,0,0,0,0,0,0,0,0,0,23,-4,"Turner, Dallas","DL",NA,"FantasySharks","Dallas","Turner","DE",0,0,0,0,0,0,0,0,0,0,0,0,0,0,0,0,0,0,0,0,0,0,0,0,0,0,0,0,0,0,0,0,0,0,0,0,0,0,0,0,0,0,0,0,0,0,0,0,0,0,26.9,27.9,9.7,2.6,0.6,2.9,0,0,"MIN"
"16651",0,0,0,0,0,0,0,0,0,0,0,0,0,72.6,0,0,0,0,0,0,0,0,0,0,0,0,26,-4,"Latu, Laiatu","DL",NA,"FantasySharks","Laiatu","Latu","DE",0,0,0,0,0,0,0,0,0,0,0,0,0,0,0,0,0,0,0,0,0,0,0,0,0,0,0,0,0,0,0,0,0,0,0,0,0,0,0,0,0,0,0,0,0,0,0,0,0,0,32.4,19.5,9.6,5,2.2,1.9,0,0,"IND"
"16652",0,0,0,0,0,0,0,0,0,0,0,0,0,22.4,0,0,0,0,0,0,0,0,0,0,0,0,25,-4,"Trice, Bralen","DL",NA,"FantasySharks","Bralen","Trice","DE",0,0,0,0,0,0,0,0,0,0,0,0,0,0,0,0,0,0,0,0,0,0,0,0,0,0,0,0,0,0,0,0,0,0,0,0,0,0,0,0,0,0,0,0,0,0,0,0,0,0,14.6,10.5,1.3,0,0,0,0,0,"ATL"
"16653",0,0,0,0,0,0,0,0,0,0,0,0,0,65.4,0,0,0,0,0,0,0,0,0,0,0,0,26,-4,"Verse, Jared","DL",NA,"FantasySharks","Jared","Verse","DE",0,0,0,0,0,0,0,0,0,0,0,0,0,0,0,0,0,0,0,0,0,0,0,0,0,0,0,0,0,0,0,0,0,0,0,0,0,0,0,0,0,0,0,0,0,0,0,0,0,0,32.8,23.4,9.2,0.5,0,2,0,1.1,"CLE"
"16654",0,0,0,0,0,0,0,0,0,0,0,0,0,24,0,0,0,0,0,0,0,0,0,0,0,0,23,-4,"Elliss, Jonah","DL",NA,"FantasySharks","Jonah","Elliss","DE",0,0,0,0,0,0,0,0,0,0,0,0,0,0,0,0,0,0,0,0,0,0,0,0,0,0,0,0,0,0,0,0,0,0,0,0,0,0,0,0,0,0,0,0,0,0,0,0,0,0,13.9,12.1,1.3,0.7,0,0.7,0,0,"DEN"
"16655",0,0,0,0,0,0,0,0,0,0,0,0,0,46.4,0,0,0,0,0,0,0,0,0,0,0,0,23,-4,"Robinson, Chop","DL",NA,"FantasySharks","Chop","Robinson","DE",0,0,0,0,0,0,0,0,0,0,0,0,0,0,0,0,0,0,0,0,0,0,0,0,0,0,0,0,0,0,0,0,0,0,0,0,0,0,0,0,0,0,0,0,0,0,0,0,0,0,18.1,15.7,8.2,3,0,1.1,0,0,"MIA"
"16656",0,0,0,0,0,0,0,0,0,0,0,0,0,24.4,0,0,0,0,0,0,0,0,0,0,0,0,25,-4,"Braswell, Chris","DL",NA,"FantasySharks","Chris","Braswell","DE",0,0,0,0,0,0,0,0,0,0,0,0,0,0,0,0,0,0,0,0,0,0,0,0,0,0,0,0,0,0,0,0,0,0,0,0,0,0,0,0,0,0,0,0,0,0,0,0,0,0,14.8,8.3,1.9,0.8,0,0.5,0.2,0,"TBB"
"16657",0,0,0,0,0,0,0,0,0,0,0,0,0,42,0,0,0,0,0,0,0,0,0,0,0,0,25,-4,"Dorlus, Brandon","DL",NA,"FantasySharks","Brandon","Dorlus","DT",0,0,0,0,0,0,0,0,0,0,0,0,0,0,0,0,0,0,0,0,0,0,0,0,0,0,0,0,0,0,0,0,0,0,0,0,0,0,0,0,0,0,0,0,0,0,0,0,0,0,17.9,15.1,7.9,0.2,0.1,0.4,0,0.1,"ATL"
"16660",0,0,0,0,0,0,0,0,0,0,0,0,0,35.4,0,0,0,0,0,0,0,0,0,0,0,0,25,-4,"Robinson, Darius","DL",NA,"FantasySharks","Darius","Robinson","DT",0,0,0,0,0,0,0,0,0,0,0,0,0,0,0,0,0,0,0,0,0,0,0,0,0,0,0,0,0,0,0,0,0,0,0,0,0,0,0,0,0,0,0,0,0,0,0,0,0,0,17.5,25.4,2.2,0.4,0,0.2,0.2,0,"ARI"
"16661",0,0,0,0,0,0,0,0,0,0,0,0,0,19,0,0,0,0,0,0,0,0,0,0,0,0,23,-4,"Hall Jr., Michael","DL",NA,"FantasySharks","Michael","Hall Jr.","DT",0,0,0,0,0,0,0,0,0,0,0,0,0,0,0,0,0,0,0,0,0,0,0,0,0,0,0,0,0,0,0,0,0,0,0,0,0,0,0,0,0,0,0,0,0,0,0,0,0,0,9.2,12,1.3,1.2,0,0,0,0,"CLE"
"16662",0,0,0,0,0,0,0,0,0,0,0,0,0,34.3,0,0,0,0,0,0,0,0,0,0,0,0,25,-4,"Jenkins, Kris","DL",NA,"FantasySharks","Kris","Jenkins","DT",0,0,0,0,0,0,0,0,0,0,0,0,0,0,0,0,0,0,0,0,0,0,0,0,0,0,0,0,0,0,0,0,0,0,0,0,0,0,0,0,0,0,0,0,0,0,0,0,0,0,18.9,15.5,3.5,0.6,0,0,0,0,"CIN"
"16663",0,0,0,0,0,0,0,0,0,0,0,0,0,32.5,0,0,0,0,0,0,0,0,0,0,0,0,25,-4,"Eboigbe, Justin","DL",NA,"FantasySharks","Justin","Eboigbe","DT",0,0,0,0,0,0,0,0,0,0,0,0,0,0,0,0,0,0,0,0,0,0,0,0,0,0,0,0,0,0,0,0,0,0,0,0,0,0,0,0,0,0,0,0,0,0,0,0,0,0,21.1,9.9,2.6,0.8,0,0.2,0.2,0,"LAC"
"16689",0,0,0,0,0,0,0,0,0,0,0,0,0,42.3,0,0,0,0,0,0,0,0,0,0,0,0,24,-4,"Murphy, Byron","DL",NA,"FantasySharks","Byron","Murphy","DT",0,0,0,0,0,0,0,0,0,0,0,0,0,0,0,0,0,0,0,0,0,0,0,0,0,0,0,0,0,0,0,0,0,0,0,0,0,0,0,0,0,0,0,0,0,0,0,0,0,0,18.1,31.6,3.3,1.3,0,0.2,0.1,0,"SEA"
"16691",0,0,0,0,0,0,0,0,0,0,0,0,0,19.5,0,0,0,0,0,0,0,0,0,0,0,0,25,-4,"Orhorhoro, Ruke","DL",NA,"FantasySharks","Ruke","Orhorhoro","DT",0,0,0,0,0,0,0,0,0,0,0,0,0,0,0,0,0,0,0,0,0,0,0,0,0,0,0,0,0,0,0,0,0,0,0,0,0,0,0,0,0,0,0,0,0,0,0,0,0,0,9.1,11.4,1.7,1.3,0,0,0,0,"JAC"
"16693",0,0,0,0,0,0,0,0,0,0,0,0,0,18.5,0,0,0,0,0,0,0,0,0,0,0,0,25,-4,"Sweat, T'Vondre","DL",NA,"FantasySharks","T'Vondre","Sweat","DT",0,0,0,0,0,0,0,0,0,0,0,0,0,0,0,0,0,0,0,0,0,0,0,0,0,0,0,0,0,0,0,0,0,0,0,0,0,0,0,0,0,0,0,0,0,0,0,0,0,0,10.7,11.1,0.9,0.4,0,0,0,0,"NYJ"
"16694",0,0,0,0,0,0,0,0,0,0,0,0,0,40.6,0,0,0,0,0,0,0,0,0,0,0,0,26,-4,"Fiske, Braden","DL",NA,"FantasySharks","Braden","Fiske","DT",0,0,0,0,0,0,0,0,0,0,0,0,0,0,0,0,0,0,0,0,0,0,0,0,0,0,0,0,0,0,0,0,0,0,0,0,0,0,0,0,0,0,0,0,0,0,0,0,0,0,19.2,22.1,4.7,0.9,0,0,0,0,"LAR"
"16711",0,0,0,0,0,0,0,0,0,0,0,0,0,24.3,0,0,0,0,0,0,0,0,0,0,0,0,25,-4,"Isaac, Adisa","DL",NA,"FantasySharks","Adisa","Isaac","DE",0,0,0,0,0,0,0,0,0,0,0,0,0,0,0,0,0,0,0,0,0,0,0,0,0,0,0,0,0,0,0,0,0,0,0,0,0,0,0,0,0,0,0,0,0,0,0,0,0,0,11.6,20.7,0.9,0.4,0,0,0,0,"BAL"
"16712",0,0,0,0,0,0,0,0,0,0,0,0,0,45.1,0,0,0,0,0,0,0,0,0,0,0,0,25,-4,"Hunt, Jalyx","DL",NA,"FantasySharks","Jalyx","Hunt","DE",0,0,0,0,0,0,0,0,0,0,0,0,0,0,0,0,0,0,0,0,0,0,0,0,0,0,0,0,0,0,0,0,0,0,0,0,0,0,0,0,0,0,0,0,0,0,0,0,0,0,21.4,17.1,3.3,2.2,2.2,0.9,0.8,0.7,"PHI"
"16713",0,0,0,0,0,0,0,0,0,0,0,0,0,19.6,0,0,0,0,0,0,0,0,0,0,0,0,26,-4,"Carter, DeWayne","DL",NA,"FantasySharks","DeWayne","Carter","DT",0,0,0,0,0,0,0,0,0,0,0,0,0,0,0,0,0,0,0,0,0,0,0,0,0,0,0,0,0,0,0,0,0,0,0,0,0,0,0,0,0,0,0,0,0,0,0,0,0,0,12,9.5,0,2.1,0.4,0,0,0,"BUF"
"16715",0,0,0,0,0,0,0,0,0,0,0,0,0,23.5,0,0,0,0,0,0,0,0,0,0,0,0,25,-4,"Jackson, McKinnley","DL",NA,"FantasySharks","McKinnley","Jackson","DT",0,0,0,0,0,0,0,0,0,0,0,0,0,0,0,0,0,0,0,0,0,0,0,0,0,0,0,0,0,0,0,0,0,0,0,0,0,0,0,0,0,0,0,0,0,0,0,0,0,0,11,13.2,2.5,0,0,0.6,0.3,0,"CIN"
"16734",0,0,0,0,0,0,0,0,0,0,0,0,0,42.3,0,0,0,0,0,0,0,0,0,0,0,0,24,-4,"Booker, Austin","DL",NA,"FantasySharks","Austin","Booker","DE",0,0,0,0,0,0,0,0,0,0,0,0,0,0,0,0,0,0,0,0,0,0,0,0,0,0,0,0,0,0,0,0,0,0,0,0,0,0,0,0,0,0,0,0,0,0,0,0,0,0,22.6,20.3,3.5,1.8,0,0.9,0,0,"CHI"
"16777",0,0,0,0,0,0,0,0,0,0,0,0,0,27.2,0,0,0,0,0,0,0,0,0,0,0,0,24,-4,"Johnson, Cedric","DL",NA,"FantasySharks","Cedric","Johnson","DE",0,0,0,0,0,0,0,0,0,0,0,0,0,0,0,0,0,0,0,0,0,0,0,0,0,0,0,0,0,0,0,0,0,0,0,0,0,0,0,0,0,0,0,0,0,0,0,0,0,0,13.8,11.1,3.7,0.3,0,0,0,0,"CIN"
"16780",0,0,0,0,0,0,0,0,0,0,0,0,0,21.7,0,0,0,0,0,0,0,0,0,0,0,0,26,-4,"Jean-Baptiste, Javontae","DL",NA,"FantasySharks","Javontae","Jean-Baptiste","DE",0,0,0,0,0,0,0,0,0,0,0,0,0,0,0,0,0,0,0,0,0,0,0,0,0,0,0,0,0,0,0,0,0,0,0,0,0,0,0,0,0,0,0,0,0,0,0,0,0,0,12.6,12.3,1.1,0.5,0,0.3,0,0,"WAS"
"16786",0,0,0,0,0,0,0,0,0,0,0,0,0,38.1,0,0,0,0,0,0,0,0,0,0,0,0,26,-4,"Drake-Rodriguez, Levi","DL",NA,"FantasySharks","Levi","Drake-Rodriguez","DT",0,0,0,0,0,0,0,0,0,0,0,0,0,0,0,0,0,0,0,0,0,0,0,0,0,0,0,0,0,0,0,0,0,0,0,0,0,0,0,0,0,0,0,0,0,0,0,0,0,0,19,23.6,2.8,1.3,0,0.2,0.2,0,"MIN"
"16787",0,0,0,0,0,0,0,0,0,0,0,0,0,48.3,0,0,0,0,0,0,0,0,0,0,0,0,26,-4,"Laulu, Jonah","DL",NA,"FantasySharks","Jonah","Laulu","DT",0,0,0,0,0,0,0,0,0,0,0,0,0,0,0,0,0,0,0,0,0,0,0,0,0,0,0,0,0,0,0,0,0,0,0,0,0,0,0,0,0,0,0,0,0,0,0,0,0,0,25.6,27,2.1,4.9,0,0,0,0,"LVR"
"16794",0,0,0,0,0,0,0,0,0,0,0,0,0,33.1,0,0,0,0,0,0,0,0,0,0,0,0,25,-4,"Briggs, Jowon","DL",NA,"FantasySharks","Jowon","Briggs","DT",0,0,0,0,0,0,0,0,0,0,0,0,0,0,0,0,0,0,0,0,0,0,0,0,0,0,0,0,0,0,0,0,0,0,0,0,0,0,0,0,0,0,0,0,0,0,0,0,0,0,16.6,20.1,2.5,1.2,0,0.2,0,0,"NYJ"
"16869",0,0,0,0,0,0,0,0,0,0,0,0,0,16.4,0,0,0,0,0,0,0,0,0,0,0,0,26,-4,"Richter, Bo","DL",NA,"FantasySharks","Bo","Richter","DE",0,0,0,0,0,0,0,0,0,0,0,0,0,0,0,0,0,0,0,0,0,0,0,0,0,0,0,0,0,0,0,0,0,0,0,0,0,0,0,0,0,0,0,0,0,0,0,0,0,0,8.7,12.1,0.4,0.5,0,0.4,0,0,"MIN"
"16893",0,0,0,0,0,0,0,0,0,0,0,0,0,21.3,0,0,0,0,0,0,0,0,0,0,0,0,NA,NA,"Watts, Eric","DL",NA,"FantasySharks",NA,NA,NA,0,0,0,0,0,0,0,0,0,0,0,0,0,0,0,0,0,0,0,0,0,0,0,0,0,0,0,0,0,0,0,0,0,0,0,0,0,0,0,0,0,0,0,0,0,0,0,0,0,0,13.8,12.1,0.2,1.2,0,0,0,0,"NYJ"
"16894",0,0,0,0,0,0,0,0,0,0,0,0,0,19.5,0,0,0,0,0,0,0,0,0,0,0,0,25,-4,"McGregor, Braiden","DL",NA,"FantasySharks","Braiden","McGregor","DE",0,0,0,0,0,0,0,0,0,0,0,0,0,0,0,0,0,0,0,0,0,0,0,0,0,0,0,0,0,0,0,0,0,0,0,0,0,0,0,0,0,0,0,0,0,0,0,0,0,0,12,11,0.1,1.8,0,0,0,0,"NYJ"
"16908",0,0,0,0,0,0,0,0,0,0,0,0,0,13.4,0,0,0,0,0,0,0,0,0,0,0,0,NA,NA,"Smith, Chris","DL",NA,"FantasySharks",NA,NA,NA,0,0,0,0,0,0,0,0,0,0,0,0,0,0,0,0,0,0,0,0,0,0,0,0,0,0,0,0,0,0,0,0,0,0,0,0,0,0,0,0,0,0,0,0,0,0,0,0,0,0,4,12.6,0.3,2.5,0,0,0,0,"DET"
"16923",0,0,0,0,0,0,0,0,0,0,0,0,0,29.3,0,0,0,0,0,0,0,0,0,0,0,0,28,-3,"Tillman, Dondrea","DL",NA,"FantasySharks","Dondrea","Tillman","DE",0,0,0,0,0,0,0,0,0,0,0,0,0,0,0,0,0,0,0,0,0,0,0,0,0,0,0,0,0,0,0,0,0,0,0,0,0,0,0,0,0,0,0,0,0,0,0,0,0,0,8.4,18,3.9,1.5,1.2,0.3,0,0,"DEN"
"16927",0,0,0,0,0,0,0,0,0,0,0,0,0,58.4,0,0,0,0,0,0,0,0,0,0,0,0,27,-4,"Redmond, Jalen","DL",NA,"FantasySharks","Jalen","Redmond","DT",0,0,0,0,0,0,0,0,0,0,0,0,0,0,0,0,0,0,0,0,0,0,0,0,0,0,0,0,0,0,0,0,0,0,0,0,0,0,0,0,0,0,0,0,0,0,0,0,0,0,27.3,32.2,5.1,4.9,0,0,0,0,"MIN"
"17112",0,0,0,0,0,0,0,0,0,0,0,0,0,40.1,0,0,0,0,0,0,0,0,0,0,0,0,22,-5,"Carter, Abdul","DL",NA,"FantasySharks","Abdul","Carter","DE",0,0,0,0,0,0,0,0,0,0,0,0,0,0,0,0,0,0,0,0,0,0,0,0,0,0,0,0,0,0,0,0,0,0,0,0,0,0,0,0,0,0,0,0,0,0,0,0,0,0,21.2,20.4,3.6,0.9,0.2,0.2,0.1,0,"NYG"
"17113",0,0,0,0,0,0,0,0,0,0,0,0,0,31.8,0,0,0,0,0,0,0,0,0,0,0,0,22,-5,"Williams, Mykel","DL",NA,"FantasySharks","Mykel","Williams","DE",0,0,0,0,0,0,0,0,0,0,0,0,0,0,0,0,0,0,0,0,0,0,0,0,0,0,0,0,0,0,0,0,0,0,0,0,0,0,0,0,0,0,0,0,0,0,0,0,0,0,19.2,10.5,3,1.4,0,0,0,0,"SFO"
"17114",0,0,0,0,0,0,0,0,0,0,0,0,0,21.4,0,0,0,0,0,0,0,0,0,0,0,0,23,-5,"Stewart, Shemar","DL",NA,"FantasySharks","Shemar","Stewart","DE",0,0,0,0,0,0,0,0,0,0,0,0,0,0,0,0,0,0,0,0,0,0,0,0,0,0,0,0,0,0,0,0,0,0,0,0,0,0,0,0,0,0,0,0,0,0,0,0,0,0,10.2,14,1.2,1.7,0,0,0,0,"CIN"
"17115",0,0,0,0,0,0,0,0,0,0,0,0,0,29.6,0,0,0,0,0,0,0,0,0,0,0,0,23,-5,"Pearce, James","DL",NA,"FantasySharks","James","Pearce","DE",0,0,0,0,0,0,0,0,0,0,0,0,0,0,0,0,0,0,0,0,0,0,0,0,0,0,0,0,0,0,0,0,0,0,0,0,0,0,0,0,0,0,0,0,0,0,0,0,0,0,10.5,5.5,6.6,2.7,0,0.5,0.1,0,"ATL"
"17116",0,0,0,0,0,0,0,0,0,0,0,0,0,24,0,0,0,0,0,0,0,0,0,0,0,0,24,-5,"Sawyer, Jack","DL",NA,"FantasySharks","Jack","Sawyer","DE",0,0,0,0,0,0,0,0,0,0,0,0,0,0,0,0,0,0,0,0,0,0,0,0,0,0,0,0,0,0,0,0,0,0,0,0,0,0,0,0,0,0,0,0,0,0,0,0,0,0,8,11.8,2,2.6,1.3,0.6,0.3,0,"PIT"
"17117",0,0,0,0,0,0,0,0,0,0,0,0,0,18.1,0,0,0,0,0,0,0,0,0,0,0,0,23,-5,"Jackson, Landon","DL",NA,"FantasySharks","Landon","Jackson","DE",0,0,0,0,0,0,0,0,0,0,0,0,0,0,0,0,0,0,0,0,0,0,0,0,0,0,0,0,0,0,0,0,0,0,0,0,0,0,0,0,0,0,0,0,0,0,0,0,0,0,10.4,9.7,0,2,0.4,0,0,0,"BUF"
"17118",0,0,0,0,0,0,0,0,0,0,0,0,0,24.1,0,0,0,0,0,0,0,0,0,0,0,0,23,-5,"Stewart, Josaiah","DL",NA,"FantasySharks","Josaiah","Stewart","DE",0,0,0,0,0,0,0,0,0,0,0,0,0,0,0,0,0,0,0,0,0,0,0,0,0,0,0,0,0,0,0,0,0,0,0,0,0,0,0,0,0,0,0,0,0,0,0,0,0,0,12.2,12.9,1.8,1.1,0,0.6,0.2,0.2,"LAR"
"17120",0,0,0,0,0,0,0,0,0,0,0,0,0,28.2,0,0,0,0,0,0,0,0,0,0,0,0,23,-5,"Green, Mike","DL",NA,"FantasySharks","Mike","Green","DE",0,0,0,0,0,0,0,0,0,0,0,0,0,0,0,0,0,0,0,0,0,0,0,0,0,0,0,0,0,0,0,0,0,0,0,0,0,0,0,0,0,0,0,0,0,0,0,0,0,0,11.8,21.1,2.7,0.5,0,0,0,0,"BAL"
"17121",0,0,0,0,0,0,0,0,0,0,0,0,0,37.7,0,0,0,0,0,0,0,0,0,0,0,0,23,-5,"Graham, Mason","DL",NA,"FantasySharks","Mason","Graham","DT",0,0,0,0,0,0,0,0,0,0,0,0,0,0,0,0,0,0,0,0,0,0,0,0,0,0,0,0,0,0,0,0,0,0,0,0,0,0,0,0,0,0,0,0,0,0,0,0,0,0,25.6,14.9,0.8,3.2,0,0,0,0,"CLE"
"17135",0,0,0,0,0,0,0,0,0,0,0,0,0,59.3,0,0,0,0,0,0,0,0,0,0,0,0,23,-5,"Ezeiruaku, Donovan","DL",NA,"FantasySharks","Donovan","Ezeiruaku","DE",0,0,0,0,0,0,0,0,0,0,0,0,0,0,0,0,0,0,0,0,0,0,0,0,0,0,0,0,0,0,0,0,0,0,0,0,0,0,0,0,0,0,0,0,0,0,0,0,0,0,28.1,15.8,9.2,1.4,0.7,1.5,0.7,0,"DAL"
"17136",0,0,0,0,0,0,0,0,0,0,0,0,0,30.6,0,0,0,0,0,0,0,0,0,0,0,0,23,-5,"Nolen, Walter","DL",NA,"FantasySharks","Walter","Nolen","DT",0,0,0,0,0,0,0,0,0,0,0,0,0,0,0,0,0,0,0,0,0,0,0,0,0,0,0,0,0,0,0,0,0,0,0,0,0,0,0,0,0,0,0,0,0,0,0,0,0,0,19.1,13.6,1.8,1.1,0,0,0,0.3,"ARI"
"17137",0,0,0,0,0,0,0,0,0,0,0,0,0,36.1,0,0,0,0,0,0,0,0,0,0,0,0,23,-5,"Harmon, Derrick","DL",NA,"FantasySharks","Derrick","Harmon","DT",0,0,0,0,0,0,0,0,0,0,0,0,0,0,0,0,0,0,0,0,0,0,0,0,0,0,0,0,0,0,0,0,0,0,0,0,0,0,0,0,0,0,0,0,0,0,0,0,0,0,16.8,20.2,3.9,1.4,0,0,0,0,"PIT"
"17138",0,0,0,0,0,0,0,0,0,0,0,0,0,31,0,0,0,0,0,0,0,0,0,0,0,0,23,-5,"Grant, Kenneth","DL",NA,"FantasySharks","Kenneth","Grant","DT",0,0,0,0,0,0,0,0,0,0,0,0,0,0,0,0,0,0,0,0,0,0,0,0,0,0,0,0,0,0,0,0,0,0,0,0,0,0,0,0,0,0,0,0,0,0,0,0,0,0,17.4,18.6,1.3,1.7,0,0,0,0,"MIA"
"17139",0,0,0,0,0,0,0,0,0,0,0,0,0,27.8,0,0,0,0,0,0,0,0,0,0,0,0,23,-5,"Sanders, T.J.","DL",NA,"FantasySharks","T.J.","Sanders","DT",0,0,0,0,0,0,0,0,0,0,0,0,0,0,0,0,0,0,0,0,0,0,0,0,0,0,0,0,0,0,0,0,0,0,0,0,0,0,0,0,0,0,0,0,0,0,0,0,0,0,13.3,17.2,1.8,2.2,0,0,0,0,"BUF"
"17148",0,0,0,0,0,0,0,0,0,0,0,0,0,25.3,0,0,0,0,0,0,0,0,0,0,0,0,25,-5,"Collins, Alfred","DL",NA,"FantasySharks","Alfred","Collins","DT",0,0,0,0,0,0,0,0,0,0,0,0,0,0,0,0,0,0,0,0,0,0,0,0,0,0,0,0,0,0,0,0,0,0,0,0,0,0,0,0,0,0,0,0,0,0,0,0,0,0,9.1,16.3,1.7,2,0,1.7,0.9,0,"SFO"
"17149",0,0,0,0,0,0,0,0,0,0,0,0,0,54.4,0,0,0,0,0,0,0,0,0,0,0,0,23,-5,"Tuimoloau, JT","DL",NA,"FantasySharks","JT","Tuimoloau","DE",0,0,0,0,0,0,0,0,0,0,0,0,0,0,0,0,0,0,0,0,0,0,0,0,0,0,0,0,0,0,0,0,0,0,0,0,0,0,0,0,0,0,0,0,0,0,0,0,0,0,28.9,28.4,4.9,0.4,0,0.7,0.4,0,"IND"
"17150",0,0,0,0,0,0,0,0,0,0,0,0,0,20,0,0,0,0,0,0,0,0,0,0,0,0,23,-5,"Oladejo, Oluwafemi","DL",NA,"FantasySharks","Oluwafemi","Oladejo","DE",0,0,0,0,0,0,0,0,0,0,0,0,0,0,0,0,0,0,0,0,0,0,0,0,0,0,0,0,0,0,0,0,0,0,0,0,0,0,0,0,0,0,0,0,0,0,0,0,0,0,12.6,12.4,0.3,0.5,0,0,0,0,"TEN"
"17151",0,0,0,0,0,0,0,0,0,0,0,0,0,9.4,0,0,0,0,0,0,0,0,0,0,0,0,23,-5,"Turner, Shemar","DL",NA,"FantasySharks","Shemar","Turner","DT",0,0,0,0,0,0,0,0,0,0,0,0,0,0,0,0,0,0,0,0,0,0,0,0,0,0,0,0,0,0,0,0,0,0,0,0,0,0,0,0,0,0,0,0,0,0,0,0,0,0,6.1,6.5,0,0,0,0,0,0,"CHI"
"17152",0,0,0,0,0,0,0,0,0,0,0,0,0,6.8,0,0,0,0,0,0,0,0,0,0,0,0,24,-5,"Norman-Lott, Omarr","DL",NA,"FantasySharks","Omarr","Norman-Lott","DT",0,0,0,0,0,0,0,0,0,0,0,0,0,0,0,0,0,0,0,0,0,0,0,0,0,0,0,0,0,0,0,0,0,0,0,0,0,0,0,0,0,0,0,0,0,0,0,0,0,0,3.6,5.4,0.2,0,0,0,0,0,"KCC"
"17154",0,0,0,0,0,0,0,0,0,0,0,0,0,36.3,0,0,0,0,0,0,0,0,0,0,0,0,26,-5,"Alexander, Darius","DL",NA,"FantasySharks","Darius","Alexander","DT",0,0,0,0,0,0,0,0,0,0,0,0,0,0,0,0,0,0,0,0,0,0,0,0,0,0,0,0,0,0,0,0,0,0,0,0,0,0,0,0,0,0,0,0,0,0,0,0,0,0,18.1,19.1,3.2,2.1,0,0,0,0,"NYG"
"17155",0,0,0,0,0,0,0,0,0,0,0,0,0,24.3,0,0,0,0,0,0,0,0,0,0,0,0,24,-5,"Gillotte, Ashton","DL",NA,"FantasySharks","Ashton","Gillotte","DE",0,0,0,0,0,0,0,0,0,0,0,0,0,0,0,0,0,0,0,0,0,0,0,0,0,0,0,0,0,0,0,0,0,0,0,0,0,0,0,0,0,0,0,0,0,0,0,0,0,0,10.5,19.6,1.1,0.6,0.6,0,0,0,"KCC"
"17158",0,0,0,0,0,0,0,0,0,0,0,0,0,21.7,0,0,0,0,0,0,0,0,0,0,0,0,25,-5,"Broughton, Vernon","DL",NA,"FantasySharks","Vernon","Broughton","DT",0,0,0,0,0,0,0,0,0,0,0,0,0,0,0,0,0,0,0,0,0,0,0,0,0,0,0,0,0,0,0,0,0,0,0,0,0,0,0,0,0,0,0,0,0,0,0,0,0,0,10,15.4,0.7,2.6,0,0,0,0,"NOS"
"17160",0,0,0,0,0,0,0,0,0,0,0,0,0,20.3,0,0,0,0,0,0,0,0,0,0,0,0,24,-5,"Umanmielen, Princely","DL",NA,"FantasySharks","Princely","Umanmielen","DE",0,0,0,0,0,0,0,0,0,0,0,0,0,0,0,0,0,0,0,0,0,0,0,0,0,0,0,0,0,0,0,0,0,0,0,0,0,0,0,0,0,0,0,0,0,0,0,0,0,0,9.3,15.6,1,0,0,0.6,0.6,0,"CAR"
"17161",0,0,0,0,0,0,0,0,0,0,0,0,0,21.2,0,0,0,0,0,0,0,0,0,0,0,0,25,-5,"Burch, Jordan","DL",NA,"FantasySharks","Jordan","Burch","DE",0,0,0,0,0,0,0,0,0,0,0,0,0,0,0,0,0,0,0,0,0,0,0,0,0,0,0,0,0,0,0,0,0,0,0,0,0,0,0,0,0,0,0,0,0,0,0,0,0,0,10.7,15.6,0.5,1.7,0,0,0,0,"ARI"
"17165",0,0,0,0,0,0,0,0,0,0,0,0,0,33.6,0,0,0,0,0,0,0,0,0,0,0,0,26,-5,"Caldwell, Jamaree","DL",NA,"FantasySharks","Jamaree","Caldwell","DT",0,0,0,0,0,0,0,0,0,0,0,0,0,0,0,0,0,0,0,0,0,0,0,0,0,0,0,0,0,0,0,0,0,0,0,0,0,0,0,0,0,0,0,0,0,0,0,0,0,0,20,17.9,1.4,1.7,0,0,0,0,"LAC"
"17174",0,0,0,0,0,0,0,0,0,0,0,0,0,34,0,0,0,0,0,0,0,0,0,0,0,0,22,-5,"Walker, Deone","DL",NA,"FantasySharks","Deone","Walker","DT",0,0,0,0,0,0,0,0,0,0,0,0,0,0,0,0,0,0,0,0,0,0,0,0,0,0,0,0,0,0,0,0,0,0,0,0,0,0,0,0,0,0,0,0,0,0,0,0,0,0,14.7,20.3,1,5.4,0.9,0,0,0,"BUF"
"17176",0,0,0,0,0,0,0,0,0,0,0,0,0,24.1,0,0,0,0,0,0,0,0,0,0,0,0,25,-5,"Robinson, Ty","DL",NA,"FantasySharks","Ty","Robinson","DT",0,0,0,0,0,0,0,0,0,0,0,0,0,0,0,0,0,0,0,0,0,0,0,0,0,0,0,0,0,0,0,0,0,0,0,0,0,0,0,0,0,0,0,0,0,0,0,0,0,0,10.4,19.3,1.5,0.9,0,0.2,0,0,"PHI"
"17177",0,0,0,0,0,0,0,0,0,0,0,0,0,33.1,0,0,0,0,0,0,0,0,0,0,0,0,24,-5,"West, CJ","DL",NA,"FantasySharks","CJ","West","DT",0,0,0,0,0,0,0,0,0,0,0,0,0,0,0,0,0,0,0,0,0,0,0,0,0,0,0,0,0,0,0,0,0,0,0,0,0,0,0,0,0,0,0,0,0,0,0,0,0,0,19.5,17.8,1.6,1.5,0,0,0,0,"SFO"
"17182",0,0,0,0,0,0,0,0,0,0,0,0,0,19.8,0,0,0,0,0,0,0,0,0,0,0,0,24,-5,"Sorrell, Barryn","DL",NA,"FantasySharks","Barryn","Sorrell","DE",0,0,0,0,0,0,0,0,0,0,0,0,0,0,0,0,0,0,0,0,0,0,0,0,0,0,0,0,0,0,0,0,0,0,0,0,0,0,0,0,0,0,0,0,0,0,0,0,0,0,8.9,13.5,1.4,1.3,0,0,0,0,"GBP"
"17183",0,0,0,0,0,0,0,0,0,0,0,0,0,19.6,0,0,0,0,0,0,0,0,0,0,0,0,25,-5,"Kennard, Kyle","DL",NA,"FantasySharks","Kyle","Kennard","DE",0,0,0,0,0,0,0,0,0,0,0,0,0,0,0,0,0,0,0,0,0,0,0,0,0,0,0,0,0,0,0,0,0,0,0,0,0,0,0,0,0,0,0,0,0,0,0,0,0,0,12.1,13.7,0.2,0.3,0,0,0,0,"LAC"
"17191",0,0,0,0,0,0,0,0,0,0,0,0,0,15.5,0,0,0,0,0,0,0,0,0,0,0,0,23,-5,"Farmer, Joshua","DL",NA,"FantasySharks","Joshua","Farmer","DT",0,0,0,0,0,0,0,0,0,0,0,0,0,0,0,0,0,0,0,0,0,0,0,0,0,0,0,0,0,0,0,0,0,0,0,0,0,0,0,0,0,0,0,0,0,0,0,0,0,0,7.8,12.5,0,1.5,0,0,0,0,"NEP"
"17193",0,0,0,0,0,0,0,0,0,0,0,0,0,14,0,0,0,0,0,0,0,0,0,0,0,0,23,-5,"Ingram-Dawkins, Tyrion","DL",NA,"FantasySharks","Tyrion","Ingram-Dawkins","DT",0,0,0,0,0,0,0,0,0,0,0,0,0,0,0,0,0,0,0,0,0,0,0,0,0,0,0,0,0,0,0,0,0,0,0,0,0,0,0,0,0,0,0,0,0,0,0,0,0,0,6.8,11.2,0.5,0.7,0,0,0,0,"MIN"
"17196",0,0,0,0,0,0,0,0,0,0,0,0,0,20.9,0,0,0,0,0,0,0,0,0,0,0,0,22,-5,"Phillips, Jordan","DL",NA,"FantasySharks","Jordan","Phillips","DT",0,0,0,0,0,0,0,0,0,0,0,0,0,0,0,0,0,0,0,0,0,0,0,0,0,0,0,0,0,0,0,0,0,0,0,0,0,0,0,0,0,0,0,0,0,0,0,0,0,0,9.2,21.3,0.5,0,0,0,0,0,"MIA"
"17198",0,0,0,0,0,0,0,0,0,0,0,0,0,9.6,0,0,0,0,0,0,0,0,0,0,0,0,24,-5,"Swinson, Bradyn","DL",NA,"FantasySharks","Bradyn","Swinson","DE",0,0,0,0,0,0,0,0,0,0,0,0,0,0,0,0,0,0,0,0,0,0,0,0,0,0,0,0,0,0,0,0,0,0,0,0,0,0,0,0,0,0,0,0,0,0,0,0,0,0,4.3,10.6,0,0,0,0,0,0,"NEP"
"17199",0,0,0,0,0,0,0,0,0,0,0,0,0,11.8,0,0,0,0,0,0,0,0,0,0,0,0,24,-5,"Hamilton, Ty","DL",NA,"FantasySharks","Ty","Hamilton","DT",0,0,0,0,0,0,0,0,0,0,0,0,0,0,0,0,0,0,0,0,0,0,0,0,0,0,0,0,0,0,0,0,0,0,0,0,0,0,0,0,0,0,0,0,0,0,0,0,0,0,2.8,18,0,0,0,0,0,0,"LAR"
"17204",0,0,0,0,0,0,0,0,0,0,0,0,0,21,0,0,0,0,0,0,0,0,0,0,0,0,25,-5,"Roberts, Elijah","DL",NA,"FantasySharks","Elijah","Roberts","DT",0,0,0,0,0,0,0,0,0,0,0,0,0,0,0,0,0,0,0,0,0,0,0,0,0,0,0,0,0,0,0,0,0,0,0,0,0,0,0,0,0,0,0,0,0,0,0,0,0,0,11.9,9.4,0.9,2.1,0,0.3,0.3,0,"TBB"
"17216",0,0,0,0,0,0,0,0,0,0,0,0,0,16.1,0,0,0,0,0,0,0,0,0,0,0,0,25,-5,"Baron, Tyler","DL",NA,"FantasySharks","Tyler","Baron","DE",0,0,0,0,0,0,0,0,0,0,0,0,0,0,0,0,0,0,0,0,0,0,0,0,0,0,0,0,0,0,0,0,0,0,0,0,0,0,0,0,0,0,0,0,0,0,0,0,0,0,9.5,11.5,0.1,0.6,0,0,0,0,"NYJ"
"17225",0,0,0,0,0,0,0,0,0,0,0,0,0,17.4,0,0,0,0,0,0,0,0,0,0,0,0,24,-5,"McLeod, Jalen","DL",NA,"FantasySharks","Jalen","McLeod","DE",0,0,0,0,0,0,0,0,0,0,0,0,0,0,0,0,0,0,0,0,0,0,0,0,0,0,0,0,0,0,0,0,0,0,0,0,0,0,0,0,0,0,0,0,0,0,0,0,0,0,9.3,12.7,0.4,1,0,0,0,0,"JAC"
"17262",0,0,0,0,0,0,0,0,0,0,0,0,0,19.4,0,0,0,0,0,0,0,0,0,0,0,0,25,-5,"Diggs, Fadil","DL",NA,"FantasySharks","Fadil","Diggs","DE",0,0,0,0,0,0,0,0,0,0,0,0,0,0,0,0,0,0,0,0,0,0,0,0,0,0,0,0,0,0,0,0,0,0,0,0,0,0,0,0,0,0,0,0,0,0,0,0,0,0,10.3,17.5,0,0.4,0,0,0,0,"NOS"
"17330",0,0,0,0,0,0,0,0,0,0,0,0,0,20.7,0,0,0,0,0,0,0,0,0,0,0,0,24,-5,"Stackhouse, Nazir","DL",NA,"FantasySharks","Nazir","Stackhouse","DT",0,0,0,0,0,0,0,0,0,0,0,0,0,0,0,0,0,0,0,0,0,0,0,0,0,0,0,0,0,0,0,0,0,0,0,0,0,0,0,0,0,0,0,0,0,0,0,0,0,0,10.6,14.9,0.9,0.7,0,0,0,0,"GBP"
"17389",0,0,0,0,0,0,0,0,0,0,0,0,0,16.3,0,0,0,0,0,0,0,0,0,0,0,0,25,-4,"Okoye, CJ","DL",NA,"FantasySharks","CJ","Okoye","DT",0,0,0,0,0,0,0,0,0,0,0,0,0,0,0,0,0,0,0,0,0,0,0,0,0,0,0,0,0,0,0,0,0,0,0,0,0,0,0,0,0,0,0,0,0,0,0,0,0,0,7.9,12.8,0,2,0,0,0,0,"BAL"
"17397",0,0,0,0,0,0,0,0,0,0,0,0,0,19.3,0,0,0,0,0,0,0,0,0,0,0,0,24,-5,"Striggow, Danny","DL",NA,"FantasySharks","Danny","Striggow","DE",0,0,0,0,0,0,0,0,0,0,0,0,0,0,0,0,0,0,0,0,0,0,0,0,0,0,0,0,0,0,0,0,0,0,0,0,0,0,0,0,0,0,0,0,0,0,0,0,0,0,10,14.1,1,0.3,0,0,0,0,"JAC"
"17550",0,0,0,0,0,0,0,0,0,0,0,0,0,51.3,0,0,0,0,0,0,0,0,0,0,0,0,22,-6,"Bain Jr., Rueben","DL",NA,"FantasySharks","Rueben","Bain Jr.","DE",0,0,0,0,0,0,0,0,0,0,0,0,0,0,0,0,0,0,0,0,0,0,0,0,0,0,0,0,0,0,0,0,0,0,0,0,0,0,0,0,0,0,0,0,0,0,0,0,0,0,32.2,14,5.6,1,0,0,0,0,"TBB"
"17551",0,0,0,0,0,0,0,0,0,0,0,0,0,48.1,0,0,0,0,0,0,0,0,0,0,0,0,23,-6,"Bailey, David","DL",NA,"FantasySharks","David","Bailey","DE",0,0,0,0,0,0,0,0,0,0,0,0,0,0,0,0,0,0,0,0,0,0,0,0,0,0,0,0,0,0,0,0,0,0,0,0,0,0,0,0,0,0,0,0,0,0,0,0,0,0,25.2,22.4,5,1,0,0.7,0,0,"NYJ"
"17552",0,0,0,0,0,0,0,0,0,0,0,0,0,14.1,0,0,0,0,0,0,0,0,0,0,0,0,23,-6,"Howell, Cashius","DL",NA,"FantasySharks","Cashius","Howell","DE",0,0,0,0,0,0,0,0,0,0,0,0,0,0,0,0,0,0,0,0,0,0,0,0,0,0,0,0,0,0,0,0,0,0,0,0,0,0,0,0,0,0,0,0,0,0,0,0,0,0,3.7,18.2,0,1.4,0,0,0,0,"CIN"
"17553",0,0,0,0,0,0,0,0,0,0,0,0,0,13.3,0,0,0,0,0,0,0,0,0,0,0,0,22,-6,"Faulk, Keldric","DL",NA,"FantasySharks","Keldric","Faulk","DE",0,0,0,0,0,0,0,0,0,0,0,0,0,0,0,0,0,0,0,0,0,0,0,0,0,0,0,0,0,0,0,0,0,0,0,0,0,0,0,0,0,0,0,0,0,0,0,0,0,0,5.6,12,0,1.2,0,0.6,0,0,"TEN"
"17554",0,0,0,0,0,0,0,0,0,0,0,0,0,10.4,0,0,0,0,0,0,0,0,0,0,0,0,22,-6,"Parker, T.J.","DL",NA,"FantasySharks","T.J.","Parker","DE",0,0,0,0,0,0,0,0,0,0,0,0,0,0,0,0,0,0,0,0,0,0,0,0,0,0,0,0,0,0,0,0,0,0,0,0,0,0,0,0,0,0,0,0,0,0,0,0,0,0,4.5,10.9,0.2,0,0,0,0,0,"BUF"
"17568",0,0,0,0,0,0,0,0,0,0,0,0,0,14.6,0,0,0,0,0,0,0,0,0,0,0,0,25,-6,"Mesidor, Akheem","DL",NA,"FantasySharks","Akheem","Mesidor","DE",0,0,0,0,0,0,0,0,0,0,0,0,0,0,0,0,0,0,0,0,0,0,0,0,0,0,0,0,0,0,0,0,0,0,0,0,0,0,0,0,0,0,0,0,0,0,0,0,0,0,7.6,11.5,0.3,0,0,0.6,0,0,"LAC"
"17569",0,0,0,0,0,0,0,0,0,0,0,0,0,9.9,0,0,0,0,0,0,0,0,0,0,0,0,21,-6,"McDonald, Kayden","DL",NA,"FantasySharks","Kayden","McDonald","DT",0,0,0,0,0,0,0,0,0,0,0,0,0,0,0,0,0,0,0,0,0,0,0,0,0,0,0,0,0,0,0,0,0,0,0,0,0,0,0,0,0,0,0,0,0,0,0,0,0,0,2.7,9.6,0.8,0.9,0,0,0,0,"HOU"
"17579",0,0,0,0,0,0,0,0,0,0,0,0,0,22.1,0,0,0,0,0,0,0,0,0,0,0,0,23,-6,"Banks, Caleb","DL",NA,"FantasySharks","Caleb","Banks","DT",0,0,0,0,0,0,0,0,0,0,0,0,0,0,0,0,0,0,0,0,0,0,0,0,0,0,0,0,0,0,0,0,0,0,0,0,0,0,0,0,0,0,0,0,0,0,0,0,0,0,11.7,16.1,0,2.3,0,0,0,0,"MIN"
"17580",0,0,0,0,0,0,0,0,0,0,0,0,0,13.4,0,0,0,0,0,0,0,0,0,0,0,0,23,-6,"Lawrence, Malachi","DL",NA,"FantasySharks","Malachi","Lawrence","DE",0,0,0,0,0,0,0,0,0,0,0,0,0,0,0,0,0,0,0,0,0,0,0,0,0,0,0,0,0,0,0,0,0,0,0,0,0,0,0,0,0,0,0,0,0,0,0,0,0,0,6.5,11.5,0.4,0.4,0,0,0,0,"DAL"
"17583",0,0,0,0,0,0,0,0,0,0,0,0,0,15.1,0,0,0,0,0,0,0,0,0,0,0,0,22,-6,"Thomas, R Mason","DL",NA,"FantasySharks","R Mason","Thomas","DE",0,0,0,0,0,0,0,0,0,0,0,0,0,0,0,0,0,0,0,0,0,0,0,0,0,0,0,0,0,0,0,0,0,0,0,0,0,0,0,0,0,0,0,0,0,0,0,0,0,0,6.8,15.2,0.4,0,0,0,0,0,"KCC"
"17584",0,0,0,0,0,0,0,0,0,0,0,0,0,9.4,0,0,0,0,0,0,0,0,0,0,0,0,22,-6,"Jacas, Gabe","DL",NA,"FantasySharks","Gabe","Jacas","DE",0,0,0,0,0,0,0,0,0,0,0,0,0,0,0,0,0,0,0,0,0,0,0,0,0,0,0,0,0,0,0,0,0,0,0,0,0,0,0,0,0,0,0,0,0,0,0,0,0,0,3.6,11.6,0,0,0,0,0,0,"NEP"
"17587",0,0,0,0,0,0,0,0,0,0,0,0,0,12.9,0,0,0,0,0,0,0,0,0,0,0,0,24,-6,"Moore, Derrick","DL",NA,"FantasySharks","Derrick","Moore","DE",0,0,0,0,0,0,0,0,0,0,0,0,0,0,0,0,0,0,0,0,0,0,0,0,0,0,0,0,0,0,0,0,0,0,0,0,0,0,0,0,0,0,0,0,0,0,0,0,0,0,4,11.6,0.3,2.5,0,0,0,0,"DET"
"17588",0,0,0,0,0,0,0,0,0,0,0,0,0,7.2,0,0,0,0,0,0,0,0,0,0,0,0,22,-6,"Young, Zion","DL",NA,"FantasySharks","Zion","Young","DE",0,0,0,0,0,0,0,0,0,0,0,0,0,0,0,0,0,0,0,0,0,0,0,0,0,0,0,0,0,0,0,0,0,0,0,0,0,0,0,0,0,0,0,0,0,0,0,0,0,0,2.6,6.6,0,1.3,0,0,0,0,"BAL"
"17596",0,0,0,0,0,0,0,0,0,0,0,0,0,9,0,0,0,0,0,0,0,0,0,0,0,0,23,-6,"Crawford, Keyron","DL",NA,"FantasySharks","Keyron","Crawford","DE",0,0,0,0,0,0,0,0,0,0,0,0,0,0,0,0,0,0,0,0,0,0,0,0,0,0,0,0,0,0,0,0,0,0,0,0,0,0,0,0,0,0,0,0,0,0,0,0,0,0,5.2,7.6,0,0,0,0,0,0,"LVR"
"17602",0,0,0,0,0,0,0,0,0,0,0,0,0,10.2,0,0,0,0,0,0,0,0,0,0,0,0,23,-6,"Regis, Albert","DL",NA,"FantasySharks","Albert","Regis","DT",0,0,0,0,0,0,0,0,0,0,0,0,0,0,0,0,0,0,0,0,0,0,0,0,0,0,0,0,0,0,0,0,0,0,0,0,0,0,0,0,0,0,0,0,0,0,0,0,0,0,5.5,9.3,0,0,0,0,0,0,"JAC"
"17611",0,0,0,0,0,0,0,0,0,0,0,0,0,18.8,0,0,0,0,0,0,0,0,0,0,0,0,23,-6,"Jackson, Darrell","DL",NA,"FantasySharks","Darrell","Jackson","DT",0,0,0,0,0,0,0,0,0,0,0,0,0,0,0,0,0,0,0,0,0,0,0,0,0,0,0,0,0,0,0,0,0,0,0,0,0,0,0,0,0,0,0,0,0,0,0,0,0,0,9.4,14.3,0.4,1.5,0,0,0,0,"NYJ"
"17618",0,0,0,0,0,0,0,0,0,0,0,0,0,12.7,0,0,0,0,0,0,0,0,0,0,0,0,22,-6,"Williams, Wesley","DL",NA,"FantasySharks","Wesley","Williams","DE",0,0,0,0,0,0,0,0,0,0,0,0,0,0,0,0,0,0,0,0,0,0,0,0,0,0,0,0,0,0,0,0,0,0,0,0,0,0,0,0,0,0,0,0,0,0,0,0,0,0,5,12.7,0.3,0.8,0,0,0,0,"JAC"
"17619",0,0,0,0,0,0,0,0,0,0,0,0,0,10.7,0,0,0,0,0,0,0,0,0,0,0,0,23,-6,"Dennis-Sutton, Dani","DL",NA,"FantasySharks","Dani","Dennis-Sutton","DE",0,0,0,0,0,0,0,0,0,0,0,0,0,0,0,0,0,0,0,0,0,0,0,0,0,0,0,0,0,0,0,0,0,0,0,0,0,0,0,0,0,0,0,0,0,0,0,0,0,0,4.5,10.4,0,0.6,0,0.5,0,0,"GBP"
"17633",0,0,0,0,0,0,0,0,0,0,0,0,0,11.6,0,0,0,0,0,0,0,0,0,0,0,0,0,-6,"Josephs, Joshua","DL",NA,"FantasySharks","Joshua","Josephs","DE",0,0,0,0,0,0,0,0,0,0,0,0,0,0,0,0,0,0,0,0,0,0,0,0,0,0,0,0,0,0,0,0,0,0,0,0,0,0,0,0,0,0,0,0,0,0,0,0,0,0,5.6,11.6,0.1,0,0,0,0,0,"WAS"
"9051",0,0,0,0,0,0,0,0,0,0,0,0,0,27.8,0,0,0,0,0,0,0,0,0,0,0,0,40,12,"Campbell, Calais","DL",NA,"FantasySharks","Calais","Campbell","DT",0,0,0,0,0,0,0,0,0,0,0,0,0,0,0,0,0,0,0,0,0,0,0,0,0,0,0,0,0,0,0,0,0,0,0,0,0,0,0,0,0,0,0,0,0,0,0,0,0,0,12.6,15.1,3.1,1.4,0,0,0,0,"BAL"
"10816",0,0,0,0,0,0,0,0,0,0,0,0,0,73,0,0,0,0,0,0,0,0,0,0,0,0,37,8,"Davis, Demario","LB",NA,"FantasySharks","Demario","Davis","LB",0,0,0,0,0,0,0,0,0,0,0,0,0,0,0,0,0,0,0,0,0,0,0,0,0,0,0,0,0,0,0,0,0,0,0,0,0,0,0,0,0,0,0,0,0,0,0,0,0,0,40.6,54.6,1,3.4,0,0.4,0.4,0,"NYJ"
"12231",0,0,0,0,0,0,0,0,0,0,0,0,0,1.1,0,0,0,0,0,0,0,0,0,0,0,0,32,5,"Thompson, Shaq","LB",NA,"FantasySharks","Shaq","Thompson","LB",0,0,0,0,0,0,0,0,0,0,0,0,0,0,0,0,0,0,0,0,0,0,0,0,0,0,0,0,0,0,0,0,0,0,0,0,0,0,0,0,0,0,0,0,0,0,0,0,0,0,0.9,0.4,0,0,0,0,0,0,"BUF"
"12238",0,0,0,0,0,0,0,0,0,0,0,0,0,58.4,0,0,0,0,0,0,0,0,0,0,0,0,34,5,"Perryman, Denzel","LB",NA,"FantasySharks","Denzel","Perryman","LB",0,0,0,0,0,0,0,0,0,0,0,0,0,0,0,0,0,0,0,0,0,0,0,0,0,0,0,0,0,0,0,0,0,0,0,0,0,0,0,0,0,0,0,0,0,0,0,0,0,0,39.7,32.3,0.2,2.3,0,0,0,0,"LAC"
"13216",0,0,0,0,0,0,0,0,0,0,0,0,0,4.7,0,0,0,0,0,0,0,0,0,0,0,0,32,3,"Cunningham, Zach","LB",NA,"FantasySharks","Zach","Cunningham","LB",0,0,0,0,0,0,0,0,0,0,0,0,0,0,0,0,0,0,0,0,0,0,0,0,0,0,0,0,0,0,0,0,0,0,0,0,0,0,0,0,0,0,0,0,0,0,0,0,0,0,3.4,1.8,0,0,0,0.4,0,0,"DET"
"13268",0,0,0,0,0,0,0,0,0,0,0,0,0,64.8,0,0,0,0,0,0,0,0,0,0,0,0,32,3,"Anzalone, Alex","LB",NA,"FantasySharks","Alex","Anzalone","LB",0,0,0,0,0,0,0,0,0,0,0,0,0,0,0,0,0,0,0,0,0,0,0,0,0,0,0,0,0,0,0,0,0,0,0,0,0,0,0,0,0,0,0,0,0,0,0,0,0,0,39.2,31.1,2.9,6,0.4,0.3,0,0,"TBB"
"13447",0,0,0,0,0,0,0,0,0,0,0,0,0,84,0,0,0,0,0,0,0,0,0,0,0,0,32,3,"Wilson, Eric","LB",NA,"FantasySharks","Eric","Wilson","LB",0,0,0,0,0,0,0,0,0,0,0,0,0,0,0,0,0,0,0,0,0,0,0,0,0,0,0,0,0,0,0,0,0,0,0,0,0,0,0,0,0,0,0,0,0,0,0,0,0,0,49.5,51.8,5,0,0,3.5,0,0,"MIN"
"13696",0,0,0,0,0,0,0,0,0,0,0,0,0,118.1,0,0,0,0,0,0,0,0,0,0,0,0,29,2,"Smith, Roquan","LB",NA,"FantasySharks","Roquan","Smith","LB",0,0,0,0,0,0,0,0,0,0,0,0,0,0,0,0,0,0,0,0,0,0,0,0,0,0,0,0,0,0,0,0,0,0,0,0,0,0,0,0,0,0,0,0,0,0,0,0,0,0,81.3,66.4,0.8,2.5,0,0.2,0.2,0.5,"BAL"
"13697",0,0,0,0,0,0,0,0,0,0,0,0,0,113.3,0,0,0,0,0,0,0,0,0,0,0,0,28,2,"Edmunds, Tremaine","LB",NA,"FantasySharks","Tremaine","Edmunds","LB",0,0,0,0,0,0,0,0,0,0,0,0,0,0,0,0,0,0,0,0,0,0,0,0,0,0,0,0,0,0,0,0,0,0,0,0,0,0,0,0,0,0,0,0,0,0,0,0,0,0,73.5,51.6,1.5,6.7,2.9,0,0,0,"NYG"
"13743",0,0,0,0,0,0,0,0,0,0,0,0,0,95.9,0,0,0,0,0,0,0,0,0,0,0,0,30,2,"Warner, Fred","LB",NA,"FantasySharks","Fred","Warner","LB",0,0,0,0,0,0,0,0,0,0,0,0,0,0,0,0,0,0,0,0,0,0,0,0,0,0,0,0,0,0,0,0,0,0,0,0,0,0,0,0,0,0,0,0,0,0,0,0,0,0,63.3,50.3,0.4,5,0,1.6,0.5,0,"SFO"
"13750",0,0,0,0,0,0,0,0,0,0,0,0,0,25.4,0,0,0,0,0,0,0,0,0,0,0,0,31,2,"Burks, Oren","LB",NA,"FantasySharks","Oren","Burks","LB",0,0,0,0,0,0,0,0,0,0,0,0,0,0,0,0,0,0,0,0,0,0,0,0,0,0,0,0,0,0,0,0,0,0,0,0,0,0,0,0,0,0,0,0,0,0,0,0,0,0,11.6,21.4,0,1.2,0,1,1,0,"CIN"
"13813",0,0,0,0,0,0,0,0,0,0,0,0,0,119.4,0,0,0,0,0,0,0,0,0,0,0,0,31,2,"Oluokun, Foyesade","LB",NA,"FantasySharks","Foyesade","Oluokun","LB",0,0,0,0,0,0,0,0,0,0,0,0,0,0,0,0,0,0,0,0,0,0,0,0,0,0,0,0,0,0,0,0,0,0,0,0,0,0,0,0,0,0,0,0,0,0,0,0,0,0,73,69.7,0.7,8.2,0.7,0.8,0.5,0,"JAC"
"13837",0,0,0,0,0,0,0,0,0,0,0,0,0,117.3,0,0,0,0,0,0,0,0,0,0,0,0,30,2,"Franklin, Zaire","LB",NA,"FantasySharks","Zaire","Franklin","LB",0,0,0,0,0,0,0,0,0,0,0,0,0,0,0,0,0,0,0,0,0,0,0,0,0,0,0,0,0,0,0,0,0,0,0,0,0,0,0,0,0,0,0,0,0,0,0,0,0,0,71.4,71.8,2.8,5.9,0.3,0.3,0.3,0,"GBP"
"13952",0,0,0,0,0,0,0,0,0,0,0,0,0,60.1,0,0,0,0,0,0,0,0,0,0,0,0,30,2,"Luvu, Frankie","LB",NA,"FantasySharks","Frankie","Luvu","LB",0,0,0,0,0,0,0,0,0,0,0,0,0,0,0,0,0,0,0,0,0,0,0,0,0,0,0,0,0,0,0,0,0,0,0,0,0,0,0,0,0,0,0,0,0,0,0,0,0,0,34.3,35.6,2.5,4.3,0,1.3,0,0,"WAS"
"13987",0,0,0,0,0,0,0,0,0,0,0,0,0,79.4,0,0,0,0,0,0,0,0,0,0,0,0,31,2,"Spillane, Robert","LB",NA,"FantasySharks","Robert","Spillane","LB",0,0,0,0,0,0,0,0,0,0,0,0,0,0,0,0,0,0,0,0,0,0,0,0,0,0,0,0,0,0,0,0,0,0,0,0,0,0,0,0,0,0,0,0,0,0,0,0,0,0,41.5,57.6,0,5.9,0.8,1.4,0.3,0,"NEP"
"14169",0,0,0,0,0,0,0,0,0,0,0,0,0,90.8,0,0,0,0,0,0,0,0,0,0,0,0,28,1,"Wilson, Mack","LB",NA,"FantasySharks","Mack","Wilson","LB",0,0,0,0,0,0,0,0,0,0,0,0,0,0,0,0,0,0,0,0,0,0,0,0,0,0,0,0,0,0,0,0,0,0,0,0,0,0,0,0,0,0,0,0,0,0,0,0,0,0,53.2,55.5,1.9,5.8,0.7,0.7,0.2,0,"ARI"
"14170",0,0,0,0,0,0,0,0,0,0,0,0,0,82.1,0,0,0,0,0,0,0,0,0,0,0,0,28,1,"Bush, Devin","LB",NA,"FantasySharks","Devin","Bush","LB",0,0,0,0,0,0,0,0,0,0,0,0,0,0,0,0,0,0,0,0,0,0,0,0,0,0,0,0,0,0,0,0,0,0,0,0,0,0,0,0,0,0,0,0,0,0,0,0,0,0,45.1,47.5,1.4,5.3,2.1,1.7,0.7,1.2,"CHI"
"14217",0,0,0,0,0,0,0,0,0,0,0,0,0,81.3,0,0,0,0,0,0,0,0,0,0,0,0,30,1,"Barton, Cody","LB",NA,"FantasySharks","Cody","Barton","LB",0,0,0,0,0,0,0,0,0,0,0,0,0,0,0,0,0,0,0,0,0,0,0,0,0,0,0,0,0,0,0,0,0,0,0,0,0,0,0,0,0,0,0,0,0,0,0,0,0,0,41.8,43.1,1.3,10.8,2.9,0.2,0,0.7,"TEN"
"14221",0,0,0,0,0,0,0,0,0,0,0,0,0,73.9,0,0,0,0,0,0,0,0,0,0,0,0,30,1,"Williams, Quincy","LB",NA,"FantasySharks","Quincy","Williams","LB",0,0,0,0,0,0,0,0,0,0,0,0,0,0,0,0,0,0,0,0,0,0,0,0,0,0,0,0,0,0,0,0,0,0,0,0,0,0,0,0,0,0,0,0,0,0,0,0,0,0,44.1,41.3,2.4,5.7,0,0.7,0.4,0,"CLE"
"14235",0,0,0,0,0,0,0,0,0,0,0,0,0,83.5,0,0,0,0,0,0,0,0,0,0,0,0,31,1,"Tranquill, Drue","LB",NA,"FantasySharks","Drue","Tranquill","LB",0,0,0,0,0,0,0,0,0,0,0,0,0,0,0,0,0,0,0,0,0,0,0,0,0,0,0,0,0,0,0,0,0,0,0,0,0,0,0,0,0,0,0,0,0,0,0,0,0,0,54,47.1,2.2,1.3,0,1.2,1.2,0,"KCC"
"14247",0,0,0,0,0,0,0,0,0,0,0,0,0,63.7,0,0,0,0,0,0,0,0,0,0,0,0,29,1,"Greenlaw, Dre","LB",NA,"FantasySharks","Dre","Greenlaw","LB",0,0,0,0,0,0,0,0,0,0,0,0,0,0,0,0,0,0,0,0,0,0,0,0,0,0,0,0,0,0,0,0,0,0,0,0,0,0,0,0,0,0,0,0,0,0,0,0,0,0,42.6,31.6,0,3.3,0.8,0.3,0,0.8,"SFO"
"14251",0,0,0,0,0,0,0,0,0,0,0,0,0,128.4,0,0,0,0,0,0,0,0,0,0,0,0,30,1,"Cashman, Blake","LB",NA,"FantasySharks","Blake","Cashman","LB",0,0,0,0,0,0,0,0,0,0,0,0,0,0,0,0,0,0,0,0,0,0,0,0,0,0,0,0,0,0,0,0,0,0,0,0,0,0,0,0,0,0,0,0,0,0,0,0,0,0,77.4,85.7,3.3,3.2,0.2,0.7,0.6,0,"MIN"
"14257",0,0,0,0,0,0,0,0,0,0,0,0,0,26.7,0,0,0,0,0,0,0,0,0,0,0,0,31,1,"Speed, E.J.","LB",NA,"FantasySharks","E.J.","Speed","LB",0,0,0,0,0,0,0,0,0,0,0,0,0,0,0,0,0,0,0,0,0,0,0,0,0,0,0,0,0,0,0,0,0,0,0,0,0,0,0,0,0,0,0,0,0,0,0,0,0,0,16.3,18.4,0,1.2,0,0,0,0,"HOU"
"14260",0,0,0,0,0,0,0,0,0,0,0,0,0,24.8,0,0,0,0,0,0,0,0,0,0,0,0,30,1,"Holcomb, Cole","LB",NA,"FantasySharks","Cole","Holcomb","LB",0,0,0,0,0,0,0,0,0,0,0,0,0,0,0,0,0,0,0,0,0,0,0,0,0,0,0,0,0,0,0,0,0,0,0,0,0,0,0,0,0,0,0,0,0,0,0,0,0,0,17.6,12.4,0,0,0,1,0,0,"PIT"
"14303",0,0,0,0,0,0,0,0,0,0,0,0,0,79.5,0,0,0,0,0,0,0,0,0,0,0,0,31,1,"Elliss, Kaden","LB",NA,"FantasySharks","Kaden","Elliss","LB",0,0,0,0,0,0,0,0,0,0,0,0,0,0,0,0,0,0,0,0,0,0,0,0,0,0,0,0,0,0,0,0,0,0,0,0,0,0,0,0,0,0,0,0,0,0,0,0,0,0,48.3,44.9,2.3,4.2,0.6,0.6,0.6,0,"NOS"
"14322",0,0,0,0,0,0,0,0,0,0,0,0,0,65.9,0,0,0,0,0,0,0,0,0,0,0,0,30,1,"Edwards, T.J.","LB",NA,"FantasySharks","T.J.","Edwards","LB",0,0,0,0,0,0,0,0,0,0,0,0,0,0,0,0,0,0,0,0,0,0,0,0,0,0,0,0,0,0,0,0,0,0,0,0,0,0,0,0,0,0,0,0,0,0,0,0,0,0,42.1,31,1.5,4.4,0.9,0.3,0.3,0.6,"CHI"
"14412",0,0,0,0,0,0,0,0,0,0,0,0,0,106.9,0,0,0,0,0,0,0,0,0,0,0,0,33,5,"Singleton, Alex","LB",NA,"FantasySharks","Alex","Singleton","LB",0,0,0,0,0,0,0,0,0,0,0,0,0,0,0,0,0,0,0,0,0,0,0,0,0,0,0,0,0,0,0,0,0,0,0,0,0,0,0,0,0,0,0,0,0,0,0,0,0,0,60.3,77.6,1.1,4.1,0.4,1.7,0.2,0.2,"DEN"
"14467",0,0,0,0,0,0,0,0,0,0,0,0,0,1.5,0,0,0,0,0,0,0,0,0,0,0,0,30,1,"Phillips, Del'Shawn","LB",NA,"FantasySharks","Del'Shawn","Phillips","LB",0,0,0,0,0,0,0,0,0,0,0,0,0,0,0,0,0,0,0,0,0,0,0,0,0,0,0,0,0,0,0,0,0,0,0,0,0,0,0,0,0,0,0,0,0,0,0,0,0,0,0.7,1.4,0,0,0,0,0,0,"LAC"
"14472",0,0,0,0,0,0,0,0,0,0,0,0,0,95,0,0,0,0,0,0,0,0,0,0,0,0,28,1,"Dodson, Tyrel","LB",NA,"FantasySharks","Tyrel","Dodson","LB",0,0,0,0,0,0,0,0,0,0,0,0,0,0,0,0,0,0,0,0,0,0,0,0,0,0,0,0,0,0,0,0,0,0,0,0,0,0,0,0,0,0,0,0,0,0,0,0,0,0,59.6,54.7,3.3,2.3,0.4,0.7,0.7,0,"MIA"
"14495",0,0,0,0,0,0,0,0,0,0,0,0,0,17.5,0,0,0,0,0,0,0,0,0,0,0,0,31,1,"Gifford, Luke","LB",NA,"FantasySharks","Luke","Gifford","LB",0,0,0,0,0,0,0,0,0,0,0,0,0,0,0,0,0,0,0,0,0,0,0,0,0,0,0,0,0,0,0,0,0,0,0,0,0,0,0,0,0,0,0,0,0,0,0,0,0,0,8.8,15.3,0,1.1,0,0,0,0,"SFO"
"14590",0,0,0,0,0,0,0,0,0,0,0,0,0,73,0,0,0,0,0,0,0,0,0,0,0,0,29,1,"Al-Shaair, Azeez","LB",NA,"FantasySharks","Azeez","Al-Shaair","LB",0,0,0,0,0,0,0,0,0,0,0,0,0,0,0,0,0,0,0,0,0,0,0,0,0,0,0,0,0,0,0,0,0,0,0,0,0,0,0,0,0,0,0,0,0,0,0,0,0,0,40.4,46.3,0.5,4,1.3,1.2,1.2,0,"HOU"
"14737",0,0,0,0,0,0,0,0,0,0,0,0,0,12.6,0,0,0,0,0,0,0,0,0,0,0,0,29,1,"Giles-Harris, Joe","LB",NA,"FantasySharks","Joe","Giles-Harris","LB",0,0,0,0,0,0,0,0,0,0,0,0,0,0,0,0,0,0,0,0,0,0,0,0,0,0,0,0,0,0,0,0,0,0,0,0,0,0,0,0,0,0,0,0,0,0,0,0,0,0,6.3,8.1,0,2.2,0,0,0,0,"CIN"
"14891",0,0,0,0,0,0,0,0,0,0,0,0,0,28.1,0,0,0,0,0,0,0,0,0,0,0,0,28,0,"Harrison, Malik","LB",NA,"FantasySharks","Malik","Harrison","LB",0,0,0,0,0,0,0,0,0,0,0,0,0,0,0,0,0,0,0,0,0,0,0,0,0,0,0,0,0,0,0,0,0,0,0,0,0,0,0,0,0,0,0,0,0,0,0,0,0,0,20.1,15.9,0,0,0,0,0,0,"PIT"
"14892",0,0,0,0,0,0,0,0,0,0,0,0,0,132.1,0,0,0,0,0,0,0,0,0,0,0,0,29,0,"Brooks, Jordyn","LB",NA,"FantasySharks","Jordyn","Brooks","LB",0,0,0,0,0,0,0,0,0,0,0,0,0,0,0,0,0,0,0,0,0,0,0,0,0,0,0,0,0,0,0,0,0,0,0,0,0,0,0,0,0,0,0,0,0,0,0,0,0,0,84.7,74.3,3.2,4.6,0.2,1.1,0.8,0,"MIA"
"14893",0,0,0,0,0,0,0,0,0,0,0,0,0,93.7,0,0,0,0,0,0,0,0,0,0,0,0,30,0,"Baun, Zack","LB",NA,"FantasySharks","Zack","Baun","LB",0,0,0,0,0,0,0,0,0,0,0,0,0,0,0,0,0,0,0,0,0,0,0,0,0,0,0,0,0,0,0,0,0,0,0,0,0,0,0,0,0,0,0,0,0,0,0,0,0,0,55,48.3,1.7,5.9,2,1.5,1.4,0,"PHI"
"14896",0,0,0,0,0,0,0,0,0,0,0,0,0,101.5,0,0,0,0,0,0,0,0,0,0,0,0,27,0,"Queen, Patrick","LB",NA,"FantasySharks","Patrick","Queen","LB",0,0,0,0,0,0,0,0,0,0,0,0,0,0,0,0,0,0,0,0,0,0,0,0,0,0,0,0,0,0,0,0,0,0,0,0,0,0,0,0,0,0,0,0,0,0,0,0,0,0,62.4,63.7,0.6,4.1,0,1.4,1.1,0,"PIT"
"14926",0,0,0,0,0,0,0,0,0,0,0,0,0,21.9,0,0,0,0,0,0,0,0,0,0,0,0,28,0,"Gay, Willie","LB",NA,"FantasySharks","Willie","Gay","LB",0,0,0,0,0,0,0,0,0,0,0,0,0,0,0,0,0,0,0,0,0,0,0,0,0,0,0,0,0,0,0,0,0,0,0,0,0,0,0,0,0,0,0,0,0,0,0,0,0,0,9.2,17.5,1.9,2,0,0,0,0,"MIA"
"14943",0,0,0,0,0,0,0,0,0,0,0,0,0,62.3,0,0,0,0,0,0,0,0,0,0,0,0,29,0,"Davis-Gaither, Akeem","LB",NA,"FantasySharks","Akeem","Davis-Gaither","LB",0,0,0,0,0,0,0,0,0,0,0,0,0,0,0,0,0,0,0,0,0,0,0,0,0,0,0,0,0,0,0,0,0,0,0,0,0,0,0,0,0,0,0,0,0,0,0,0,0,0,31.8,47.1,0.4,3.7,0.8,0.7,0.6,0,"IND"
"14948",0,0,0,0,0,0,0,0,0,0,0,0,0,12.3,0,0,0,0,0,0,0,0,0,0,0,0,29,0,"Walker, Mykal","LB",NA,"FantasySharks","Mykal","Walker","LB",0,0,0,0,0,0,0,0,0,0,0,0,0,0,0,0,0,0,0,0,0,0,0,0,0,0,0,0,0,0,0,0,0,0,0,0,0,0,0,0,0,0,0,0,0,0,0,0,0,0,4.7,12.7,0,1.2,0,0,0,0,"NYJ"
"14953",0,0,0,0,0,0,0,0,0,0,0,0,0,36.4,0,0,0,0,0,0,0,0,0,0,0,0,30,0,"Dye, Troy","LB",NA,"FantasySharks","Troy","Dye","LB",0,0,0,0,0,0,0,0,0,0,0,0,0,0,0,0,0,0,0,0,0,0,0,0,0,0,0,0,0,0,0,0,0,0,0,0,0,0,0,0,0,0,0,0,0,0,0,0,0,0,22.5,20.7,0.8,2.7,0,0,0,0,"LAC"
"14979",0,0,0,0,0,0,0,0,0,0,0,0,0,47.2,0,0,0,0,0,0,0,0,0,0,0,0,30,0,"Strnad, Justin","LB",NA,"FantasySharks","Justin","Strnad","LB",0,0,0,0,0,0,0,0,0,0,0,0,0,0,0,0,0,0,0,0,0,0,0,0,0,0,0,0,0,0,0,0,0,0,0,0,0,0,0,0,0,0,0,0,0,0,0,0,0,0,25.3,30.8,2.1,2.7,0.8,0,0,0,"DEN"
"15076",0,0,0,0,0,0,0,0,0,0,0,0,0,110.8,0,0,0,0,0,0,0,0,0,0,0,0,29,0,"Rozeboom, Christian","LB",NA,"FantasySharks","Christian","Rozeboom","LB",0,0,0,0,0,0,0,0,0,0,0,0,0,0,0,0,0,0,0,0,0,0,0,0,0,0,0,0,0,0,0,0,0,0,0,0,0,0,0,0,0,0,0,0,0,0,0,0,0,0,68.8,60.2,3.1,4.1,1.7,0.6,0.6,0,"TBB"
"15194",0,0,0,0,0,0,0,0,0,0,0,0,0,65.9,0,0,0,0,0,0,0,0,0,0,0,0,29,0,"Christiansen, Cole","LB",NA,"FantasySharks","Cole","Christiansen","LB",0,0,0,0,0,0,0,0,0,0,0,0,0,0,0,0,0,0,0,0,0,0,0,0,0,0,0,0,0,0,0,0,0,0,0,0,0,0,0,0,0,0,0,0,0,0,0,0,0,0,39,39.9,2.1,1.8,0.4,1.4,1,0,"KCC"
"15351",0,0,0,0,0,0,0,0,0,0,0,0,0,62.5,0,0,0,0,0,0,0,0,0,0,0,0,27,-1,"Owusu-Koramoah, Jeremiah","LB",NA,"FantasySharks","Jeremiah","Owusu-Koramoah","LB",0,0,0,0,0,0,0,0,0,0,0,0,0,0,0,0,0,0,0,0,0,0,0,0,0,0,0,0,0,0,0,0,0,0,0,0,0,0,0,0,0,0,0,0,0,0,0,0,0,0,35.6,36.8,2.4,2.4,1.2,1.3,0,0.3,"CLE"
"15355",0,0,0,0,0,0,0,0,0,0,0,0,0,117.1,0,0,0,0,0,0,0,0,0,0,0,0,26,-1,"Bolton, Nick","LB",NA,"FantasySharks","Nick","Bolton","LB",0,0,0,0,0,0,0,0,0,0,0,0,0,0,0,0,0,0,0,0,0,0,0,0,0,0,0,0,0,0,0,0,0,0,0,0,0,0,0,0,0,0,0,0,0,0,0,0,0,0,72.9,64.5,2.2,5.8,1,0.9,0.9,0,"KCC"
"15387",0,0,0,0,0,0,0,0,0,0,0,0,0,72.4,0,0,0,0,0,0,0,0,0,0,0,0,27,-1,"Werner, Pete","LB",NA,"FantasySharks","Pete","Werner","LB",0,0,0,0,0,0,0,0,0,0,0,0,0,0,0,0,0,0,0,0,0,0,0,0,0,0,0,0,0,0,0,0,0,0,0,0,0,0,0,0,0,0,0,0,0,0,0,0,0,0,51.6,31.7,1.1,3.8,0,0,0,0,"NOS"
"15396",0,0,0,0,0,0,0,0,0,0,0,0,0,71.5,0,0,0,0,0,0,0,0,0,0,0,0,28,-1,"Deablo, Divine","LB",NA,"FantasySharks","Divine","Deablo","LB",0,0,0,0,0,0,0,0,0,0,0,0,0,0,0,0,0,0,0,0,0,0,0,0,0,0,0,0,0,0,0,0,0,0,0,0,0,0,0,0,0,0,0,0,0,0,0,0,0,0,43.7,40.2,0.8,6.9,0,0,0,0,"ATL"
"15404",0,0,0,0,0,0,0,0,0,0,0,0,0,120.2,0,0,0,0,0,0,0,0,0,0,0,0,27,-1,"Jones, Ernest","LB",NA,"FantasySharks","Ernest","Jones","LB",0,0,0,0,0,0,0,0,0,0,0,0,0,0,0,0,0,0,0,0,0,0,0,0,0,0,0,0,0,0,0,0,0,0,0,0,0,0,0,0,0,0,0,0,0,0,0,0,0,0,75.5,61,0.9,4.7,3.4,1.8,0,0.3,"SEA"
"15409",0,0,0,0,0,0,0,0,0,0,0,0,0,54.3,0,0,0,0,0,0,0,0,0,0,0,0,27,-1,"Barnes, Derrick","LB",NA,"FantasySharks","Derrick","Barnes","LB",0,0,0,0,0,0,0,0,0,0,0,0,0,0,0,0,0,0,0,0,0,0,0,0,0,0,0,0,0,0,0,0,0,0,0,0,0,0,0,0,0,0,0,0,0,0,0,0,0,0,33.4,24.9,2.6,3,1.2,0.3,0.3,0,"DET"
"15424",0,0,0,0,0,0,0,0,0,0,0,0,0,1.1,0,0,0,0,0,0,0,0,0,0,0,0,27,-1,"Johnson, Buddy","LB",NA,"FantasySharks","Buddy","Johnson","LB",0,0,0,0,0,0,0,0,0,0,0,0,0,0,0,0,0,0,0,0,0,0,0,0,0,0,0,0,0,0,0,0,0,0,0,0,0,0,0,0,0,0,0,0,0,0,0,0,0,0,0.9,0.5,0,0,0,0,0,0,"LVR"
"15428",0,0,0,0,0,0,0,0,0,0,0,0,0,122.1,0,0,0,0,0,0,0,0,0,0,0,0,26,-1,"Sherwood, Jamien","LB",NA,"FantasySharks","Jamien","Sherwood","LB",0,0,0,0,0,0,0,0,0,0,0,0,0,0,0,0,0,0,0,0,0,0,0,0,0,0,0,0,0,0,0,0,0,0,0,0,0,0,0,0,0,0,0,0,0,0,0,0,0,0,76.6,73.8,2.7,6,0,0,0,0,"NYJ"
"15449",0,0,0,0,0,0,0,0,0,0,0,0,0,11.8,0,0,0,0,0,0,0,0,0,0,0,0,27,-1,"Britt, K.J.","LB",NA,"FantasySharks","K.J.","Britt","LB",0,0,0,0,0,0,0,0,0,0,0,0,0,0,0,0,0,0,0,0,0,0,0,0,0,0,0,0,0,0,0,0,0,0,0,0,0,0,0,0,0,0,0,0,0,0,0,0,0,0,5.7,11.9,0.2,0,0,0,0,0,"NEP"
"15473",0,0,0,0,0,0,0,0,0,0,0,0,0,60.9,0,0,0,0,0,0,0,0,0,0,0,0,27,-1,"McDuffie, Isaiah","LB",NA,"FantasySharks","Isaiah","McDuffie","LB",0,0,0,0,0,0,0,0,0,0,0,0,0,0,0,0,0,0,0,0,0,0,0,0,0,0,0,0,0,0,0,0,0,0,0,0,0,0,0,0,0,0,0,0,0,0,0,0,0,0,38.3,36.8,0.8,2,0.5,0.4,0,0,"GBP"
"15498",0,0,0,0,0,0,0,0,0,0,0,0,0,6.8,0,0,0,0,0,0,0,0,0,0,0,0,28,-1,"Stuard, Grant","LB",NA,"FantasySharks","Grant","Stuard","LB",0,0,0,0,0,0,0,0,0,0,0,0,0,0,0,0,0,0,0,0,0,0,0,0,0,0,0,0,0,0,0,0,0,0,0,0,0,0,0,0,0,0,0,0,0,0,0,0,0,0,4.7,3.2,0,0.5,0,0,0,0,"LAR"
"15586",0,0,0,0,0,0,0,0,0,0,0,0,0,0.1,0,0,0,0,0,0,0,0,0,0,0,0,28,-1,"Johnson, Caleb","LB",NA,"FantasySharks","Caleb","Johnson","LB",0,0,0,0,0,0,0,0,0,0,0,0,0,0,0,0,0,0,0,0,0,0,0,0,0,0,0,0,0,0,0,0,0,0,0,0,0,0,0,0,0,0,0,0,0,0,0,0,0,0,0.1,0,0,0,0,0,0,0,"MIA"
"15622",0,0,0,0,0,0,0,0,0,0,0,0,0,7.3,0,0,0,0,0,0,0,0,0,0,0,0,28,-1,"Robinson, Curtis","LB",NA,"FantasySharks","Curtis","Robinson","LB",0,0,0,0,0,0,0,0,0,0,0,0,0,0,0,0,0,0,0,0,0,0,0,0,0,0,0,0,0,0,0,0,0,0,0,0,0,0,0,0,0,0,0,0,0,0,0,0,0,0,4.9,4.8,0,0,0,0,0,0,"DAL"
"15681",0,0,0,0,0,0,0,0,0,0,0,0,0,79.5,0,0,0,0,0,0,0,0,0,0,0,0,27,-1,"Elliss, Christian","LB",NA,"FantasySharks","Christian","Elliss","LB",0,0,0,0,0,0,0,0,0,0,0,0,0,0,0,0,0,0,0,0,0,0,0,0,0,0,0,0,0,0,0,0,0,0,0,0,0,0,0,0,0,0,0,0,0,0,0,0,0,0,44.4,48,1.5,5.8,0.2,2.1,1.2,0,"NEP"
"15821",0,0,0,0,0,0,0,0,0,0,0,0,0,58,0,0,0,0,0,0,0,0,0,0,0,0,26,-2,"Dean, Nakobe","LB",NA,"FantasySharks","Nakobe","Dean","LB",0,0,0,0,0,0,0,0,0,0,0,0,0,0,0,0,0,0,0,0,0,0,0,0,0,0,0,0,0,0,0,0,0,0,0,0,0,0,0,0,0,0,0,0,0,0,0,0,0,0,38.3,28.6,2,1.2,0,1.8,0.4,0,"LVR"
"15822",0,0,0,0,0,0,0,0,0,0,0,0,0,90.1,0,0,0,0,0,0,0,0,0,0,0,0,28,-2,"Lloyd, Devin","LB",NA,"FantasySharks","Devin","Lloyd","LB",0,0,0,0,0,0,0,0,0,0,0,0,0,0,0,0,0,0,0,0,0,0,0,0,0,0,0,0,0,0,0,0,0,0,0,0,0,0,0,0,0,0,0,0,0,0,0,0,0,0,44.8,58.3,2.6,7,3,0.3,0.3,0.6,"CAR"
"15823",0,0,0,0,0,0,0,0,0,0,0,0,0,62.7,0,0,0,0,0,0,0,0,0,0,0,0,25,-2,"Harris, Christian","LB",NA,"FantasySharks","Christian","Harris","LB",0,0,0,0,0,0,0,0,0,0,0,0,0,0,0,0,0,0,0,0,0,0,0,0,0,0,0,0,0,0,0,0,0,0,0,0,0,0,0,0,0,0,0,0,0,0,0,0,0,0,41.9,25.7,1.6,4.8,0.4,0.4,0.4,0,"ATL"
"15824",0,0,0,0,0,0,0,0,0,0,0,0,0,2.7,0,0,0,0,0,0,0,0,0,0,0,0,26,-2,"Tindall, Channing","LB",NA,"FantasySharks","Channing","Tindall","LB",0,0,0,0,0,0,0,0,0,0,0,0,0,0,0,0,0,0,0,0,0,0,0,0,0,0,0,0,0,0,0,0,0,0,0,0,0,0,0,0,0,0,0,0,0,0,0,0,0,0,0.4,2.5,0,1.1,0,0,0,0,"ATL"
"15826",0,0,0,0,0,0,0,0,0,0,0,0,0,2.3,0,0,0,0,0,0,0,0,0,0,0,0,26,-2,"Clark, Damone","LB",NA,"FantasySharks","Damone","Clark","LB",0,0,0,0,0,0,0,0,0,0,0,0,0,0,0,0,0,0,0,0,0,0,0,0,0,0,0,0,0,0,0,0,0,0,0,0,0,0,0,0,0,0,0,0,0,0,0,0,0,0,1.3,1.4,0.3,0,0,0,0,0,"DET"
"15829",0,0,0,0,0,0,0,0,0,0,0,0,0,0.1,0,0,0,0,0,0,0,0,0,0,0,0,26,-2,"Asamoah, Brian","LB",NA,"FantasySharks","Brian","Asamoah","LB",0,0,0,0,0,0,0,0,0,0,0,0,0,0,0,0,0,0,0,0,0,0,0,0,0,0,0,0,0,0,0,0,0,0,0,0,0,0,0,0,0,0,0,0,0,0,0,0,0,0,0.1,0,0,0,0,0,0,0,"CIN"
"15830",0,0,0,0,0,0,0,0,0,0,0,0,0,5.1,0,0,0,0,0,0,0,0,0,0,0,0,27,-2,"Muma, Chad","LB",NA,"FantasySharks","Chad","Muma","LB",0,0,0,0,0,0,0,0,0,0,0,0,0,0,0,0,0,0,0,0,0,0,0,0,0,0,0,0,0,0,0,0,0,0,0,0,0,0,0,0,0,0,0,0,0,0,0,0,0,0,2.9,4.4,0,0,0,0,0,0,"NEP"
"15831",0,0,0,0,0,0,0,0,0,0,0,0,0,50.3,0,0,0,0,0,0,0,0,0,0,0,0,26,-2,"Chenal, Leo","LB",NA,"FantasySharks","Leo","Chenal","LB",0,0,0,0,0,0,0,0,0,0,0,0,0,0,0,0,0,0,0,0,0,0,0,0,0,0,0,0,0,0,0,0,0,0,0,0,0,0,0,0,0,0,0,0,0,0,0,0,0,0,27.8,32.7,1.7,2.9,0.6,0.4,0,0,"WAS"
"15846",0,0,0,0,0,0,0,0,0,0,0,0,0,95,0,0,0,0,0,0,0,0,0,0,0,0,26,-2,"Walker, Quay","LB",NA,"FantasySharks","Quay","Walker","LB",0,0,0,0,0,0,0,0,0,0,0,0,0,0,0,0,0,0,0,0,0,0,0,0,0,0,0,0,0,0,0,0,0,0,0,0,0,0,0,0,0,0,0,0,0,0,0,0,0,0,57.3,60.3,2.9,3.9,0.3,0.3,0,0,"LVR"
"15869",0,0,0,0,0,0,0,0,0,0,0,0,0,76.8,0,0,0,0,0,0,0,0,0,0,0,0,27,-2,"Bernard, Terrel","LB",NA,"FantasySharks","Terrel","Bernard","LB",0,0,0,0,0,0,0,0,0,0,0,0,0,0,0,0,0,0,0,0,0,0,0,0,0,0,0,0,0,0,0,0,0,0,0,0,0,0,0,0,0,0,0,0,0,0,0,0,0,0,49.9,39.2,0.7,2.8,1.4,0.5,0.5,0,"BUF"
"15890",0,0,0,0,0,0,0,0,0,0,0,0,0,45.2,0,0,0,0,0,0,0,0,0,0,0,0,26,-2,"McFadden, Micah","LB",NA,"FantasySharks","Micah","McFadden","LB",0,0,0,0,0,0,0,0,0,0,0,0,0,0,0,0,0,0,0,0,0,0,0,0,0,0,0,0,0,0,0,0,0,0,0,0,0,0,0,0,0,0,0,0,0,0,0,0,0,0,29.7,27.3,0.2,1.7,0,0,0,0,"NYG"
"15899",0,0,0,0,0,0,0,0,0,0,0,0,0,63.5,0,0,0,0,0,0,0,0,0,0,0,0,28,-2,"Jackson, D'Marco","LB",NA,"FantasySharks","D'Marco","Jackson","LB",0,0,0,0,0,0,0,0,0,0,0,0,0,0,0,0,0,0,0,0,0,0,0,0,0,0,0,0,0,0,0,0,0,0,0,0,0,0,0,0,0,0,0,0,0,0,0,0,0,0,39.7,36.9,0.5,4.1,0.1,0.3,0.3,0,"CHI"
"15914",0,0,0,0,0,0,0,0,0,0,0,0,0,66.1,0,0,0,0,0,0,0,0,0,0,0,0,27,-2,"Rodriguez, Malcolm","LB",NA,"FantasySharks","Malcolm","Rodriguez","LB",0,0,0,0,0,0,0,0,0,0,0,0,0,0,0,0,0,0,0,0,0,0,0,0,0,0,0,0,0,0,0,0,0,0,0,0,0,0,0,0,0,0,0,0,0,0,0,0,0,0,42.1,31.4,1.4,6.3,0.3,0,0,0,"DET"
"15935",0,0,0,0,0,0,0,0,0,0,0,0,0,5.4,0,0,0,0,0,0,0,0,0,0,0,0,28,-2,"Goode, Cameron","LB",NA,"FantasySharks","Cameron","Goode","LB",0,0,0,0,0,0,0,0,0,0,0,0,0,0,0,0,0,0,0,0,0,0,0,0,0,0,0,0,0,0,0,0,0,0,0,0,0,0,0,0,0,0,0,0,0,0,0,0,0,0,4.2,2.3,0,0,0,0,0,0,"MIA"
"15975",0,0,0,0,0,0,0,0,0,0,0,0,0,5.8,0,0,0,0,0,0,0,0,0,0,0,0,26,-2,"Sanborn, Jack","LB",NA,"FantasySharks","Jack","Sanborn","LB",0,0,0,0,0,0,0,0,0,0,0,0,0,0,0,0,0,0,0,0,0,0,0,0,0,0,0,0,0,0,0,0,0,0,0,0,0,0,0,0,0,0,0,0,0,0,0,0,0,0,3.7,4.2,0,0,0,0,0,0,"CHI"
"16009",0,0,0,0,0,0,0,0,0,0,0,0,0,32.7,0,0,0,0,0,0,0,0,0,0,0,0,28,-2,"Gibbens, Jack","LB",NA,"FantasySharks","Jack","Gibbens","LB",0,0,0,0,0,0,0,0,0,0,0,0,0,0,0,0,0,0,0,0,0,0,0,0,0,0,0,0,0,0,0,0,0,0,0,0,0,0,0,0,0,0,0,0,0,0,0,0,0,0,22.8,14.6,0,1.6,0,1,0,0,"ARI"
"16013",0,0,0,0,0,0,0,0,0,0,0,0,0,109.6,0,0,0,0,0,0,0,0,0,0,0,0,28,-2,"Landman, Nate","LB",NA,"FantasySharks","Nate","Landman","LB",0,0,0,0,0,0,0,0,0,0,0,0,0,0,0,0,0,0,0,0,0,0,0,0,0,0,0,0,0,0,0,0,0,0,0,0,0,0,0,0,0,0,0,0,0,0,0,0,0,0,63.9,63,1.9,5.7,1,3.5,1.1,0,"LAR"
"16017",0,0,0,0,0,0,0,0,0,0,0,0,0,1.1,0,0,0,0,0,0,0,0,0,0,0,0,27,-2,"Hummel, Jake","LB",NA,"FantasySharks","Jake","Hummel","LB",0,0,0,0,0,0,0,0,0,0,0,0,0,0,0,0,0,0,0,0,0,0,0,0,0,0,0,0,0,0,0,0,0,0,0,0,0,0,0,0,0,0,0,0,0,0,0,0,0,0,0.5,1.1,0,0,0,0,0,0,"HOU"
"16019",0,0,0,0,0,0,0,0,0,0,0,0,0,7.7,0,0,0,0,0,0,0,0,0,0,0,0,28,-2,"Hansen, Jake","LB",NA,"FantasySharks","Jake","Hansen","LB",0,0,0,0,0,0,0,0,0,0,0,0,0,0,0,0,0,0,0,0,0,0,0,0,0,0,0,0,0,0,0,0,0,0,0,0,0,0,0,0,0,0,0,0,0,0,0,0,0,0,4.5,6.6,0,0,0,0,0,0,"HOU"
"16063",0,0,0,0,0,0,0,0,0,0,0,0,0,17.6,0,0,0,0,0,0,0,0,0,0,0,0,27,-2,"McCrary-Ball, Marcelino","LB",NA,"FantasySharks","Marcelino","McCrary-Ball","LB",0,0,0,0,0,0,0,0,0,0,0,0,0,0,0,0,0,0,0,0,0,0,0,0,0,0,0,0,0,0,0,0,0,0,0,0,0,0,0,0,0,0,0,0,0,0,0,0,0,0,10.9,10.9,0,0,0,1.3,0,0,"NYJ"
"16072",0,0,0,0,0,0,0,0,0,0,0,0,0,10.8,0,0,0,0,0,0,0,0,0,0,0,0,27,-2,"Cochrane, Jack","LB",NA,"FantasySharks","Jack","Cochrane","LB",0,0,0,0,0,0,0,0,0,0,0,0,0,0,0,0,0,0,0,0,0,0,0,0,0,0,0,0,0,0,0,0,0,0,0,0,0,0,0,0,0,0,0,0,0,0,0,0,0,0,3.5,6.6,0,1.3,1.3,0,0,0,"KCC"
"16138",0,0,0,0,0,0,0,0,0,0,0,0,0,7.3,0,0,0,0,0,0,0,0,0,0,0,0,27,-3,"Olubi, Segun","LB",NA,"FantasySharks","Segun","Olubi","LB",0,0,0,0,0,0,0,0,0,0,0,0,0,0,0,0,0,0,0,0,0,0,0,0,0,0,0,0,0,0,0,0,0,0,0,0,0,0,0,0,0,0,0,0,0,0,0,0,0,0,4.6,3.8,0,0,0,0.8,0,0,"LVR"
"16231",0,0,0,0,0,0,0,0,0,0,0,0,0,6.8,0,0,0,0,0,0,0,0,0,0,0,0,25,-3,"Sanders, Drew","LB",NA,"FantasySharks","Drew","Sanders","LB",0,0,0,0,0,0,0,0,0,0,0,0,0,0,0,0,0,0,0,0,0,0,0,0,0,0,0,0,0,0,0,0,0,0,0,0,0,0,0,0,0,0,0,0,0,0,0,0,0,0,3.8,1.5,2.3,0,0,0,0,0,"DEN"
"16234",0,0,0,0,0,0,0,0,0,0,0,0,0,39.8,0,0,0,0,0,0,0,0,0,0,0,0,25,-3,"Simpson, Trenton","LB",NA,"FantasySharks","Trenton","Simpson","LB",0,0,0,0,0,0,0,0,0,0,0,0,0,0,0,0,0,0,0,0,0,0,0,0,0,0,0,0,0,0,0,0,0,0,0,0,0,0,0,0,0,0,0,0,0,0,0,0,0,0,25.2,23.4,1.6,1.2,0,0,0,0,"BAL"
"16236",0,0,0,0,0,0,0,0,0,0,0,0,0,66.9,0,0,0,0,0,0,0,0,0,0,0,0,25,-3,"To'oTo'o, Henry","LB",NA,"FantasySharks","Henry","To'oTo'o","LB",0,0,0,0,0,0,0,0,0,0,0,0,0,0,0,0,0,0,0,0,0,0,0,0,0,0,0,0,0,0,0,0,0,0,0,0,0,0,0,0,0,0,0,0,0,0,0,0,0,0,37.4,46.2,1.3,3.5,0.4,0.4,0.4,0,"HOU"
"16237",0,0,0,0,0,0,0,0,0,0,0,0,0,12.8,0,0,0,0,0,0,0,0,0,0,0,0,26,-3,"Pappoe, Owen","LB",NA,"FantasySharks","Owen","Pappoe","LB",0,0,0,0,0,0,0,0,0,0,0,0,0,0,0,0,0,0,0,0,0,0,0,0,0,0,0,0,0,0,0,0,0,0,0,0,0,0,0,0,0,0,0,0,0,0,0,0,0,0,5.8,6.8,0,3.2,0,0.3,0,0,"ARI"
"16238",0,0,0,0,0,0,0,0,0,0,0,0,0,52.2,0,0,0,0,0,0,0,0,0,0,0,0,24,-3,"Sewell, Noah","LB",NA,"FantasySharks","Noah","Sewell","LB",0,0,0,0,0,0,0,0,0,0,0,0,0,0,0,0,0,0,0,0,0,0,0,0,0,0,0,0,0,0,0,0,0,0,0,0,0,0,0,0,0,0,0,0,0,0,0,0,0,0,33.2,32.3,0.2,1.5,0,0.6,0.6,0,"CHI"
"16239",0,0,0,0,0,0,0,0,0,0,0,0,0,129.4,0,0,0,0,0,0,0,0,0,0,0,0,26,-3,"Campbell, Jack","LB",NA,"FantasySharks","Jack","Campbell","LB",0,0,0,0,0,0,0,0,0,0,0,0,0,0,0,0,0,0,0,0,0,0,0,0,0,0,0,0,0,0,0,0,0,0,0,0,0,0,0,0,0,0,0,0,0,0,0,0,0,0,80.6,74.9,3.5,4.8,0,2.1,1,0,"DET"
"16280",0,0,0,0,0,0,0,0,0,0,0,0,0,83.6,0,0,0,0,0,0,0,0,0,0,0,0,27,-3,"Henley, Daiyan","LB",NA,"FantasySharks","Daiyan","Henley","LB",0,0,0,0,0,0,0,0,0,0,0,0,0,0,0,0,0,0,0,0,0,0,0,0,0,0,0,0,0,0,0,0,0,0,0,0,0,0,0,0,0,0,0,0,0,0,0,0,0,0,50,44.2,2.3,4.7,2.2,0,0,0,"LAC"
"16283",0,0,0,0,0,0,0,0,0,0,0,0,0,73.3,0,0,0,0,0,0,0,0,0,0,0,0,26,-3,"Overshown, DeMarvion","LB",NA,"FantasySharks","DeMarvion","Overshown","LB",0,0,0,0,0,0,0,0,0,0,0,0,0,0,0,0,0,0,0,0,0,0,0,0,0,0,0,0,0,0,0,0,0,0,0,0,0,0,0,0,0,0,0,0,0,0,0,0,0,0,48,40.9,0.8,1.7,0.9,0.2,0.2,0.7,"DAL"
"16284",0,0,0,0,0,0,0,0,0,0,0,0,0,47.1,0,0,0,0,0,0,0,0,0,0,0,0,25,-3,"Williams, Dorian","LB",NA,"FantasySharks","Dorian","Williams","LB",0,0,0,0,0,0,0,0,0,0,0,0,0,0,0,0,0,0,0,0,0,0,0,0,0,0,0,0,0,0,0,0,0,0,0,0,0,0,0,0,0,0,0,0,0,0,0,0,0,0,30.6,30.3,0.3,1.1,0,0,0,0,"BUF"
"16296",0,0,0,0,0,0,0,0,0,0,0,0,0,56.9,0,0,0,0,0,0,0,0,0,0,0,0,27,-3,"Miller, Ventrell","LB",NA,"FantasySharks","Ventrell","Miller","LB",0,0,0,0,0,0,0,0,0,0,0,0,0,0,0,0,0,0,0,0,0,0,0,0,0,0,0,0,0,0,0,0,0,0,0,0,0,0,0,0,0,0,0,0,0,0,0,0,0,0,30.5,31.3,1.1,4.7,2.2,0.2,0.2,0.2,"JAC"
"16314",0,0,0,0,0,0,0,0,0,0,0,0,0,70.6,0,0,0,0,0,0,0,0,0,0,0,0,26,-3,"Dennis, SirVocea","LB",NA,"FantasySharks","SirVocea","Dennis","LB",0,0,0,0,0,0,0,0,0,0,0,0,0,0,0,0,0,0,0,0,0,0,0,0,0,0,0,0,0,0,0,0,0,0,0,0,0,0,0,0,0,0,0,0,0,0,0,0,0,0,50,27.1,1.9,3.4,0.8,0,0,0,"TBB"
"16346",0,0,0,0,0,0,0,0,0,0,0,0,0,64.1,0,0,0,0,0,0,0,0,0,0,0,0,26,-3,"Winters, Dee","LB",NA,"FantasySharks","Dee","Winters","LB",0,0,0,0,0,0,0,0,0,0,0,0,0,0,0,0,0,0,0,0,0,0,0,0,0,0,0,0,0,0,0,0,0,0,0,0,0,0,0,0,0,0,0,0,0,0,0,0,0,0,41.6,31.9,0.3,3.4,0.7,1.2,0.3,0.7,"DAL"
"16383",0,0,0,0,0,0,0,0,0,0,0,0,0,37.7,0,0,0,0,0,0,0,0,0,0,0,0,26,-3,"Pace, Ivan","LB",NA,"FantasySharks","Ivan","Pace","LB",0,0,0,0,0,0,0,0,0,0,0,0,0,0,0,0,0,0,0,0,0,0,0,0,0,0,0,0,0,0,0,0,0,0,0,0,0,0,0,0,0,0,0,0,0,0,0,0,0,0,24.9,22.7,1,0,0,0.4,0,0,"MIN"
"16439",0,0,0,0,0,0,0,0,0,0,0,0,0,26.7,0,0,0,0,0,0,0,0,0,0,0,0,25,-3,"Diabate, Mohamoud","LB",NA,"FantasySharks","Mohamoud","Diabate","LB",0,0,0,0,0,0,0,0,0,0,0,0,0,0,0,0,0,0,0,0,0,0,0,0,0,0,0,0,0,0,0,0,0,0,0,0,0,0,0,0,0,0,0,0,0,0,0,0,0,0,14.9,20.6,0,0,0,0.8,0.6,0,"TEN"
"16443",0,0,0,0,0,0,0,0,0,0,0,0,0,7.1,0,0,0,0,0,0,0,0,0,0,0,0,28,-3,"O'Connell, Patrick","LB",NA,"FantasySharks","Patrick","O'Connell","LB",0,0,0,0,0,0,0,0,0,0,0,0,0,0,0,0,0,0,0,0,0,0,0,0,0,0,0,0,0,0,0,0,0,0,0,0,0,0,0,0,0,0,0,0,0,0,0,0,0,0,5,3.6,0.4,0,0,0,0,0,"SEA"
"16450",0,0,0,0,0,0,0,0,0,0,0,0,0,80.8,0,0,0,0,0,0,0,0,0,0,0,0,26,-3,"Thomas, Drake","LB",NA,"FantasySharks","Drake","Thomas","LB",0,0,0,0,0,0,0,0,0,0,0,0,0,0,0,0,0,0,0,0,0,0,0,0,0,0,0,0,0,0,0,0,0,0,0,0,0,0,0,0,0,0,0,0,0,0,0,0,0,0,43.6,53.4,2.2,6.1,1.1,0,0,0,"SEA"
"16492",0,0,0,0,0,0,0,0,0,0,0,0,0,38.1,0,0,0,0,0,0,0,0,0,0,0,0,28,-3,"Cherelus, Claudin","LB",NA,"FantasySharks","Claudin","Cherelus","LB",0,0,0,0,0,0,0,0,0,0,0,0,0,0,0,0,0,0,0,0,0,0,0,0,0,0,0,0,0,0,0,0,0,0,0,0,0,0,0,0,0,0,0,0,0,0,0,0,0,0,20,32,0,1.3,0,0.5,0.3,0,"CAR"
"16532",0,0,0,0,0,0,0,0,0,0,0,0,0,14.7,0,0,0,0,0,0,0,0,0,0,0,0,28,-3,"Nowaske, Trevor","LB",NA,"FantasySharks","Trevor","Nowaske","LB",0,0,0,0,0,0,0,0,0,0,0,0,0,0,0,0,0,0,0,0,0,0,0,0,0,0,0,0,0,0,0,0,0,0,0,0,0,0,0,0,0,0,0,0,0,0,0,0,0,0,7.8,8.9,2.4,0,0,0,0,0,"DET"
"16664",0,0,0,0,0,0,0,0,0,0,0,0,0,13.9,0,0,0,0,0,0,0,0,0,0,0,0,24,-4,"Trotter Jr., Jeremiah","LB",NA,"FantasySharks","Jeremiah","Trotter Jr.","LB",0,0,0,0,0,0,0,0,0,0,0,0,0,0,0,0,0,0,0,0,0,0,0,0,0,0,0,0,0,0,0,0,0,0,0,0,0,0,0,0,0,0,0,0,0,0,0,0,0,0,9.5,5.7,0,1.5,0,0,0,0,"PHI"
"16665",0,0,0,0,0,0,0,0,0,0,0,0,0,23.3,0,0,0,0,0,0,0,0,0,0,0,0,24,-4,"Colson, Junior","LB",NA,"FantasySharks","Junior","Colson","LB",0,0,0,0,0,0,0,0,0,0,0,0,0,0,0,0,0,0,0,0,0,0,0,0,0,0,0,0,0,0,0,0,0,0,0,0,0,0,0,0,0,0,0,0,0,0,0,0,0,0,14.8,13,0.2,1.8,0,0,0,0,"LAC"
"16666",0,0,0,0,0,0,0,0,0,0,0,0,0,46.3,0,0,0,0,0,0,0,0,0,0,0,0,25,-4,"Eichenberg, Tommy","LB",NA,"FantasySharks","Tommy","Eichenberg","LB",0,0,0,0,0,0,0,0,0,0,0,0,0,0,0,0,0,0,0,0,0,0,0,0,0,0,0,0,0,0,0,0,0,0,0,0,0,0,0,0,0,0,0,0,0,0,0,0,0,0,29.8,25.5,1.1,1.8,0.3,0.3,0,0,"LVR"
"16667",0,0,0,0,0,0,0,0,0,0,0,0,0,105.5,0,0,0,0,0,0,0,0,0,0,0,0,24,-4,"Gray, Cedric","LB",NA,"FantasySharks","Cedric","Gray","LB",0,0,0,0,0,0,0,0,0,0,0,0,0,0,0,0,0,0,0,0,0,0,0,0,0,0,0,0,0,0,0,0,0,0,0,0,0,0,0,0,0,0,0,0,0,0,0,0,0,0,75,52.6,0.6,3.2,0.2,0,0,0,"TEN"
"16669",0,0,0,0,0,0,0,0,0,0,0,0,0,2.3,0,0,0,0,0,0,0,0,0,0,0,0,25,-4,"Ford, Jaylan","LB",NA,"FantasySharks","Jaylan","Ford","LB",0,0,0,0,0,0,0,0,0,0,0,0,0,0,0,0,0,0,0,0,0,0,0,0,0,0,0,0,0,0,0,0,0,0,0,0,0,0,0,0,0,0,0,0,0,0,0,0,0,0,0,4.5,0,0,0,0,0,0,"NOS"
"16696",0,0,0,0,0,0,0,0,0,0,0,0,0,77.4,0,0,0,0,0,0,0,0,0,0,0,0,25,-4,"Cooper, Edgerrin","LB",NA,"FantasySharks","Edgerrin","Cooper","LB",0,0,0,0,0,0,0,0,0,0,0,0,0,0,0,0,0,0,0,0,0,0,0,0,0,0,0,0,0,0,0,0,0,0,0,0,0,0,0,0,0,0,0,0,0,0,0,0,0,0,51.5,39.7,0.8,3.2,0.3,1,0.4,0,"GBP"
"16704",0,0,0,0,0,0,0,0,0,0,0,0,0,64.3,0,0,0,0,0,0,0,0,0,0,0,0,23,-4,"Wallace, Trevin","LB",NA,"FantasySharks","Trevin","Wallace","LB",0,0,0,0,0,0,0,0,0,0,0,0,0,0,0,0,0,0,0,0,0,0,0,0,0,0,0,0,0,0,0,0,0,0,0,0,0,0,0,0,0,0,0,0,0,0,0,0,0,0,41.1,35.3,2,2.3,0,0.9,0.4,0,"CAR"
"16707",0,0,0,0,0,0,0,0,0,0,0,0,0,27.3,0,0,0,0,0,0,0,0,0,0,0,0,25,-4,"Liufau, Marist","LB",NA,"FantasySharks","Marist","Liufau","LB",0,0,0,0,0,0,0,0,0,0,0,0,0,0,0,0,0,0,0,0,0,0,0,0,0,0,0,0,0,0,0,0,0,0,0,0,0,0,0,0,0,0,0,0,0,0,0,0,0,0,13.1,19.6,1.5,1,0,2,0,0,"DAL"
"16710",0,0,0,0,0,0,0,0,0,0,0,0,0,14.2,0,0,0,0,0,0,0,0,0,0,0,0,25,-4,"Hopper, Ty'Ron","LB",NA,"FantasySharks","Ty'Ron","Hopper","LB",0,0,0,0,0,0,0,0,0,0,0,0,0,0,0,0,0,0,0,0,0,0,0,0,0,0,0,0,0,0,0,0,0,0,0,0,0,0,0,0,0,0,0,0,0,0,0,0,0,0,7.2,3.2,0,1.5,1.5,1,0,0,"GBP"
"16716",0,0,0,0,0,0,0,0,0,0,0,0,0,60.6,0,0,0,0,0,0,0,0,0,0,0,0,26,-4,"Wilson, Payton","LB",NA,"FantasySharks","Payton","Wilson","LB",0,0,0,0,0,0,0,0,0,0,0,0,0,0,0,0,0,0,0,0,0,0,0,0,0,0,0,0,0,0,0,0,0,0,0,0,0,0,0,0,0,0,0,0,0,0,0,0,0,0,41.5,32.9,1.6,0.8,0.1,0,0,0,"PIT"
"16722",0,0,0,0,0,0,0,0,0,0,0,0,0,52.4,0,0,0,0,0,0,0,0,0,0,0,0,26,-4,"Knight, Tyrice","LB",NA,"FantasySharks","Tyrice","Knight","LB",0,0,0,0,0,0,0,0,0,0,0,0,0,0,0,0,0,0,0,0,0,0,0,0,0,0,0,0,0,0,0,0,0,0,0,0,0,0,0,0,0,0,0,0,0,0,0,0,0,0,36.1,25.8,1.8,0.2,0,1.4,0,0,"SEA"
"16730",0,0,0,0,0,0,0,0,0,0,0,0,0,14.9,0,0,0,0,0,0,0,0,0,0,0,0,25,-4,"Magee, Jordan","LB",NA,"FantasySharks","Jordan","Magee","LB",0,0,0,0,0,0,0,0,0,0,0,0,0,0,0,0,0,0,0,0,0,0,0,0,0,0,0,0,0,0,0,0,0,0,0,0,0,0,0,0,0,0,0,0,0,0,0,0,0,0,12.3,5.3,0,0,0,0,0,0,"WAS"
"16733",0,0,0,0,0,0,0,0,0,0,0,0,0,36.8,0,0,0,0,0,0,0,0,0,0,0,0,26,-4,"Bertrand, JD","LB",NA,"FantasySharks","JD","Bertrand","LB",0,0,0,0,0,0,0,0,0,0,0,0,0,0,0,0,0,0,0,0,0,0,0,0,0,0,0,0,0,0,0,0,0,0,0,0,0,0,0,0,0,0,0,0,0,0,0,0,0,0,25.3,18.8,1.3,0.8,0,0,0,0,"ATL"
"16738",0,0,0,0,0,0,0,0,0,0,0,0,0,28.1,0,0,0,0,0,0,0,0,0,0,0,0,25,-4,"Carlies, Jaylon","LB",NA,"FantasySharks","Jaylon","Carlies","LB",0,0,0,0,0,0,0,0,0,0,0,0,0,0,0,0,0,0,0,0,0,0,0,0,0,0,0,0,0,0,0,0,0,0,0,0,0,0,0,0,0,0,0,0,0,0,0,0,0,0,23.6,6.1,1.5,0,0,0,0,0,"IND"
"16759",0,0,0,0,0,0,0,0,0,0,0,0,0,41.5,0,0,0,0,0,0,0,0,0,0,0,0,25,-4,"Muasau, Darius","LB",NA,"FantasySharks","Darius","Muasau","LB",0,0,0,0,0,0,0,0,0,0,0,0,0,0,0,0,0,0,0,0,0,0,0,0,0,0,0,0,0,0,0,0,0,0,0,0,0,0,0,0,0,0,0,0,0,0,0,0,0,0,22.9,34.3,0.9,0.4,0,0,0,0,"NYG"
"16761",0,0,0,0,0,0,0,0,0,0,0,0,0,5.7,0,0,0,0,0,0,0,0,0,0,0,0,25,-4,"Hill, Jamal","LB",NA,"FantasySharks","Jamal","Hill","LB",0,0,0,0,0,0,0,0,0,0,0,0,0,0,0,0,0,0,0,0,0,0,0,0,0,0,0,0,0,0,0,0,0,0,0,0,0,0,0,0,0,0,0,0,0,0,0,0,0,0,2.5,3.2,0,0,0,1.5,0,0,"HOU"
"16774",0,0,0,0,0,0,0,0,0,0,0,0,0,14.8,0,0,0,0,0,0,0,0,0,0,0,0,26,-4,"Watson, Nathaniel","LB",NA,"FantasySharks","Nathaniel","Watson","LB",0,0,0,0,0,0,0,0,0,0,0,0,0,0,0,0,0,0,0,0,0,0,0,0,0,0,0,0,0,0,0,0,0,0,0,0,0,0,0,0,0,0,0,0,0,0,0,0,0,0,8.7,10.5,0,0.9,0,0,0,0,"CLE"
"16793",0,0,0,0,0,0,0,0,0,0,0,0,0,31.5,0,0,0,0,0,0,0,0,0,0,0,0,23,-4,"Williams, James","LB",NA,"FantasySharks","James","Williams","LB",0,0,0,0,0,0,0,0,0,0,0,0,0,0,0,0,0,0,0,0,0,0,0,0,0,0,0,0,0,0,0,0,0,0,0,0,0,0,0,0,0,0,0,0,0,0,0,0,0,0,25.6,10.3,0.7,0,0,0,0,0,"TEN"
"16799",0,0,0,0,0,0,0,0,0,0,0,0,0,48.8,0,0,0,0,0,0,0,0,0,0,0,0,25,-4,"Bethune, Tatum","LB",NA,"FantasySharks","Tatum","Bethune","LB",0,0,0,0,0,0,0,0,0,0,0,0,0,0,0,0,0,0,0,0,0,0,0,0,0,0,0,0,0,0,0,0,0,0,0,0,0,0,0,0,0,0,0,0,0,0,0,0,0,0,24.9,38.6,0.7,2.8,0,0.6,0.6,0,"SFO"
"16870",0,0,0,0,0,0,0,0,0,0,0,0,0,73.8,0,0,0,0,0,0,0,0,0,0,0,0,25,-4,"Speights, Omar","LB",NA,"FantasySharks","Omar","Speights","LB",0,0,0,0,0,0,0,0,0,0,0,0,0,0,0,0,0,0,0,0,0,0,0,0,0,0,0,0,0,0,0,0,0,0,0,0,0,0,0,0,0,0,0,0,0,0,0,0,0,0,49,40.7,0.5,3.3,0,0.5,0,0,"LAR"
"16872",0,0,0,0,0,0,0,0,0,0,0,0,0,34.1,0,0,0,0,0,0,0,0,0,0,0,0,26,-4,"Andreessen, Joe","LB",NA,"FantasySharks","Joe","Andreessen","LB",0,0,0,0,0,0,0,0,0,0,0,0,0,0,0,0,0,0,0,0,0,0,0,0,0,0,0,0,0,0,0,0,0,0,0,0,0,0,0,0,0,0,0,0,0,0,0,0,0,0,22.8,22.5,0,0,0,0,0,0,"BUF"
"16911",0,0,0,0,0,0,0,0,0,0,0,0,0,11.6,0,0,0,0,0,0,0,0,0,0,0,0,26,-4,"Stalbird, Isaiah","LB",NA,"FantasySharks","Isaiah","Stalbird","LB",0,0,0,0,0,0,0,0,0,0,0,0,0,0,0,0,0,0,0,0,0,0,0,0,0,0,0,0,0,0,0,0,0,0,0,0,0,0,0,0,0,0,0,0,0,0,0,0,0,0,4.7,9.2,1.2,1,0,0,0,0,"NOS"
"16926",0,0,0,0,0,0,0,0,0,0,0,0,0,76.4,0,0,0,0,0,0,0,0,0,0,0,0,27,-2,"Reid, Winston","LB",NA,"FantasySharks","Winston","Reid","LB",0,0,0,0,0,0,0,0,0,0,0,0,0,0,0,0,0,0,0,0,0,0,0,0,0,0,0,0,0,0,0,0,0,0,0,0,0,0,0,0,0,0,0,0,0,0,0,0,0,0,43.3,45.9,2.1,4,1.3,1.5,0,0.5,"CLE"
"17000",0,0,0,0,0,0,0,0,0,0,0,0,0,7.4,0,0,0,0,0,0,0,0,0,0,0,0,26,-3,"Heyward, Shaka","LB",NA,"FantasySharks","Shaka","Heyward","LB",0,0,0,0,0,0,0,0,0,0,0,0,0,0,0,0,0,0,0,0,0,0,0,0,0,0,0,0,0,0,0,0,0,0,0,0,0,0,0,0,0,0,0,0,0,0,0,0,0,0,1.2,11.5,0,0,0,0.4,0,0,"CIN"
"17123",0,0,0,0,0,0,0,0,0,0,0,0,0,66.4,0,0,0,0,0,0,0,0,0,0,0,0,22,-5,"Campbell, Jihaad","LB",NA,"FantasySharks","Jihaad","Campbell","LB",0,0,0,0,0,0,0,0,0,0,0,0,0,0,0,0,0,0,0,0,0,0,0,0,0,0,0,0,0,0,0,0,0,0,0,0,0,0,0,0,0,0,0,0,0,0,0,0,0,0,38.9,37.8,1.3,2.6,1.5,1.2,0.6,0,"PHI"
"17124",0,0,0,0,0,0,0,0,0,0,0,0,0,93.3,0,0,0,0,0,0,0,0,0,0,0,0,24,-5,"Carter, Barrett","LB",NA,"FantasySharks","Barrett","Carter","LB",0,0,0,0,0,0,0,0,0,0,0,0,0,0,0,0,0,0,0,0,0,0,0,0,0,0,0,0,0,0,0,0,0,0,0,0,0,0,0,0,0,0,0,0,0,0,0,0,0,0,56.9,53.7,0,5.8,1.6,0.2,0.2,0,"CIN"
"17125",0,0,0,0,0,0,0,0,0,0,0,0,0,89.1,0,0,0,0,0,0,0,0,0,0,0,0,26,-5,"Knight, Demetrius","LB",NA,"FantasySharks","Demetrius","Knight","LB",0,0,0,0,0,0,0,0,0,0,0,0,0,0,0,0,0,0,0,0,0,0,0,0,0,0,0,0,0,0,0,0,0,0,0,0,0,0,0,0,0,0,0,0,0,0,0,0,0,0,53.5,46.7,3.2,5.6,1.1,1.2,0,0,"CIN"
"17126",0,0,0,0,0,0,0,0,0,0,0,0,0,34,0,0,0,0,0,0,0,0,0,0,0,0,23,-5,"Stutsman, Danny","LB",NA,"FantasySharks","Danny","Stutsman","LB",0,0,0,0,0,0,0,0,0,0,0,0,0,0,0,0,0,0,0,0,0,0,0,0,0,0,0,0,0,0,0,0,0,0,0,0,0,0,0,0,0,0,0,0,0,0,0,0,0,0,21.4,24.6,0.2,0,0,0,0,0,"NOS"
"17140",0,0,0,0,0,0,0,0,0,0,0,0,0,19.3,0,0,0,0,0,0,0,0,0,0,0,0,23,-5,"Mondon, Smael","LB",NA,"FantasySharks","Smael","Mondon","LB",0,0,0,0,0,0,0,0,0,0,0,0,0,0,0,0,0,0,0,0,0,0,0,0,0,0,0,0,0,0,0,0,0,0,0,0,0,0,0,0,0,0,0,0,0,0,0,0,0,0,15,7.5,0.2,0.4,0,0,0,0,"PHI"
"17147",0,0,0,0,0,0,0,0,0,0,0,0,0,97.1,0,0,0,0,0,0,0,0,0,0,0,0,23,-5,"Schwesinger, Carson","LB",NA,"FantasySharks","Carson","Schwesinger","LB",0,0,0,0,0,0,0,0,0,0,0,0,0,0,0,0,0,0,0,0,0,0,0,0,0,0,0,0,0,0,0,0,0,0,0,0,0,0,0,0,0,0,0,0,0,0,0,0,0,0,56,64.9,2,3.3,1.6,0,0,0.3,"CLE"
"17159",0,0,0,0,0,0,0,0,0,0,0,0,0,11.1,0,0,0,0,0,0,0,0,0,0,0,0,24,-5,"Martin, Nick","LB",NA,"FantasySharks","Nick","Martin","LB",0,0,0,0,0,0,0,0,0,0,0,0,0,0,0,0,0,0,0,0,0,0,0,0,0,0,0,0,0,0,0,0,0,0,0,0,0,0,0,0,0,0,0,0,0,0,0,0,0,0,8.2,5.9,0,0,0,0,0,0,"SFO"
"17173",0,0,0,0,0,0,0,0,0,0,0,0,0,20.5,0,0,0,0,0,0,0,0,0,0,0,0,26,-5,"Kiser, Jack","LB",NA,"FantasySharks","Jack","Kiser","LB",0,0,0,0,0,0,0,0,0,0,0,0,0,0,0,0,0,0,0,0,0,0,0,0,0,0,0,0,0,0,0,0,0,0,0,0,0,0,0,0,0,0,0,0,0,0,0,0,0,0,12.4,11.7,0,0.6,0,1.6,0,0,"JAC"
"17178",0,0,0,0,0,0,0,0,0,0,0,0,0,64.1,0,0,0,0,0,0,0,0,0,0,0,0,24,-5,"Simon, Cody","LB",NA,"FantasySharks","Cody","Simon","LB",0,0,0,0,0,0,0,0,0,0,0,0,0,0,0,0,0,0,0,0,0,0,0,0,0,0,0,0,0,0,0,0,0,0,0,0,0,0,0,0,0,0,0,0,0,0,0,0,0,0,35.5,46.3,0.3,3.5,0.2,1,0.2,0,"ARI"
"17185",0,0,0,0,0,0,0,0,0,0,0,0,0,55.1,0,0,0,0,0,0,0,0,0,0,0,0,24,-5,"Buchanan, Teddye","LB",NA,"FantasySharks","Teddye","Buchanan","LB",0,0,0,0,0,0,0,0,0,0,0,0,0,0,0,0,0,0,0,0,0,0,0,0,0,0,0,0,0,0,0,0,0,0,0,0,0,0,0,0,0,0,0,0,0,0,0,0,0,0,36,30.4,2.1,1,0,0.7,0.2,0,"BAL"
"17188",0,0,0,0,0,0,0,0,0,0,0,0,0,6,0,0,0,0,0,0,0,0,0,0,0,0,25,-5,"Hyppolite, Ruben","LB",NA,"FantasySharks","Ruben","Hyppolite","LB",0,0,0,0,0,0,0,0,0,0,0,0,0,0,0,0,0,0,0,0,0,0,0,0,0,0,0,0,0,0,0,0,0,0,0,0,0,0,0,0,0,0,0,0,0,0,0,0,0,0,3.7,4.7,0,0,0,0,0,0,"CHI"
"17201",0,0,0,0,0,0,0,0,0,0,0,0,0,36.2,0,0,0,0,0,0,0,0,0,0,0,0,22,-5,"James, Shemar","LB",NA,"FantasySharks","Shemar","James","LB",0,0,0,0,0,0,0,0,0,0,0,0,0,0,0,0,0,0,0,0,0,0,0,0,0,0,0,0,0,0,0,0,0,0,0,0,0,0,0,0,0,0,0,0,0,0,0,0,0,0,22.3,27,0.4,0,0,0,0,0,"DAL"
"17203",0,0,0,0,0,0,0,0,0,0,0,0,0,2.9,0,0,0,0,0,0,0,0,0,0,0,0,24,-5,"Bassa, Jeffrey","LB",NA,"FantasySharks","Jeffrey","Bassa","LB",0,0,0,0,0,0,0,0,0,0,0,0,0,0,0,0,0,0,0,0,0,0,0,0,0,0,0,0,0,0,0,0,0,0,0,0,0,0,0,0,0,0,0,0,0,0,0,0,0,0,2.1,0.9,0,0,0,0.4,0,0,"KCC"
"17208",0,0,0,0,0,0,0,0,0,0,0,0,0,32.7,0,0,0,0,0,0,0,0,0,0,0,0,23,-5,"Mauigoa, Francisco","LB",NA,"FantasySharks","Francisco","Mauigoa","LB",0,0,0,0,0,0,0,0,0,0,0,0,0,0,0,0,0,0,0,0,0,0,0,0,0,0,0,0,0,0,0,0,0,0,0,0,0,0,0,0,0,0,0,0,0,0,0,0,0,0,16.9,29,0.7,0.3,0,0.3,0,0,"NYJ"
"17244",0,0,0,0,0,0,0,0,0,0,0,0,0,0.1,0,0,0,0,0,0,0,0,0,0,0,0,24,-5,"Lindenberg, Cody","LB",NA,"FantasySharks","Cody","Lindenberg","LB",0,0,0,0,0,0,0,0,0,0,0,0,0,0,0,0,0,0,0,0,0,0,0,0,0,0,0,0,0,0,0,0,0,0,0,0,0,0,0,0,0,0,0,0,0,0,0,0,0,0,0,0,0,0,0,0,0,0,"LVR"
"17247",0,0,0,0,0,0,0,0,0,0,0,0,0,30.9,0,0,0,0,0,0,0,0,0,0,0,0,25,-5,"Bruener, Carson","LB",NA,"FantasySharks","Carson","Bruener","LB",0,0,0,0,0,0,0,0,0,0,0,0,0,0,0,0,0,0,0,0,0,0,0,0,0,0,0,0,0,0,0,0,0,0,0,0,0,0,0,0,0,0,0,0,0,0,0,0,0,0,18.6,21.8,0.9,0,0,0.3,0.3,0,"PIT"
"17265",0,0,0,0,0,0,0,0,0,0,0,0,0,13.1,0,0,0,0,0,0,0,0,0,0,0,0,25,-5,"Dolac, Shaun","LB",NA,"FantasySharks","Shaun","Dolac","LB",0,0,0,0,0,0,0,0,0,0,0,0,0,0,0,0,0,0,0,0,0,0,0,0,0,0,0,0,0,0,0,0,0,0,0,0,0,0,0,0,0,0,0,0,0,0,0,0,0,0,12.1,2.1,0,0,0,0,0,0,"LAR"
"17286",0,0,0,0,0,0,0,0,0,0,0,0,0,1.5,0,0,0,0,0,0,0,0,0,0,0,0,24,-5,"Higgins, Jay","LB",NA,"FantasySharks","Jay","Higgins","LB",0,0,0,0,0,0,0,0,0,0,0,0,0,0,0,0,0,0,0,0,0,0,0,0,0,0,0,0,0,0,0,0,0,0,0,0,0,0,0,0,0,0,0,0,0,0,0,0,0,0,1,1,0,0,0,0,0,0,"BAL"
"17340",0,0,0,0,0,0,0,0,0,0,0,0,0,2.7,0,0,0,0,0,0,0,0,0,0,0,0,26,-5,"Martin-Scott, Bam","LB",NA,"FantasySharks","Bam","Martin-Scott","LB",0,0,0,0,0,0,0,0,0,0,0,0,0,0,0,0,0,0,0,0,0,0,0,0,0,0,0,0,0,0,0,0,0,0,0,0,0,0,0,0,0,0,0,0,0,0,0,0,0,0,1.4,2.6,0,0,0,0,0,0,"CAR"
"17362",0,0,0,0,0,0,0,0,0,0,0,0,0,1.7,0,0,0,0,0,0,0,0,0,0,0,0,26,-5,"Reid, Karene","LB",NA,"FantasySharks","Karene","Reid","LB",0,0,0,0,0,0,0,0,0,0,0,0,0,0,0,0,0,0,0,0,0,0,0,0,0,0,0,0,0,0,0,0,0,0,0,0,0,0,0,0,0,0,0,0,0,0,0,0,0,0,1.7,0,0,0,0,0,0,0,"DEN"
"17369",0,0,0,0,0,0,0,0,0,0,0,0,0,12.5,0,0,0,0,0,0,0,0,0,0,0,0,26,-3,"Ajiake, Austin","LB",NA,"FantasySharks","Austin","Ajiake","LB",0,0,0,0,0,0,0,0,0,0,0,0,0,0,0,0,0,0,0,0,0,0,0,0,0,0,0,0,0,0,0,0,0,0,0,0,0,0,0,0,0,0,0,0,0,0,0,0,0,0,8.4,8.2,0,0,0,0,0,0,"IND"
"17383",0,0,0,0,0,0,0,0,0,0,0,0,0,1.1,0,0,0,0,0,0,0,0,0,0,0,0,NA,-4,"Jones, Carl","LB",NA,"FantasySharks","Carl","Jones","LB",0,0,0,0,0,0,0,0,0,0,0,0,0,0,0,0,0,0,0,0,0,0,0,0,0,0,0,0,0,0,0,0,0,0,0,0,0,0,0,0,0,0,0,0,0,0,0,0,0,0,0.5,1.2,0,0,0,0,0,0,"BAL"
"17410",0,0,0,0,0,0,0,0,0,0,0,0,0,0.1,0,0,0,0,0,0,0,0,0,0,0,0,26,-5,"Combs, Branson","LB",NA,"FantasySharks","Branson","Combs","LB",0,0,0,0,0,0,0,0,0,0,0,0,0,0,0,0,0,0,0,0,0,0,0,0,0,0,0,0,0,0,0,0,0,0,0,0,0,0,0,0,0,0,0,0,0,0,0,0,0,0,0.1,0,0,0,0,0,0,0,"JAC"
"17556",0,0,0,0,0,0,0,0,0,0,0,0,0,52.3,0,0,0,0,0,0,0,0,0,0,0,0,21,-6,"Reese, Arvell","LB",NA,"FantasySharks","Arvell","Reese","LB",0,0,0,0,0,0,0,0,0,0,0,0,0,0,0,0,0,0,0,0,0,0,0,0,0,0,0,0,0,0,0,0,0,0,0,0,0,0,0,0,0,0,0,0,0,0,0,0,0,0,31.5,34.7,1.5,1.3,0,0.7,0,0,"NYG"
"17557",0,0,0,0,0,0,0,0,0,0,0,0,0,97,0,0,0,0,0,0,0,0,0,0,0,0,22,-6,"Styles, Sonny","LB",NA,"FantasySharks","Sonny","Styles","LB",0,0,0,0,0,0,0,0,0,0,0,0,0,0,0,0,0,0,0,0,0,0,0,0,0,0,0,0,0,0,0,0,0,0,0,0,0,0,0,0,0,0,0,0,0,0,0,0,0,0,61.3,47.7,3.8,5,1,0.5,0.5,0,"WAS"
"17558",0,0,0,0,0,0,0,0,0,0,0,0,0,104.5,0,0,0,0,0,0,0,0,0,0,0,0,21,-6,"Allen, CJ","LB",NA,"FantasySharks","CJ","Allen","LB",0,0,0,0,0,0,0,0,0,0,0,0,0,0,0,0,0,0,0,0,0,0,0,0,0,0,0,0,0,0,0,0,0,0,0,0,0,0,0,0,0,0,0,0,0,0,0,0,0,0,66.5,50.5,1.9,6.7,1.3,1,0.6,0,"IND"
"17560",0,0,0,0,0,0,0,0,0,0,0,0,0,4,0,0,0,0,0,0,0,0,0,0,0,0,21,-6,"Hill Jr., Anthony","LB",NA,"FantasySharks","Anthony","Hill Jr.","LB",0,0,0,0,0,0,0,0,0,0,0,0,0,0,0,0,0,0,0,0,0,0,0,0,0,0,0,0,0,0,0,0,0,0,0,0,0,0,0,0,0,0,0,0,0,0,0,0,0,0,2.2,3.5,0,0,0,0,0,0,"TEN"
"17571",0,0,0,0,0,0,0,0,0,0,0,0,0,5.5,0,0,0,0,0,0,0,0,0,0,0,0,23,-6,"Golday, Jake","LB",NA,"FantasySharks","Jake","Golday","LB",0,0,0,0,0,0,0,0,0,0,0,0,0,0,0,0,0,0,0,0,0,0,0,0,0,0,0,0,0,0,0,0,0,0,0,0,0,0,0,0,0,0,0,0,0,0,0,0,0,0,2.6,1.1,1.7,0,0,0.8,0,0,"MIN"
"17586",0,0,0,0,0,0,0,0,0,0,0,0,0,5.5,0,0,0,0,0,0,0,0,0,0,0,0,24,-6,"Rodriguez, Jacob","LB",NA,"FantasySharks","Jacob","Rodriguez","LB",0,0,0,0,0,0,0,0,0,0,0,0,0,0,0,0,0,0,0,0,0,0,0,0,0,0,0,0,0,0,0,0,0,0,0,0,0,0,0,0,0,0,0,0,0,0,0,0,0,0,1.8,5,0,1.2,0,0,0,0,"MIA"
"17606",0,0,0,0,0,0,0,0,0,0,0,0,0,22.2,0,0,0,0,0,0,0,0,0,0,0,0,22,-6,"Barham, Jaishawn","LB",NA,"FantasySharks","Jaishawn","Barham","LB",0,0,0,0,0,0,0,0,0,0,0,0,0,0,0,0,0,0,0,0,0,0,0,0,0,0,0,0,0,0,0,0,0,0,0,0,0,0,0,0,0,0,0,0,0,0,0,0,0,0,12.2,16,0.6,1.4,0,0,0,0,"DAL"
"17617",0,0,0,0,0,0,0,0,0,0,0,0,0,16.2,0,0,0,0,0,0,0,0,0,0,0,0,22,-6,"Rolder, Jimmy","LB",NA,"FantasySharks","Jimmy","Rolder","LB",0,0,0,0,0,0,0,0,0,0,0,0,0,0,0,0,0,0,0,0,0,0,0,0,0,0,0,0,0,0,0,0,0,0,0,0,0,0,0,0,0,0,0,0,0,0,0,0,0,0,10.5,10.2,0.6,0,0,0,0,0,"DET"
"17621",0,0,0,0,0,0,0,0,0,0,0,0,0,7.5,0,0,0,0,0,0,0,0,0,0,0,0,22,-6,"Woodaz, Wade","LB",NA,"FantasySharks","Wade","Woodaz","LB",0,0,0,0,0,0,0,0,0,0,0,0,0,0,0,0,0,0,0,0,0,0,0,0,0,0,0,0,0,0,0,0,0,0,0,0,0,0,0,0,0,0,0,0,0,0,0,0,0,0,4.8,3.4,0,0,0,1,0,0,"HOU"
"17623",0,0,0,0,0,0,0,0,0,0,0,0,0,27.5,0,0,0,0,0,0,0,0,0,0,0,0,23,-6,"Elarms-Orr, Kaleb","LB",NA,"FantasySharks","Kaleb","Elarms-Orr","LB",0,0,0,0,0,0,0,0,0,0,0,0,0,0,0,0,0,0,0,0,0,0,0,0,0,0,0,0,0,0,0,0,0,0,0,0,0,0,0,0,0,0,0,0,0,0,0,0,0,0,15.5,22.7,0.2,0.4,0,0,0,0,"BUF"
"17629",0,0,0,0,0,0,0,0,0,0,0,0,0,76.4,0,0,0,0,0,0,0,0,0,0,0,0,24,-6,"Boettcher, Bryce","LB",NA,"FantasySharks","Bryce","Boettcher","LB",0,0,0,0,0,0,0,0,0,0,0,0,0,0,0,0,0,0,0,0,0,0,0,0,0,0,0,0,0,0,0,0,0,0,0,0,0,0,0,0,0,0,0,0,0,0,0,0,0,0,49.2,42.9,0,3.6,0.3,0.9,0.5,0,"IND"
"17665",0,0,0,0,0,0,0,0,0,0,0,0,0,29.5,0,0,0,0,0,0,0,0,0,0,0,0,24,-6,"Obiazor, Namdi","LB",NA,"FantasySharks","Namdi","Obiazor","LB",0,0,0,0,0,0,0,0,0,0,0,0,0,0,0,0,0,0,0,0,0,0,0,0,0,0,0,0,0,0,0,0,0,0,0,0,0,0,0,0,0,0,0,0,0,0,0,0,0,0,14.9,22.9,1.4,1,0.4,0,0,0,"NEP"
"17690",0,0,0,0,0,0,0,0,0,0,0,0,0,6.7,0,0,0,0,0,0,0,0,0,0,0,0,21,-6,"Hughes, Parker","LB",NA,"FantasySharks","Parker","Hughes","LB",0,0,0,0,0,0,0,0,0,0,0,0,0,0,0,0,0,0,0,0,0,0,0,0,0,0,0,0,0,0,0,0,0,0,0,0,0,0,0,0,0,0,0,0,0,0,0,0,0,0,1.7,7.7,0,1.2,0,0,0,0,"JAC"
"17700",0,0,0,0,0,0,0,0,0,0,0,0,0,17,0,0,0,0,0,0,0,0,0,0,0,0,23,-6,"Murdock, Red","LB",NA,"FantasySharks","Red","Murdock","LB",0,0,0,0,0,0,0,0,0,0,0,0,0,0,0,0,0,0,0,0,0,0,0,0,0,0,0,0,0,0,0,0,0,0,0,0,0,0,0,0,0,0,0,0,0,0,0,0,0,0,9.8,11.2,1.2,0.4,0,0,0,0,"DEN"
"11317",0,0,0,0,0,0,0,0,0,0,0,0,0,47.1,0,0,0,0,0,0,0,0,0,0,0,0,35,7,"Poyer, Jordan","DB",NA,"FantasySharks","Jordan","Poyer","S",0,0,0,0,0,0,0,0,0,0,0,0,0,0,0,0,0,19,0,0,0,0,0,0,0,0,0,0,0,0,0,0,0,0,0,0,0,0,0,0,0,0,0,0,0,0,0,0,0,0,26.5,34,0.1,3.3,0.1,0,0,0,"BUF"
"11327",0,0,0,0,0,0,0,0,0,0,0,0,0,60.6,0,0,0,0,0,0,0,0,0,0,0,0,34,7,"Jefferson, Tony","DB",NA,"FantasySharks","Tony","Jefferson","S",0,0,0,0,0,0,0,0,0,0,0,0,0,0,0,0,0,0,0,0,0,0,0,0,0,0,0,0,0,0,0,0,0,0,0,0,0,0,0,0,0,0,0,0,0,0,0,0,0,0,35,23.7,0,6.1,2.9,0.9,0.9,0,"LAC"
"12711",0,0,0,0,0,0,0,0,0,0,0,0,0,58.5,0,0,0,0,0,0,0,0,0,0,0,0,32,4,"Ramsey, Jalen","DB",NA,"FantasySharks","Jalen","Ramsey","CB",0,0,0,0,0,0,0,0,0,0,0,0,0,0,0,0,0,0,0,0,0,0,0,0,0,0,0,0,0,0,0,0,0,0,0,0,0,0,0,0,0,0,0,0,0,0,0,0,0,0,38.3,23.4,1.6,6.5,0.2,0,0,0,"PIT"
"12716",0,0,0,0,0,0,0,0,0,0,0,0,0,16.3,0,0,0,0,0,0,0,0,0,0,0,0,32,4,"Mills, Jalen","DB",NA,"FantasySharks","Jalen","Mills","S",0,0,0,0,0,0,0,0,0,0,0,0,0,0,0,0,0,0,0,0,0,0,0,0,0,0,0,0,0,0,0,0,0,0,0,0,0,0,0,0,0,0,0,0,0,0,0,0,0,0,9.6,9.2,0,2.1,0,0,0,0,"DET"
"12752",0,0,0,0,0,0,0,0,0,0,0,0,0,90.1,0,0,0,0,0,0,0,0,0,0,0,0,33,4,"Byard, Kevin","DB",NA,"FantasySharks","Kevin","Byard","S",0,0,0,0,0,0,0,0,0,0,0,0,0,0,0,0,0,0,0,0,0,0,0,0,0,0,0,0,0,0,0,0,0,0,0,0,0,0,0,0,0,0,0,0,0,0,0,0,0,0,56.1,28.1,0.9,10.1,4.5,0,0,0,"NEP"
"12772",0,0,0,0,0,0,0,0,0,0,0,0,0,82.3,0,0,0,0,0,0,0,0,0,0,0,0,32,4,"Murray, Eric","DB",NA,"FantasySharks","Eric","Murray","S",0,0,0,0,0,0,0,0,0,0,0,0,0,0,0,0,0,0,0,0,0,0,0,0,0,0,0,0,0,0,0,0,0,0,0,0,0,0,0,0,0,0,0,0,0,0,0,0,0,0,55.3,28.1,1.2,7.8,2,0,0,0.2,"JAC"
"12988",0,0,0,0,0,0,0,0,0,0,0,0,0,32.4,0,0,0,0,0,0,0,0,0,0,0,0,33,4,"Jones, Jonathan","DB",NA,"FantasySharks","Jonathan","Jones","CB",0,0,0,0,0,0,0,0,0,0,0,0,0,0,0,0,0,0,0,0,0,0,0,0,0,0,0,0,0,0,0,0,0,0,0,0,0,0,0,0,0,0,0,0,0,0,0,0,0,0,22.2,9.9,0.4,4.8,0,0,0,0,"PHI"
"13223",0,0,0,0,0,0,0,0,0,0,0,0,0,91.3,0,0,0,0,0,0,0,0,0,0,0,0,30,3,"Humphrey, Marlon","DB",NA,"FantasySharks","Marlon","Humphrey","CB",0,0,0,0,0,0,0,0,0,0,0,0,0,0,0,0,0,0,0,0,0,0,0,0,0,0,0,0,0,0,0,0,0,0,0,0,0,0,0,0,0,0,0,0,0,0,0,0,0,0,54,20.8,1.5,14,4.2,2.4,0.7,0.5,"BAL"
"13227",0,0,0,0,0,0,0,0,0,0,0,0,0,55.4,0,0,0,0,0,0,0,0,0,0,0,0,31,3,"Lewis, Jourdan","DB",NA,"FantasySharks","Jourdan","Lewis","CB",0,0,0,0,0,0,0,0,0,0,0,0,0,0,0,0,0,0,0,0,0,0,0,0,0,0,0,0,0,0,0,0,0,0,0,0,0,0,0,0,0,0,0,0,0,0,0,0,0,0,32.6,17.4,0.4,9.8,1.9,0,0,0,"JAC"
"13228",0,0,0,0,0,0,0,0,0,0,0,0,0,88.2,0,0,0,0,0,0,0,0,0,0,0,0,30,3,"Hooker, Malik","DB",NA,"FantasySharks","Malik","Hooker","S",0,0,0,0,0,0,0,0,0,0,0,0,0,0,0,0,0,0,0,0,0,0,0,0,0,0,0,0,0,0,0,0,0,0,0,0,0,0,0,0,0,0,0,0,0,0,0,0,0,0,54,43.6,0.4,6.7,2,0.9,0.3,0.4,"DAL"
"13231",0,0,0,0,0,0,0,0,0,0,0,0,0,34.4,0,0,0,0,0,0,0,0,0,0,0,0,31,3,"Peppers, Jabrill","DB",NA,"FantasySharks","Jabrill","Peppers","S",0,0,0,0,0,0,0,0,0,0,0,0,0,0,0,0,0,0,0,0,0,0,0,0,0,0,0,0,0,0,0,0,0,0,0,0,0,0,0,0,0,0,0,0,0,0,0,0,0,0,20.1,21.7,0.3,2.5,0.3,0,0,0,"PIT"
"13249",0,0,0,0,0,0,0,0,0,0,0,0,0,40.3,0,0,0,0,0,0,0,0,0,0,0,0,31,3,"White, Tre'Davious","DB",NA,"FantasySharks","Tre'Davious","White","CB",0,0,0,0,0,0,0,0,0,0,0,0,0,0,0,0,0,0,0,0,0,0,0,0,0,0,0,0,0,0,0,0,0,0,0,0,0,0,0,0,0,0,0,0,0,0,0,0,0,0,24.3,10.8,0,9.2,0.7,0,0,0,"BUF"
"13251",0,0,0,0,0,0,0,0,0,0,0,0,0,96.4,0,0,0,0,0,0,0,0,0,0,0,0,30,3,"Baker, Budda","DB",NA,"FantasySharks","Budda","Baker","S",0,0,0,0,0,0,0,0,0,0,0,0,0,0,0,0,0,0,0,0,0,0,0,0,0,0,0,0,0,0,0,0,0,0,0,0,0,0,0,0,0,0,0,0,0,0,0,0,0,0,62.3,52,1,5.1,0.6,0.4,0.4,0,"ARI"
"13263",0,0,0,0,0,0,0,0,0,0,0,0,0,46.5,0,0,0,0,0,0,0,0,0,0,0,0,31,3,"Awuzie, Chidobe","DB",NA,"FantasySharks","Chidobe","Awuzie","CB",0,0,0,0,0,0,0,0,0,0,0,0,0,0,0,0,0,0,0,0,0,0,0,0,0,0,0,0,0,0,0,0,0,0,0,0,0,0,0,0,0,0,0,0,0,0,0,0,0,0,30.5,12.2,0.1,8.5,0.5,0.3,0,0.2,"BAL"
"13270",0,0,0,0,0,0,0,0,0,0,0,0,0,16.2,0,0,0,0,0,0,0,0,0,0,0,0,32,3,"Moreau, Fabian","DB",NA,"FantasySharks","Fabian","Moreau","CB",0,0,0,0,0,0,0,0,0,0,0,0,0,0,0,0,0,0,0,0,0,0,0,0,0,0,0,0,0,0,0,0,0,0,0,0,0,0,0,0,0,0,0,0,0,0,0,0,0,0,11.8,5.7,0.5,1,0,0,0,0,"WAS"
"13281",0,0,0,0,0,0,0,0,0,0,0,0,0,58.5,0,0,0,0,0,0,0,0,0,0,0,0,32,3,"Douglas, Rasul","DB",NA,"FantasySharks","Rasul","Douglas","CB",0,0,0,0,0,0,0,0,0,0,0,0,0,0,0,0,0,66,0,0,0,0,0,0,0,0,0,0,0,0,0,0,0,0,0,0,0,0,0,0,0,0,0,0,0,0,0,0,0,0,33.9,27.5,0.5,8,0.8,0.9,0,0,"WAS"
"13322",0,0,0,0,0,0,0,0,0,0,0,0,0,39.8,0,0,0,0,0,0,0,0,0,0,0,0,31,3,"Clark, Chuck","DB",NA,"FantasySharks","Chuck","Clark","S",0,0,0,0,0,0,0,0,0,0,0,0,0,0,0,0,0,0,0,0,0,0,0,0,0,0,0,0,0,0,0,0,0,0,0,0,0,0,0,0,0,0,0,0,0,0,0,0,0,0,29.3,16.1,0,0.8,0,1.7,0,0,"DET"
"13414",0,0,0,0,0,0,0,0,0,0,0,0,0,42.4,0,0,0,0,0,0,0,0,0,0,0,0,32,4,"Hilton, Mike","DB",NA,"FantasySharks","Mike","Hilton","CB",0,0,0,0,0,0,0,0,0,0,0,0,0,0,0,0,0,0,0,0,0,0,0,0,0,0,0,0,0,0,0,0,0,0,0,0,0,0,0,0,0,0,0,0,0,0,0,0,0,0,31.3,13.4,0,3.2,0,0.8,0.4,0,"IND"
"13479",0,0,0,0,0,0,0,0,0,0,0,0,0,20.4,0,0,0,0,0,0,0,0,0,0,0,0,31,3,"Davis, Michael","DB",NA,"FantasySharks","Michael","Davis","CB",0,0,0,0,0,0,0,0,0,0,0,0,0,0,0,0,0,0,0,0,0,0,0,0,0,0,0,0,0,0,0,0,0,0,0,0,0,0,0,0,0,0,0,0,0,0,0,0,0,0,12,9.9,0.2,3.1,0,0,0,0,"NOS"
"13707",0,0,0,0,0,0,0,0,0,0,0,0,0,51.9,0,0,0,0,0,0,0,0,0,0,0,0,29,2,"Ward, Denzel","DB",NA,"FantasySharks","Denzel","Ward","CB",0,0,0,0,0,0,0,0,0,0,0,0,0,0,0,0,0,0,0,0,0,0,0,0,0,0,0,0,0,0,0,0,0,0,0,0,0,0,0,0,0,0,0,0,0,0,0,0,0,0,33.6,10.5,0,10.9,0.9,0.1,0.1,0,"CLE"
"13709",0,0,0,0,0,0,0,0,0,0,0,0,0,39.7,0,0,0,0,0,0,0,0,0,0,0,0,30,2,"Oliver, Isaiah","DB",NA,"FantasySharks","Isaiah","Oliver","S",0,0,0,0,0,0,0,0,0,0,0,0,0,0,0,0,0,0,0,0,0,0,0,0,0,0,0,0,0,0,0,0,0,0,0,0,0,0,0,0,0,0,0,0,0,0,0,0,0,0,27.1,19.6,0,2.8,0,0,0,0,"ARI"
"13710",0,0,0,0,0,0,0,0,0,0,0,0,0,73.4,0,0,0,0,0,0,0,0,0,0,0,0,30,2,"Davis, Carlton","DB",NA,"FantasySharks","Carlton","Davis","CB",0,0,0,0,0,0,0,0,0,0,0,0,0,0,0,0,0,0,0,0,0,0,0,0,0,0,0,0,0,0,0,0,0,0,0,0,0,0,0,0,0,0,0,0,0,0,0,0,0,0,46,27.1,0,10.9,1.3,0.3,0,0,"NEP"
"13713",0,0,0,0,0,0,0,0,0,0,0,0,0,86.2,0,0,0,0,0,0,0,0,0,0,0,0,30,2,"Fitzpatrick, Minkah","DB",NA,"FantasySharks","Minkah","Fitzpatrick","S",0,0,0,0,0,0,0,0,0,0,0,0,0,0,0,0,0,0,0,0,0,0,0,0,0,0,0,0,0,0,0,0,0,0,0,0,0,0,0,0,0,0,0,0,0,0,0,0,0,0,61.4,26.1,0.7,7.2,0.6,1.3,1.3,0,"NYJ"
"13714",0,0,0,0,0,0,0,0,0,0,0,0,0,81.6,0,0,0,0,0,0,0,0,0,0,0,0,30,2,"James, Derwin","DB",NA,"FantasySharks","Derwin","James","S",0,0,0,0,0,0,0,0,0,0,0,0,0,0,0,0,0,0,0,0,0,0,0,0,0,0,0,0,0,0,0,0,0,0,0,0,0,0,0,0,0,0,0,0,0,0,0,0,0,0,49.4,34.4,2.2,7,2.2,0.7,0.7,0,"LAC"
"13717",0,0,0,0,0,0,0,0,0,0,0,0,0,70.1,0,0,0,0,0,0,0,0,0,0,0,0,29,2,"Reid, Justin","DB",NA,"FantasySharks","Justin","Reid","S",0,0,0,0,0,0,0,0,0,0,0,0,0,0,0,0,0,0,0,0,0,0,0,0,0,0,0,0,0,0,0,0,0,0,0,0,0,0,0,0,0,0,0,0,0,0,0,0,0,0,42.6,32.1,0.4,8.3,1.4,0,0,0.8,"NOS"
"13731",0,0,0,0,0,0,0,0,0,0,0,0,0,69.9,0,0,0,0,0,0,0,0,0,0,0,0,29,2,"Hughes, Mike","DB",NA,"FantasySharks","Mike","Hughes","CB",0,0,0,0,0,0,0,0,0,0,0,0,0,0,0,0,0,28,0,0,0,0,0,0,0,0,0,0,0,0,0,0,0,0,0,0,0,0,0,0,0,0,0,0,0,0,0,0,0,0,52.4,14.6,0,8.6,0.5,0.6,0,0,"ATL"
"13736",0,0,0,0,0,0,0,0,0,0,0,0,0,17.9,0,0,0,0,0,0,0,0,0,0,0,0,31,2,"Stewart, M.J.","DB",NA,"FantasySharks","M.J.","Stewart","S",0,0,0,0,0,0,0,0,0,0,0,0,0,0,0,0,0,0,0,0,0,0,0,0,0,0,0,0,0,0,0,0,0,0,0,0,0,0,0,0,0,0,0,0,0,0,0,0,0,0,11.1,8.9,0,1.2,0,1.2,0,0,"HOU"
"13737",0,0,0,0,0,0,0,0,0,0,0,0,0,87.4,0,0,0,0,0,0,0,0,0,0,0,0,29,2,"Bates, Jessie","DB",NA,"FantasySharks","Jessie","Bates","S",0,0,0,0,0,0,0,0,0,0,0,0,0,0,0,0,0,0,0,0,0,0,0,0,0,0,0,0,0,0,0,0,0,0,0,0,0,0,0,0,0,0,0,0,0,0,0,0,0,0,53.6,36.3,0.4,6.8,2.9,2,0.4,1.3,"ATL"
"13738",0,0,0,0,0,0,0,0,0,0,0,0,0,39.3,0,0,0,0,0,0,0,0,0,0,0,0,31,2,"Jackson, Donte","DB",NA,"FantasySharks","Donte","Jackson","CB",0,0,0,0,0,0,0,0,0,0,0,0,0,0,0,0,0,0,0,0,0,0,0,0,0,0,0,0,0,0,0,0,0,0,0,0,0,0,0,0,0,0,0,0,0,0,0,0,0,0,20.5,8.4,0,8.7,2.9,0,0,0,"LAC"
"13754",0,0,0,0,0,0,0,0,0,0,0,0,0,35.2,0,0,0,0,0,0,0,0,0,0,0,0,30,2,"Yiadom, Isaac","DB",NA,"FantasySharks","Isaac","Yiadom","CB",0,0,0,0,0,0,0,0,0,0,0,0,0,0,0,0,0,0,0,0,0,0,0,0,0,0,0,0,0,0,0,0,0,0,0,0,0,0,0,0,0,0,0,0,0,0,0,0,0,0,24.1,13.2,0,3.4,0.4,0.4,0,0,"NOS"
"13764",0,0,0,0,0,0,0,0,0,0,0,0,0,33.7,0,0,0,0,0,0,0,0,0,0,0,0,30,2,"Johnson, Taron","DB",NA,"FantasySharks","Taron","Johnson","CB",0,0,0,0,0,0,0,0,0,0,0,0,0,0,0,0,0,0,0,0,0,0,0,0,0,0,0,0,0,0,0,0,0,0,0,0,0,0,0,0,0,0,0,0,0,0,0,0,0,0,22.2,17.9,0,2.5,0,0,0,0,"LVR"
"13767",0,0,0,0,0,0,0,0,0,0,0,0,0,42,0,0,0,0,0,0,0,0,0,0,0,0,30,2,"Maddox, Avonte","DB",NA,"FantasySharks","Avonte","Maddox","CB",0,0,0,0,0,0,0,0,0,0,0,0,0,0,0,0,0,3,0,0,0,0,0,0,0,0,0,0,0,0,0,0,0,0,0,0,0,0,0,0,0,0,0,0,0,0,0,0,0,0,27.6,13.8,0,4.7,1.3,0.3,0,0,"DET"
"13774",0,0,0,0,0,0,0,0,0,0,0,0,0,66.8,0,0,0,0,0,0,0,0,0,0,0,0,30,2,"Reed, D.J.","DB",NA,"FantasySharks","D.J.","Reed","CB",0,0,0,0,0,0,0,0,0,0,0,0,0,0,0,0,0,0,0,0,0,0,0,0,0,0,0,0,0,0,0,0,0,0,0,0,0,0,0,0,0,0,0,0,0,0,0,0,0,0,45.1,21.6,0,7.5,0.8,1.2,0.6,0,"DET"
"13806",0,0,0,0,0,0,0,0,0,0,0,0,0,100.9,0,0,0,0,0,0,0,0,0,0,0,0,29,2,"Elliott, DeShon","DB",NA,"FantasySharks","DeShon","Elliott","S",0,0,0,0,0,0,0,0,0,0,0,0,0,0,0,0,0,0,0,0,0,0,0,0,0,0,0,0,0,0,0,0,0,0,0,0,0,0,0,0,0,0,0,0,0,0,0,0,0,0,64,37.1,1.7,8.7,2.6,1.5,1.3,0.5,"PIT"
"13920",0,0,0,0,0,0,0,0,0,0,0,0,0,48.8,0,0,0,0,0,0,0,0,0,0,0,0,30,2,"Ward, Charvarius","DB",NA,"FantasySharks","Charvarius","Ward","CB",0,0,0,0,0,0,0,0,0,0,0,0,0,0,0,0,0,0,0,0,0,0,0,0,0,0,0,0,0,0,0,0,0,0,0,0,0,0,0,0,0,0,0,0,0,0,0,0,0,0,34.2,19.4,0.4,4.5,0,0,0,0,"IND"
"13942",0,0,0,0,0,0,0,0,0,0,0,0,0,0.5,0,0,0,0,0,0,0,0,0,0,0,0,30,2,"Gray, J.T.","DB",NA,"FantasySharks","J.T.","Gray","S",0,0,0,0,0,0,0,0,0,0,0,0,0,0,0,0,0,1,0,0,0,0,0,0,0,0,0,0,0,0,0,0,0,0,0,0,0,0,0,0,0,0,0,0,0,0,0,0,0,0,0.4,0.2,0,0,0,0,0,0.4,"PHI"
"13953",0,0,0,0,0,0,0,0,0,0,0,0,0,21.1,0,0,0,0,0,0,0,0,0,0,0,0,30,2,"Thomas, Tavierre","DB",NA,"FantasySharks","Tavierre","Thomas","CB",0,0,0,0,0,0,0,0,0,0,0,0,0,0,0,0,0,0,0,0,0,0,0,0,0,0,0,0,0,0,0,0,0,0,0,0,0,0,0,0,0,0,0,0,0,0,0,0,0,0,14.6,8,0,1.7,0,0.8,0,0,"MIN"
"14037",0,0,0,0,0,0,0,0,0,0,0,0,0,42.6,0,0,0,0,0,0,0,0,0,0,0,0,30,2,"Davis, Jalen","DB",NA,"FantasySharks","Jalen","Davis","CB",0,0,0,0,0,0,0,0,0,0,0,0,0,0,0,0,0,0,0,0,0,0,0,0,0,0,0,0,0,0,0,0,0,0,0,0,0,0,0,0,0,0,0,0,0,0,0,0,0,0,22.2,24.8,0.7,3.3,1,1.8,0.3,0.3,"CIN"
"14179",0,0,0,0,0,0,0,0,0,0,0,0,0,99.2,0,0,0,0,0,0,0,0,0,0,0,0,28,1,"Love, Julian","DB",NA,"FantasySharks","Julian","Love","S",0,0,0,0,0,0,0,0,0,0,0,0,0,0,0,0,0,0,0,0,0,0,0,0,0,0,0,0,0,0,0,0,0,0,0,0,0,0,0,0,0,0,0,0,0,0,0,0,0,0,63,26.4,1.8,11.9,4.3,0.4,0.4,0,"SEA"
"14180",0,0,0,0,0,0,0,0,0,0,0,0,0,55.6,0,0,0,0,0,0,0,0,0,0,0,0,28,1,"Murphy, Byron","DB",NA,"FantasySharks","Byron","Murphy","CB",0,0,0,0,0,0,0,0,0,0,0,0,0,0,0,0,0,0,0,0,0,0,0,0,0,0,0,0,0,0,0,0,0,0,0,0,0,0,0,0,0,0,0,0,0,0,0,0,0,0,37.1,21,0.7,5.3,1,0,0,0,"MIN"
"14182",0,0,0,0,0,0,0,0,0,0,0,0,0,55.7,0,0,0,0,0,0,0,0,0,0,0,0,28,1,"Hooker, Amani","DB",NA,"FantasySharks","Amani","Hooker","S",0,0,0,0,0,0,0,0,0,0,0,0,0,0,0,0,0,0,0,0,0,0,0,0,0,0,0,0,0,0,0,0,0,0,0,0,0,0,0,0,0,0,0,0,0,0,0,0,0,0,37.3,18.6,0.3,5.8,1.3,0.4,0,0,"TEN"
"14198",0,0,0,0,0,0,0,0,0,0,0,0,0,47.1,0,0,0,0,0,0,0,0,0,0,0,0,30,1,"Ya-Sin, Rock","DB",NA,"FantasySharks","Rock","Ya-Sin","CB",0,0,0,0,0,0,0,0,0,0,0,0,0,0,0,0,0,0,0,0,0,0,0,0,0,0,0,0,0,0,0,0,0,0,0,0,0,0,0,0,0,0,0,0,0,0,0,0,0,0,28.4,20.6,0,8.1,0,0.3,0,0,"DET"
"14199",0,0,0,0,0,0,0,0,0,0,0,0,0,34.7,0,0,0,0,0,0,0,0,0,0,0,0,29,1,"Murphy-Bunting, Sean","DB",NA,"FantasySharks","Sean","Murphy-Bunting","CB",0,0,0,0,0,0,0,0,0,0,0,0,0,0,0,0,0,0,0,0,0,0,0,0,0,0,0,0,0,0,0,0,0,0,0,0,0,0,0,0,0,0,0,0,0,0,0,0,0,0,19.8,14.5,0,3.4,1.4,1.4,0,0,"ARI"
"14205",0,0,0,0,0,0,0,0,0,0,0,0,0,61.5,0,0,0,0,0,0,0,0,0,0,0,0,31,1,"Johnson, Lonnie","DB",NA,"FantasySharks","Lonnie","Johnson","S",0,0,0,0,0,0,0,0,0,0,0,0,0,0,0,0,0,0,0,0,0,0,0,0,0,0,0,0,0,0,0,0,0,0,0,0,0,0,0,0,0,0,0,0,0,0,0,0,0,0,39,20.6,0.4,8.7,1.6,0,0,0,"MIA"
"14213",0,0,0,0,0,0,0,0,0,0,0,0,0,43.7,0,0,0,0,0,0,0,0,0,0,0,0,31,1,"Harris, Will","DB",NA,"FantasySharks","Will","Harris","S",0,0,0,0,0,0,0,0,0,0,0,0,0,0,0,0,0,0,0,0,0,0,0,0,0,0,0,0,0,0,0,0,0,0,0,0,0,0,0,0,0,0,0,0,0,0,0,0,0,0,26.9,21.3,1,4,0,1.1,0,0,"WAS"
"14219",0,0,0,0,0,0,0,0,0,0,0,0,0,43.6,0,0,0,0,0,0,0,0,0,0,0,0,30,1,"Dean, Jamel","DB",NA,"FantasySharks","Jamel","Dean","CB",0,0,0,0,0,0,0,0,0,0,0,0,0,0,0,0,0,0,0,0,0,0,0,0,0,0,0,0,0,0,0,0,0,0,0,0,0,0,0,0,0,0,0,0,0,0,0,0,0,0,27.7,16.6,0,4.9,1,0.5,0,0.5,"PIT"
"14224",0,0,0,0,0,0,0,0,0,0,0,0,0,43.4,0,0,0,0,0,0,0,0,0,0,0,0,29,1,"Gardner-Johnson, Chauncey","DB",NA,"FantasySharks","Chauncey","Gardner-Johnson","S",0,0,0,0,0,0,0,0,0,0,0,0,0,0,0,0,0,0,0,0,0,0,0,0,0,0,0,0,0,0,0,0,0,0,0,0,0,0,0,0,0,0,0,0,0,0,0,0,0,0,28.1,20,1.1,2.6,0.6,0.4,0,0,"BUF"
"14245",0,0,0,0,0,0,0,0,0,0,0,0,0,18.1,0,0,0,0,0,0,0,0,0,0,0,0,30,1,"Oruwariye, Amani","DB",NA,"FantasySharks","Amani","Oruwariye","CB",0,0,0,0,0,0,0,0,0,0,0,0,0,0,0,0,0,0,0,0,0,0,0,0,0,0,0,0,0,0,0,0,0,0,0,0,0,0,0,0,0,0,0,0,0,0,0,0,0,0,14.1,7.4,0,0.3,0,0,0,0,"BAL"
"14252",0,0,0,0,0,0,0,0,0,0,0,0,0,92.7,0,0,0,0,0,0,0,0,0,0,0,0,29,1,"Jackson, Michael","DB",NA,"FantasySharks","Michael","Jackson","CB",0,0,0,0,0,0,0,0,0,0,0,0,0,0,0,0,0,0,0,0,0,0,0,0,0,0,0,0,0,0,0,0,0,0,0,0,0,0,0,0,0,0,0,0,0,0,0,0,0,0,53.2,19.1,0,21.1,4,0.8,0,0.8,"CAR"
"14270",0,0,0,0,0,0,0,0,0,0,0,0,0,63,0,0,0,0,0,0,0,0,0,0,0,0,30,1,"Epps, Marcus","DB",NA,"FantasySharks","Marcus","Epps","S",0,0,0,0,0,0,0,0,0,0,0,0,0,0,0,0,0,0,0,0,0,0,0,0,0,0,0,0,0,0,0,0,0,0,0,0,0,0,0,0,0,0,0,0,0,0,0,0,0,0,48.2,11,0,5.6,0.6,1.8,0.7,0,"PHI"
"14302",0,0,0,0,0,0,0,0,0,0,0,0,0,99.5,0,0,0,0,0,0,0,0,0,0,0,0,31,1,"Scott, Nick","DB",NA,"FantasySharks","Nick","Scott","S",0,0,0,0,0,0,0,0,0,0,0,0,0,0,0,0,0,0,0,0,0,0,0,0,0,0,0,0,0,0,0,0,0,0,0,0,0,0,0,0,0,0,0,0,0,0,0,0,0,0,67.4,50.2,0.2,3.8,1.5,0,0,0,"CAR"
"14328",0,0,0,0,0,0,0,0,0,0,0,0,0,71.6,0,0,0,0,0,0,0,0,0,0,0,0,30,1,"Wingard, Andrew","DB",NA,"FantasySharks","Andrew","Wingard","S",0,0,0,0,0,0,0,0,0,0,0,0,0,0,0,0,0,0,0,0,0,0,0,0,0,0,0,0,0,0,0,0,0,0,0,0,0,0,0,0,0,0,0,0,0,0,0,0,0,0,47.1,33.1,0,6.3,0.5,0.3,0.3,0,"ARI"
"14414",0,0,0,0,0,0,0,0,0,0,0,0,0,1.9,0,0,0,0,0,0,0,0,0,0,0,0,31,2,"Owens, Jonathan","DB",NA,"FantasySharks","Jonathan","Owens","S",0,0,0,0,0,0,0,0,0,0,0,0,0,0,0,0,0,0,0,0,0,0,0,0,0,0,0,0,0,0,0,0,0,0,0,0,0,0,0,0,0,0,0,0,0,0,0,0,0,0,1.8,0.2,0,0,0,0,0,0,"IND"
"14434",0,0,0,0,0,0,0,0,0,0,0,0,0,90.5,0,0,0,0,0,0,0,0,0,0,0,0,30,2,"Reaves, Jeremy","DB",NA,"FantasySharks","Jeremy","Reaves","S",0,0,0,0,0,0,0,0,0,0,0,0,0,0,0,0,0,0,0,0,0,0,0,0,0,0,0,0,0,0,0,0,0,0,0,0,0,0,0,0,0,0,0,0,0,0,0,0,0,0,57.3,34.5,0.7,10.6,2,0.5,0.3,0,"WAS"
"14452",0,0,0,0,0,0,0,0,0,0,0,0,0,35,0,0,0,0,0,0,0,0,0,0,0,0,30,2,"Lammons, Chris","DB",NA,"FantasySharks","Chris","Lammons","CB",0,0,0,0,0,0,0,0,0,0,0,0,0,0,0,0,0,0,0,0,0,0,0,0,0,0,0,0,0,0,0,0,0,0,0,0,0,0,0,0,0,0,0,0,0,0,0,0,0,0,24.2,11.1,0,4.2,0.2,0.3,0.3,0,"IND"
"14518",0,0,0,0,0,0,0,0,0,0,0,0,0,70.9,0,0,0,0,0,0,0,0,0,0,0,0,28,1,"Thompson, Jalen","DB",NA,"FantasySharks","Jalen","Thompson","S",0,0,0,0,0,0,0,0,0,0,0,0,0,0,0,0,0,0,0,0,0,0,0,0,0,0,0,0,0,0,0,0,0,0,0,0,0,0,0,0,0,0,0,0,0,0,0,0,0,0,50.3,31.9,0.3,4,0,0.3,0,0,"DAL"
"14669",0,0,0,0,0,0,0,0,0,0,0,0,0,72.6,0,0,0,0,0,0,0,0,0,0,0,0,29,1,"Nixon, Keisean","DB",NA,"FantasySharks","Keisean","Nixon","CB",0,0,0,0,0,0,0,0,0,0,0,0,0,0,0,0,0,183,0,0,0,0,0,0,0,0,0,0,0,0,0,0,0,0,0,0,0,0,0,0,0,0,0,0,0,0,0,0,0,0,50.3,15.9,0.4,10.7,0.9,0.9,0.6,0,"GBP"
"14902",0,0,0,0,0,0,0,0,0,0,0,0,0,25.9,0,0,0,0,0,0,0,0,0,0,0,0,27,0,"Okudah, Jeff","DB",NA,"FantasySharks","Jeff","Okudah","CB",0,0,0,0,0,0,0,0,0,0,0,0,0,0,0,0,0,0,0,0,0,0,0,0,0,0,0,0,0,0,0,0,0,0,0,0,0,0,0,0,0,0,0,0,0,0,0,0,0,0,20.6,5.2,0,2,0,0.3,0.3,0,"MIN"
"14904",0,0,0,0,0,0,0,0,0,0,0,0,0,37.4,0,0,0,0,0,0,0,0,0,0,0,0,28,0,"Fulton, Kristian","DB",NA,"FantasySharks","Kristian","Fulton","CB",0,0,0,0,0,0,0,0,0,0,0,0,0,0,0,0,0,0,0,0,0,0,0,0,0,0,0,0,0,0,0,0,0,0,0,0,0,0,0,0,0,0,0,0,0,0,0,0,0,0,26.1,10,0.4,5.8,0,0,0,0,"KCC"
"14907",0,0,0,0,0,0,0,0,0,0,0,0,0,74.5,0,0,0,0,0,0,0,0,0,0,0,0,28,0,"Delpit, Grant","DB",NA,"FantasySharks","Grant","Delpit","S",0,0,0,0,0,0,0,0,0,0,0,0,0,0,0,0,0,0,0,0,0,0,0,0,0,0,0,0,0,0,0,0,0,0,0,0,0,0,0,0,0,0,0,0,0,0,0,0,0,0,50.2,35.7,2.5,2.1,0.1,1.3,0.4,0.3,"CLE"
"14908",0,0,0,0,0,0,0,0,0,0,0,0,0,93.2,0,0,0,0,0,0,0,0,0,0,0,0,27,0,"McKinney, Xavier","DB",NA,"FantasySharks","Xavier","McKinney","S",0,0,0,0,0,0,0,0,0,0,0,0,0,0,0,0,0,0,0,0,0,0,0,0,0,0,0,0,0,0,0,0,0,0,0,0,0,0,0,0,0,0,0,0,0,0,0,0,0,0,58.9,42.8,0.3,8.8,1.6,0.3,0.2,0,"GBP"
"14909",0,0,0,0,0,0,0,0,0,0,0,0,0,84.1,0,0,0,0,0,0,0,0,0,0,0,0,28,0,"Winfield, Antoine","DB",NA,"FantasySharks","Antoine","Winfield","S",0,0,0,0,0,0,0,0,0,0,0,0,0,0,0,0,0,0,0,0,0,0,0,0,0,0,0,0,0,0,0,0,0,0,0,0,0,0,0,0,0,0,0,0,0,0,0,0,0,0,52.4,39,1.5,7.1,1.4,0.5,0.5,0.5,"TBB"
"14910",0,0,0,0,0,0,0,0,0,0,0,0,0,77,0,0,0,0,0,0,0,0,0,0,0,0,28,0,"Jones, Brandon","DB",NA,"FantasySharks","Brandon","Jones","S",0,0,0,0,0,0,0,0,0,0,0,0,0,0,0,0,0,0,0,0,0,0,0,0,0,0,0,0,0,0,0,0,0,0,0,0,0,0,0,0,0,0,0,0,0,0,0,0,0,0,51.3,32.3,0.2,7.2,1,0.2,0.2,0,"DEN"
"14911",0,0,0,0,0,0,0,0,0,0,0,0,0,48.4,0,0,0,0,0,0,0,0,0,0,0,0,30,0,"Davis, Ashtyn","DB",NA,"FantasySharks","Ashtyn","Davis","S",0,0,0,0,0,0,0,0,0,0,0,0,0,0,0,0,0,0,0,0,0,0,0,0,0,0,0,0,0,0,0,0,0,0,0,0,0,0,0,0,0,0,0,0,0,0,0,0,0,0,32.1,18,0,3.8,1.1,1.3,0,0,"SFO"
"14918",0,0,0,0,0,0,0,0,0,0,0,0,0,83.1,0,0,0,0,0,0,0,0,0,0,0,0,28,0,"Terrell, A.J.","DB",NA,"FantasySharks","A.J.","Terrell","CB",0,0,0,0,0,0,0,0,0,0,0,0,0,0,0,0,0,0,0,0,0,0,0,0,0,0,0,0,0,0,0,0,0,0,0,0,0,0,0,0,0,0,0,0,0,0,0,0,0,0,56.2,21.4,0,12.4,1.1,1.7,0,0,"ATL"
"14919",0,0,0,0,0,0,0,0,0,0,0,0,0,39.2,0,0,0,0,0,0,0,0,0,0,0,0,27,0,"Igbinoghene, Noah","DB",NA,"FantasySharks","Noah","Igbinoghene","CB",0,0,0,0,0,0,0,0,0,0,0,0,0,0,0,0,0,105,0,0,0,0,0,0,0,0,0,0,0,0,0,0,0,0,0,0,0,0,0,0,0,0,0,0,0,0,0,0,0,0,24.5,15.4,0,6.2,0.4,0,0,0,"SEA"
"14921",0,0,0,0,0,0,0,0,0,0,0,0,0,30.9,0,0,0,0,0,0,0,0,0,0,0,0,30,0,"Dugger, Kyle","DB",NA,"FantasySharks","Kyle","Dugger","S",0,0,0,0,0,0,0,0,0,0,0,0,0,0,0,0,0,0,0,0,0,0,0,0,0,0,0,0,0,0,0,0,0,0,0,0,0,0,0,0,0,0,0,0,0,0,0,0,0,0,16.9,16.4,0.8,3.3,0.8,0,0,0.6,"CIN"
"14924",0,0,0,0,0,0,0,0,0,0,0,0,0,56.6,0,0,0,0,0,0,0,0,0,0,0,0,27,0,"Johnson, Jaylon","DB",NA,"FantasySharks","Jaylon","Johnson","CB",0,0,0,0,0,0,0,0,0,0,0,0,0,0,0,0,0,0,0,0,0,0,0,0,0,0,0,0,0,0,0,0,0,0,0,0,0,0,0,0,0,0,0,0,0,0,0,0,0,0,40.4,11.4,0.3,6.8,1.1,0.9,0.2,0,"CHI"
"14927",0,0,0,0,0,0,0,0,0,0,0,0,0,84.7,0,0,0,0,0,0,0,0,0,0,0,0,28,0,"Chinn, Jeremy","DB",NA,"FantasySharks","Jeremy","Chinn","S",0,0,0,0,0,0,0,0,0,0,0,0,0,0,0,0,0,0,0,0,0,0,0,0,0,0,0,0,0,0,0,0,0,0,0,0,0,0,0,0,0,0,0,0,0,0,0,0,0,0,58,40,1.5,3.1,0.2,1.6,0.2,0,"LVR"
"14933",0,0,0,0,0,0,0,0,0,0,0,0,0,74.5,0,0,0,0,0,0,0,0,0,0,0,0,28,0,"Blackmon, Julian","DB",NA,"FantasySharks","Julian","Blackmon","S",0,0,0,0,0,0,0,0,0,0,0,0,0,0,0,0,0,0,0,0,0,0,0,0,0,0,0,0,0,0,0,0,0,0,0,0,0,0,0,0,0,0,0,0,0,0,0,0,0,0,49.7,17.7,1,10.8,2.1,0,0,0,"NOS"
"14954",0,0,0,0,0,0,0,0,0,0,0,0,0,50.6,0,0,0,0,0,0,0,0,0,0,0,0,29,0,"Hawkins, Jaylinn","DB",NA,"FantasySharks","Jaylinn","Hawkins","S",0,0,0,0,0,0,0,0,0,0,0,0,0,0,0,0,0,0,0,0,0,0,0,0,0,0,0,0,0,0,0,0,0,0,0,0,0,0,0,0,0,0,0,0,0,0,0,0,0,0,28,21,0.8,4.6,2.9,0.9,0,0,"BAL"
"14956",0,0,0,0,0,0,0,0,0,0,0,0,0,32.5,0,0,0,0,0,0,0,0,0,0,0,0,29,0,"Sneed, L'Jarius","DB",NA,"FantasySharks","L'Jarius","Sneed","CB",0,0,0,0,0,0,0,0,0,0,0,0,0,0,0,0,0,0,0,0,0,0,0,0,0,0,0,0,0,0,0,0,0,0,0,0,0,0,0,0,0,0,0,0,0,0,0,0,0,0,18.6,12,0.7,7.2,0,0,0,0,"KCC"
"14957",0,0,0,0,0,0,0,0,0,0,0,0,0,43.8,0,0,0,0,0,0,0,0,0,0,0,0,28,0,"Robertson, Amik","DB",NA,"FantasySharks","Amik","Robertson","CB",0,0,0,0,0,0,0,0,0,0,0,0,0,0,0,0,0,54,0,0,0,0,0,0,0,0,0,0,0,0,0,0,0,0,0,0,0,0,0,0,0,0,0,0,0,0,0,0,0,0,27.5,13.2,0,8,0.4,0.9,0,0,"WAS"
"14963",0,0,0,0,0,0,0,0,0,0,0,0,0,13.4,0,0,0,0,0,0,0,0,0,0,0,0,28,0,"Thomas, Daniel","DB",NA,"FantasySharks","Daniel","Thomas","S",0,0,0,0,0,0,0,0,0,0,0,0,0,0,0,0,0,0,0,0,0,0,0,0,0,0,0,0,0,0,0,0,0,0,0,0,0,0,0,0,0,0,0,0,0,0,0,0,0,0,8,6.1,0,2.1,0,0.3,0,0,"CLE"
"14967",0,0,0,0,0,0,0,0,0,0,0,0,0,18.7,0,0,0,0,0,0,0,0,0,0,0,0,29,0,"Vildor, Kindle","DB",NA,"FantasySharks","Kindle","Vildor","CB",0,0,0,0,0,0,0,0,0,0,0,0,0,0,0,0,0,0,0,0,0,0,0,0,0,0,0,0,0,0,0,0,0,0,0,0,0,0,0,0,0,0,0,0,0,0,0,0,0,0,14.3,7.3,0,0.9,0,0,0,0.4,"NEP"
"14982",0,0,0,0,0,0,0,0,0,0,0,0,0,108.5,0,0,0,0,0,0,0,0,0,0,0,0,29,0,"Gilman, Alohi","DB",NA,"FantasySharks","Alohi","Gilman","S",0,0,0,0,0,0,0,0,0,0,0,0,0,0,0,0,0,0,0,0,0,0,0,0,0,0,0,0,0,0,0,0,0,0,0,0,0,0,0,0,0,0,0,0,0,0,0,0,0,0,71,40.7,1.7,11.9,1.2,0.6,0.6,0.7,"KCC"
"14995",0,0,0,0,0,0,0,0,0,0,0,0,0,67.9,0,0,0,0,0,0,0,0,0,0,0,0,28,0,"Metellus, Josh","DB",NA,"FantasySharks","Josh","Metellus","S",0,0,0,0,0,0,0,0,0,0,0,0,0,0,0,0,0,0,0,0,0,0,0,0,0,0,0,0,0,0,0,0,0,0,0,0,0,0,0,0,0,0,0,0,0,0,0,0,0,0,35.8,35.9,0.3,7.8,3,0,0,0,"MIN"
"14997",0,0,0,0,0,0,0,0,0,0,0,0,0,63.3,0,0,0,0,0,0,0,0,0,0,0,0,28,0,"Rodgers, Isaiah","DB",NA,"FantasySharks","Isaiah","Rodgers","CB",0,0,0,0,0,0,0,0,0,0,0,0,0,0,0,0,0,32,0,0,0,0,0,0,0,0,0,0,0,0,0,0,0,0,0,0,0,0,0,0,0,0,0,0,0,0,0,0,0,0,47.7,19.9,0,3.5,0.6,0.7,0.2,0.4,"MIN"
"15001",0,0,0,0,0,0,0,0,0,0,0,0,0,92.7,0,0,0,0,0,0,0,0,0,0,0,0,27,0,"Curl, Kamren","DB",NA,"FantasySharks","Kamren","Curl","S",0,0,0,0,0,0,0,0,0,0,0,0,0,0,0,0,0,0,0,0,0,0,0,0,0,0,0,0,0,0,0,0,0,0,0,0,0,0,0,0,0,0,0,0,0,0,0,0,0,0,64.3,36.7,0.9,3.8,1.8,1.3,0.5,0,"LAR"
"15003",0,0,0,0,0,0,0,0,0,0,0,0,0,76.4,0,0,0,0,0,0,0,0,0,0,0,0,27,0,"Stone, Geno","DB",NA,"FantasySharks","Geno","Stone","S",0,0,0,0,0,0,0,0,0,0,0,0,0,0,0,0,0,0,0,0,0,0,0,0,0,0,0,0,0,0,0,0,0,0,0,0,0,0,0,0,0,0,0,0,0,0,0,0,0,0,55.8,26.3,1.3,3.9,0.9,0.3,0.3,0,"BUF"
"15094",0,0,0,0,0,0,0,0,0,0,0,0,0,9.8,0,0,0,0,0,0,0,0,0,0,0,0,29,1,"Locke, P.J.","DB",NA,"FantasySharks","P.J.","Locke","S",0,0,0,0,0,0,0,0,0,0,0,0,0,0,0,0,0,0,0,0,0,0,0,0,0,0,0,0,0,0,0,0,0,0,0,0,0,0,0,0,0,0,0,0,0,0,0,0,0,0,3.4,3.4,0,3.7,0,0.9,0,0,"DAL"
"15124",0,0,0,0,0,0,0,0,0,0,0,0,0,36.5,0,0,0,0,0,0,0,0,0,0,0,0,30,0,"Pierre, James","DB",NA,"FantasySharks","James","Pierre","CB",0,0,0,0,0,0,0,0,0,0,0,0,0,0,0,0,0,0,0,0,0,0,0,0,0,0,0,0,0,0,0,0,0,0,0,0,0,0,0,0,0,0,0,0,0,0,0,0,0,0,22.6,16.8,0,5.3,0.1,0,0,0.5,"MIN"
"15129",0,0,0,0,0,0,0,0,0,0,0,0,0,30.5,0,0,0,0,0,0,0,0,0,0,0,0,28,0,"Dorsey, Khalil","DB",NA,"FantasySharks","Khalil","Dorsey","CB",0,0,0,0,0,0,0,0,0,0,0,0,0,0,0,0,0,4,0,0,0,0,0,0,0,0,0,0,0,0,0,0,0,0,0,0,0,0,0,0,0,0,0,0,0,0,0,0,0,0,19.7,16.3,0,2,0,0.6,0,0,"DET"
"15140",0,0,0,0,0,0,0,0,0,0,0,0,0,19.8,0,0,0,0,0,0,0,0,0,0,0,0,29,1,"Lewis, Cam","DB",NA,"FantasySharks","Cam","Lewis","S",0,0,0,0,0,0,0,0,0,0,0,0,0,0,0,0,0,131,0,0,0,0,0,0,0,0,0,0,0,0,0,0,0,0,0,0,0,0,0,0,0,0,0,0,0,0,0,0,0,0,14.9,4.4,0,1.6,0,1.1,0,0,"CHI"
"15148",0,0,0,0,0,0,0,0,0,0,0,0,0,23.9,0,0,0,0,0,0,0,0,0,0,0,0,30,0,"Franklin, Sam","DB",NA,"FantasySharks","Sam","Franklin","S",0,0,0,0,0,0,0,0,0,0,0,0,0,0,0,0,0,17,0,0,0,0,0,0,0,0,0,0,0,0,0,0,0,0,0,0,0,0,0,0,0,0,0,0,0,0,0,0,0,0,15.6,13.6,0,1.5,0,0,0,0,"BUF"
"15361",0,0,0,0,0,0,0,0,0,0,0,0,0,45,0,0,0,0,0,0,0,0,0,0,0,0,27,-1,"Horn, Jaycee","DB",NA,"FantasySharks","Jaycee","Horn","CB",0,0,0,0,0,0,0,0,0,0,0,0,0,0,0,0,0,0,0,0,0,0,0,0,0,0,0,0,0,0,0,0,0,0,0,0,0,0,0,0,0,0,0,0,0,0,0,0,0,0,27.2,13.2,0.6,6.9,1.9,0,0,0,"CAR"
"15362",0,0,0,0,0,0,0,0,0,0,0,0,0,64.4,0,0,0,0,0,0,0,0,0,0,0,0,26,-1,"Surtain II, Patrick","DB",NA,"FantasySharks","Patrick","Surtain II","CB",0,0,0,0,0,0,0,0,0,0,0,0,0,0,0,0,0,0,0,0,0,0,0,0,0,0,0,0,0,0,0,0,0,0,0,0,0,0,0,0,0,0,0,0,0,0,0,0,0,0,42.3,13.4,0,11,1.7,0.5,0.5,0,"DEN"
"15364",0,0,0,0,0,0,0,0,0,0,0,0,0,65.5,0,0,0,0,0,0,0,0,0,0,0,0,26,-1,"Cisco, Andre","DB",NA,"FantasySharks","Andre","Cisco","S",0,0,0,0,0,0,0,0,0,0,0,0,0,0,0,0,0,0,0,0,0,0,0,0,0,0,0,0,0,0,0,0,0,0,0,0,0,0,0,0,0,0,0,0,0,0,0,0,0,0,46.5,24.6,0,5.1,0.2,0.6,0.6,0,"NYJ"
"15365",0,0,0,0,0,0,0,0,0,0,0,0,0,91.2,0,0,0,0,0,0,0,0,0,0,0,0,27,-1,"Moehrig, Trevon","DB",NA,"FantasySharks","Trevon","Moehrig","S",0,0,0,0,0,0,0,0,0,0,0,0,0,0,0,0,0,0,0,0,0,0,0,0,0,0,0,0,0,0,0,0,0,0,0,0,0,0,0,0,0,0,0,0,0,0,0,0,0,0,62.7,39.3,2.7,3.4,1.4,0,0,0,"CAR"
"15366",0,0,0,0,0,0,0,0,0,0,0,0,0,88.9,0,0,0,0,0,0,0,0,0,0,0,0,26,-1,"Holland, Jevon","DB",NA,"FantasySharks","Jevon","Holland","S",0,0,0,0,0,0,0,0,0,0,0,0,0,0,0,0,0,0,0,0,0,0,0,0,0,0,0,0,0,0,0,0,0,0,0,0,0,0,0,0,0,0,0,0,0,0,0,0,0,0,57.6,33.8,1,7.2,2.3,1.5,0.2,0.2,"NYG"
"15375",0,0,0,0,0,0,0,0,0,0,0,0,0,45.2,0,0,0,0,0,0,0,0,0,0,0,0,26,-1,"Newsome, Greg","DB",NA,"FantasySharks","Greg","Newsome","CB",0,0,0,0,0,0,0,0,0,0,0,0,0,0,0,0,0,41,0,0,0,0,0,0,0,0,0,0,0,0,0,0,0,0,0,0,0,0,0,0,0,0,0,0,0,0,0,0,0,0,34.2,12.7,0,4.3,0,0.3,0,0,"NYG"
"15377",0,0,0,0,0,0,0,0,0,0,0,0,0,54.1,0,0,0,0,0,0,0,0,0,0,0,0,27,-1,"Stokes, Eric","DB",NA,"FantasySharks","Eric","Stokes","CB",0,0,0,0,0,0,0,0,0,0,0,0,0,0,0,0,0,0,0,0,0,0,0,0,0,0,0,0,0,0,0,0,0,0,0,0,0,0,0,0,0,0,0,0,0,0,0,0,0,0,39.7,20.5,0,4.1,0,0,0,0,"LVR"
"15380",0,0,0,0,0,0,0,0,0,0,0,0,0,90.5,0,0,0,0,0,0,0,0,0,0,0,0,26,-1,"Campbell, Tyson","DB",NA,"FantasySharks","Tyson","Campbell","CB",0,0,0,0,0,0,0,0,0,0,0,0,0,0,0,0,0,0,0,0,0,0,0,0,0,0,0,0,0,0,0,0,0,0,0,0,0,0,0,0,0,0,0,0,0,0,0,0,0,0,56.1,30.2,0,16.4,0.8,1.2,0,0.8,"CLE"
"15384",0,0,0,0,0,0,0,0,0,0,0,0,0,33.2,0,0,0,0,0,0,0,0,0,0,0,0,27,-1,"Samuel, Asante","DB",NA,"FantasySharks","Asante","Samuel","CB",0,0,0,0,0,0,0,0,0,0,0,0,0,0,0,0,0,0,0,0,0,0,0,0,0,0,0,0,0,0,0,0,0,0,0,0,0,0,0,0,0,0,0,0,0,0,0,0,0,0,18.6,18.1,0,3.4,1,0,0,0,"PIT"
"15392",0,0,0,0,0,0,0,0,0,0,0,0,0,18.1,0,0,0,0,0,0,0,0,0,0,0,0,29,-1,"St-Juste, Benjamin","DB",NA,"FantasySharks","Benjamin","St-Juste","CB",0,0,0,0,0,0,0,0,0,0,0,0,0,0,0,0,0,104,0,0,0,0,0,0,0,0,0,0,0,0,0,0,0,0,0,0,0,0,0,0,0,0,0,0,0,0,0,0,0,0,8.2,10.2,0,3.9,0.5,0,0,0,"GBP"
"15394",0,0,0,0,0,0,0,0,0,0,0,0,0,69,0,0,0,0,0,0,0,0,0,0,0,0,27,-1,"Adebo, Paulson","DB",NA,"FantasySharks","Paulson","Adebo","CB",0,0,0,0,0,0,0,0,0,0,0,0,0,0,0,0,0,18,0,0,0,0,0,0,0,0,0,0,0,0,0,0,0,0,0,0,0,0,0,0,0,0,0,0,0,0,0,0,0,0,48.6,22.5,0,6.5,1.3,0,0,0,"NYG"
"15401",0,0,0,0,0,0,0,0,0,0,0,0,0,77.3,0,0,0,0,0,0,0,0,0,0,0,0,28,-1,"Wright, Nahshon","DB",NA,"FantasySharks","Nahshon","Wright","CB",0,0,0,0,0,0,0,0,0,0,0,0,0,0,0,0,0,0,0,0,0,0,0,0,0,0,0,0,0,0,0,0,0,0,0,0,0,0,0,0,0,0,0,0,0,0,0,0,0,0,47.6,30.1,0,8.6,1.7,1.4,1.4,0,"NYJ"
"15402",0,0,0,0,0,0,0,0,0,0,0,0,0,53.9,0,0,0,0,0,0,0,0,0,0,0,0,27,-1,"Molden, Elijah","DB",NA,"FantasySharks","Elijah","Molden","S",0,0,0,0,0,0,0,0,0,0,0,0,0,0,0,0,0,0,0,0,0,0,0,0,0,0,0,0,0,0,0,0,0,0,0,0,0,0,0,0,0,0,0,0,0,0,0,0,0,0,34,28.2,0,3.3,1.3,0,0,0,"LAC"
"15405",0,0,0,0,0,0,0,0,0,0,0,0,0,59.1,0,0,0,0,0,0,0,0,0,0,0,0,29,-1,"Stephens, Brandon","DB",NA,"FantasySharks","Brandon","Stephens","CB",0,0,0,0,0,0,0,0,0,0,0,0,0,0,0,0,0,0,0,0,0,0,0,0,0,0,0,0,0,0,0,0,0,0,0,0,0,0,0,0,0,0,0,0,0,0,0,0,0,0,39.2,23.8,0,6.9,0,1.1,0,0,"NYJ"
"15418",0,0,0,0,0,0,0,0,0,0,0,0,0,101.8,0,0,0,0,0,0,0,0,0,0,0,0,28,-1,"Bynum, Camryn","DB",NA,"FantasySharks","Camryn","Bynum","S",0,0,0,0,0,0,0,0,0,0,0,0,0,0,0,0,0,0,0,0,0,0,0,0,0,0,0,0,0,0,0,0,0,0,0,0,0,0,0,0,0,0,0,0,0,0,0,0,0,0,66.5,33.1,1.6,7.2,4,1.2,0.6,0,"IND"
"15420",0,0,0,0,0,0,0,0,0,0,0,0,0,8.1,0,0,0,0,0,0,0,0,0,0,0,0,NA,NA,"Rochell, Robert","DB",NA,"FantasySharks",NA,NA,NA,0,0,0,0,0,0,0,0,0,0,0,0,0,0,0,0,0,0,0,0,0,0,0,0,0,0,0,0,0,0,0,0,0,0,0,0,0,0,0,0,0,0,0,0,0,0,0,0,0,0,4.9,4.6,0,0.9,0,0,0,0,"CAR"
"15422",0,0,0,0,0,0,0,0,0,0,0,0,0,13.5,0,0,0,0,0,0,0,0,0,0,0,0,27,-1,"Wilson, Marco","DB",NA,"FantasySharks","Marco","Wilson","CB",0,0,0,0,0,0,0,0,0,0,0,0,0,0,0,0,0,0,0,0,0,0,0,0,0,0,0,0,0,0,0,0,0,0,0,0,0,0,0,0,0,0,0,0,0,0,0,0,0,0,8.6,8.6,0,0.3,0,0.3,0,0,"MIA"
"15423",0,0,0,0,0,0,0,0,0,0,0,0,0,22.9,0,0,0,0,0,0,0,0,0,0,0,0,29,-1,"Brown, Tre","DB",NA,"FantasySharks","Tre","Brown","CB",0,0,0,0,0,0,0,0,0,0,0,0,0,0,0,0,0,0,0,0,0,0,0,0,0,0,0,0,0,0,0,0,0,0,0,0,0,0,0,0,0,0,0,0,0,0,0,0,0,0,15.1,12,0,1.8,0,0,0,0,"NYJ"
"15437",0,0,0,0,0,0,0,0,0,0,0,0,0,10.1,0,0,0,0,0,0,0,0,0,0,0,0,NA,NA,"Forrest, Darrick","DB",NA,"FantasySharks",NA,NA,NA,0,0,0,0,0,0,0,0,0,0,0,0,0,0,0,0,0,0,0,0,0,0,0,0,0,0,0,0,0,0,0,0,0,0,0,0,0,0,0,0,0,0,0,0,0,0,0,0,0,0,7.8,4.8,0,0,0,0,0,0,"SFO"
"15441",0,0,0,0,0,0,0,0,0,0,0,0,0,18.6,0,0,0,0,0,0,0,0,0,0,0,0,27,-1,"Hobbs, Nate","DB",NA,"FantasySharks","Nate","Hobbs","CB",0,0,0,0,0,0,0,0,0,0,0,0,0,0,0,0,0,0,0,0,0,0,0,0,0,0,0,0,0,0,0,0,0,0,0,0,0,0,0,0,0,0,0,0,0,0,0,0,0,0,12.4,11,0,0.8,0,0,0,0,"SFO"
"15445",0,0,0,0,0,0,0,0,0,0,0,0,0,67.3,0,0,0,0,0,0,0,0,0,0,0,0,27,-1,"Lenoir, Deommodore","DB",NA,"FantasySharks","Deommodore","Lenoir","CB",0,0,0,0,0,0,0,0,0,0,0,0,0,0,0,0,0,0,0,0,0,0,0,0,0,0,0,0,0,0,0,0,0,0,0,0,0,0,0,0,0,0,0,0,0,0,0,0,0,0,46.7,29.3,0,3.9,1,0,0,0,"SFO"
"15448",0,0,0,0,0,0,0,0,0,0,0,0,0,21.6,0,0,0,0,0,0,0,0,0,0,0,0,27,-1,"Pinnock, Jason","DB",NA,"FantasySharks","Jason","Pinnock","S",0,0,0,0,0,0,0,0,0,0,0,0,0,0,0,0,0,0,0,0,0,0,0,0,0,0,0,0,0,0,0,0,0,0,0,0,0,0,0,0,0,0,0,0,0,0,0,0,0,0,16.8,9.7,0,0,0,0,0,0,"NYG"
"15452",0,0,0,0,0,0,0,0,0,0,0,0,0,105.9,0,0,0,0,0,0,0,0,0,0,0,0,26,-1,"Hufanga, Talanoa","DB",NA,"FantasySharks","Talanoa","Hufanga","S",0,0,0,0,0,0,0,0,0,0,0,0,0,0,0,0,0,0,0,0,0,0,0,0,0,0,0,0,0,0,0,0,0,0,0,0,0,0,0,0,0,0,0,0,0,0,0,0,0,0,71.5,39.7,1.3,11.3,0.4,0.6,0.6,0.2,"DEN"
"15464",0,0,0,0,0,0,0,0,0,0,0,0,0,49.2,0,0,0,0,0,0,0,0,0,0,0,0,29,-1,"Echols, Brandin","DB",NA,"FantasySharks","Brandin","Echols","CB",0,0,0,0,0,0,0,0,0,0,0,0,0,0,0,0,0,0,0,0,0,0,0,0,0,0,0,0,0,0,0,0,0,0,0,0,0,0,0,0,0,0,0,0,0,0,0,0,0,0,28.2,14.5,0.9,6.8,2.8,0.5,0,0,"PIT"
"15469",0,0,0,0,0,0,0,0,0,0,0,0,0,25.9,0,0,0,0,0,0,0,0,0,0,0,0,28,-1,"Hamlin, Damar","DB",NA,"FantasySharks","Damar","Hamlin","S",0,0,0,0,0,0,0,0,0,0,0,0,0,0,0,0,0,198,0,0,0,0,0,0,0,0,0,0,0,0,0,0,0,0,0,0,0,0,0,0,0,0,0,0,0,0,0,0,0,0,18.5,14.1,0.2,0,0,0.2,0,0,"BUF"
"15510",0,0,0,0,0,0,0,0,0,0,0,0,0,20.4,0,0,0,0,0,0,0,0,0,0,0,0,27,-1,"Washington, Ar'Darius","DB",NA,"FantasySharks","Ar'Darius","Washington","S",0,0,0,0,0,0,0,0,0,0,0,0,0,0,0,0,0,0,0,0,0,0,0,0,0,0,0,0,0,0,0,0,0,0,0,0,0,0,0,0,0,0,0,0,0,0,0,0,0,0,14.5,8.2,0.1,1.6,0,0.1,0.1,0,"NYG"
"15527",0,0,0,0,0,0,0,0,0,0,0,0,0,17.5,0,0,0,0,0,0,0,0,0,0,0,0,29,-1,"Key, Devon","DB",NA,"FantasySharks","Devon","Key","S",0,0,0,0,0,0,0,0,0,0,0,0,0,0,0,0,0,0,0,0,0,0,0,0,0,0,0,0,0,0,0,0,0,0,0,0,0,0,0,0,0,0,0,0,0,0,0,0,0,0,10.1,2.7,0,3.6,0,1.6,0.8,0,"DEN"
"15595",0,0,0,0,0,0,0,0,0,0,0,0,0,7.1,0,0,0,0,0,0,0,0,0,0,0,0,31,2,"Campbell, Elijah","DB",NA,"FantasySharks","Elijah","Campbell","S",0,0,0,0,0,0,0,0,0,0,0,0,0,0,0,0,0,131,0,0,0,0,0,0,0,0,0,0,0,0,0,0,0,0,0,0,0,0,0,0,0,0,0,0,0,0,0,0,0,0,3.3,5.8,0,0.6,0,0.4,0,0,"NYG"
"15614",0,0,0,0,0,0,0,0,0,0,0,0,0,33.2,0,0,0,0,0,0,0,0,0,0,0,0,28,-1,"McCloud, Nick","DB",NA,"FantasySharks","Nick","McCloud","CB",0,0,0,0,0,0,0,0,0,0,0,0,0,0,0,0,0,21,0,0,0,0,0,0,0,0,0,0,0,0,0,0,0,0,0,0,0,0,0,0,0,0,0,0,0,0,0,0,0,0,21,16.1,0,4.2,0,0,0,0,"MIA"
"15676",0,0,0,0,0,0,0,0,0,0,0,0,0,7.5,0,0,0,0,0,0,0,0,0,0,0,0,29,-1,"Anderson, Zayne","DB",NA,"FantasySharks","Zayne","Anderson","S",0,0,0,0,0,0,0,0,0,0,0,0,0,0,0,0,0,0,0,0,0,0,0,0,0,0,0,0,0,0,0,0,0,0,0,0,0,0,0,0,0,0,0,0,0,0,0,0,0,0,5.7,3.5,0,0,0,0,0,0,"MIA"
"15684",0,0,0,0,0,0,0,0,0,0,0,0,0,9,0,0,0,0,0,0,0,0,0,0,0,0,NA,NA,"Ross, D'Angelo","DB",NA,"FantasySharks",NA,NA,NA,0,0,0,0,0,0,0,0,0,0,0,0,0,0,0,0,0,0,0,0,0,0,0,0,0,0,0,0,0,0,0,0,0,0,0,0,0,0,0,0,0,0,0,0,0,0,0,0,0,0,3.7,6.7,0,2,0,0,0,0,"CLE"
"15832",0,0,0,0,0,0,0,0,0,0,0,0,0,56.4,0,0,0,0,0,0,0,0,0,0,0,0,25,-2,"Stingley Jr., Derek","DB",NA,"FantasySharks","Derek","Stingley Jr.","CB",0,0,0,0,0,0,0,0,0,0,0,0,0,0,0,0,0,0,0,0,0,0,0,0,0,0,0,0,0,0,0,0,0,0,0,0,0,0,0,0,0,0,0,0,0,0,0,0,0,0,27.4,11.5,0,14.6,3.9,0.8,0,0.7,"HOU"
"15833",0,0,0,0,0,0,0,0,0,0,0,0,0,52.6,0,0,0,0,0,0,0,0,0,0,0,0,26,-2,"Gardner, Sauce","DB",NA,"FantasySharks","Sauce","Gardner","CB",0,0,0,0,0,0,0,0,0,0,0,0,0,0,0,0,0,0,0,0,0,0,0,0,0,0,0,0,0,0,0,0,0,0,0,0,0,0,0,0,0,0,0,0,0,0,0,0,0,0,37.1,10.6,0.2,9.6,0,0.3,0,0,"IND"
"15834",0,0,0,0,0,0,0,0,0,0,0,0,0,100.8,0,0,0,0,0,0,0,0,0,0,0,0,25,-2,"Hamilton, Kyle","DB",NA,"FantasySharks","Kyle","Hamilton","S",0,0,0,0,0,0,0,0,0,0,0,0,0,0,0,0,0,0,0,0,0,0,0,0,0,0,0,0,0,0,0,0,0,0,0,0,0,0,0,0,0,0,0,0,0,0,0,0,0,0,66.2,41.9,1.3,9.7,0.5,1.8,0,0,"BAL"
"15835",0,0,0,0,0,0,0,0,0,0,0,0,0,96.4,0,0,0,0,0,0,0,0,0,0,0,0,27,-2,"Brisker, Jaquan","DB",NA,"FantasySharks","Jaquan","Brisker","S",0,0,0,0,0,0,0,0,0,0,0,0,0,0,0,0,0,0,0,0,0,0,0,0,0,0,0,0,0,0,0,0,0,0,0,0,0,0,0,0,0,0,0,0,0,0,0,0,0,0,60.4,38.9,1.5,11.4,1.8,0,0,0.5,"PIT"
"15836",0,0,0,0,0,0,0,0,0,0,0,0,0,61,0,0,0,0,0,0,0,0,0,0,0,0,26,-2,"Hill, Daxton","DB",NA,"FantasySharks","Daxton","Hill","CB",0,0,0,0,0,0,0,0,0,0,0,0,0,0,0,0,0,0,0,0,0,0,0,0,0,0,0,0,0,0,0,0,0,0,0,0,0,0,0,0,0,0,0,0,0,0,0,0,0,0,38,25.5,0,10,0.1,0,0,0,"CIN"
"15839",0,0,0,0,0,0,0,0,0,0,0,0,0,103.5,0,0,0,0,0,0,0,0,0,0,0,0,25,-2,"Cross, Nick","DB",NA,"FantasySharks","Nick","Cross","S",0,0,0,0,0,0,0,0,0,0,0,0,0,0,0,0,0,0,0,0,0,0,0,0,0,0,0,0,0,0,0,0,0,0,0,0,0,0,0,0,0,0,0,0,0,0,0,0,0,0,69.6,42.3,0.9,7.5,1.3,1.9,0,0,"WAS"
"15845",0,0,0,0,0,0,0,0,0,0,0,0,0,54.2,0,0,0,0,0,0,0,0,0,0,0,0,26,-2,"McDuffie, Trent","DB",NA,"FantasySharks","Trent","McDuffie","CB",0,0,0,0,0,0,0,0,0,0,0,0,0,0,0,0,0,0,0,0,0,0,0,0,0,0,0,0,0,0,0,0,0,0,0,0,0,0,0,0,0,0,0,0,0,0,0,0,0,0,35.9,15.1,0,7.9,0.8,0.6,0.6,0,"LAR"
"15849",0,0,0,0,0,0,0,0,0,0,0,0,0,25.7,0,0,0,0,0,0,0,0,0,0,0,0,26,-2,"McCreary, Roger","DB",NA,"FantasySharks","Roger","McCreary","CB",0,0,0,0,0,0,0,0,0,0,0,0,0,0,0,0,0,0,0,0,0,0,0,0,0,0,0,0,0,0,0,0,0,0,0,0,0,0,0,0,0,0,0,0,0,0,0,0,0,0,17.4,12.5,0.4,1.6,0,0,0,0,"DET"
"15850",0,0,0,0,0,0,0,0,0,0,0,0,0,61.5,0,0,0,0,0,0,0,0,0,0,0,0,27,-2,"Pitre, Jalen","DB",NA,"FantasySharks","Jalen","Pitre","S",0,0,0,0,0,0,0,0,0,0,0,0,0,0,0,0,0,11,0,0,0,0,0,0,0,0,0,0,0,0,0,0,0,0,0,0,0,0,0,0,0,0,0,0,0,0,0,0,0,0,34.8,27,0,9,2.1,0,0,0,"HOU"
"15852",0,0,0,0,0,0,0,0,0,0,0,0,0,41.3,0,0,0,0,0,0,0,0,0,0,0,0,27,-2,"Gordon, Kyler","DB",NA,"FantasySharks","Kyler","Gordon","CB",0,0,0,0,0,0,0,0,0,0,0,0,0,0,0,0,0,20,0,0,0,0,0,0,0,0,0,0,0,0,0,0,0,0,0,0,0,0,0,0,0,0,0,0,0,0,0,0,0,0,28.7,14.3,1.1,3.9,0,0.2,0.2,0,"CHI"
"15856",0,0,0,0,0,0,0,0,0,0,0,0,0,81.1,0,0,0,0,0,0,0,0,0,0,0,0,28,-2,"Taylor, Alontae","DB",NA,"FantasySharks","Alontae","Taylor","CB",0,0,0,0,0,0,0,0,0,0,0,0,0,0,0,0,0,0,0,0,0,0,0,0,0,0,0,0,0,0,0,0,0,0,0,0,0,0,0,0,0,0,0,0,0,0,0,0,0,0,56.1,28.2,1.3,7,1.3,0,0,0,"TEN"
"15859",0,0,0,0,0,0,0,0,0,0,0,0,0,14.3,0,0,0,0,0,0,0,0,0,0,0,0,27,-2,"Taylor-Britt, Cam","DB",NA,"FantasySharks","Cam","Taylor-Britt","CB",0,0,0,0,0,0,0,0,0,0,0,0,0,0,0,0,0,0,0,0,0,0,0,0,0,0,0,0,0,0,0,0,0,0,0,0,0,0,0,0,0,0,0,0,0,0,0,0,0,0,10.1,4.2,0,2.1,0,0,0,0,"IND"
"15860",0,0,0,0,0,0,0,0,0,0,0,0,0,81.9,0,0,0,0,0,0,0,0,0,0,0,0,27,-2,"Cook, Bryan","DB",NA,"FantasySharks","Bryan","Cook","S",0,0,0,0,0,0,0,0,0,0,0,0,0,0,0,0,0,0,0,0,0,0,0,0,0,0,0,0,0,0,0,0,0,0,0,0,0,0,0,0,0,0,0,0,0,0,0,0,0,0,53.2,35,0.3,9.6,0.3,0.7,0,0,"CIN"
"15862",0,0,0,0,0,0,0,0,0,0,0,0,0,3.7,0,0,0,0,0,0,0,0,0,0,0,0,26,-2,"Emerson, Martin","DB",NA,"FantasySharks","Martin","Emerson","CB",0,0,0,0,0,0,0,0,0,0,0,0,0,0,0,0,0,0,0,0,0,0,0,0,0,0,0,0,0,0,0,0,0,0,0,0,0,0,0,0,0,0,0,0,0,0,0,0,0,0,2.7,0.8,0,0.4,0,0.2,0,0,"NOS"
"15866",0,0,0,0,0,0,0,0,0,0,0,0,0,43.5,0,0,0,0,0,0,0,0,0,0,0,0,25,-2,"Flott, Cordale","DB",NA,"FantasySharks","Cordale","Flott","CB",0,0,0,0,0,0,0,0,0,0,0,0,0,0,0,0,0,0,0,0,0,0,0,0,0,0,0,0,0,0,0,0,0,0,0,0,0,0,0,0,0,0,0,0,0,0,0,0,0,0,28.7,15,0.3,5.2,0,1.1,0.7,0,"TEN"
"15868",0,0,0,0,0,0,0,0,0,0,0,0,0,93.2,0,0,0,0,0,0,0,0,0,0,0,0,28,-2,"Jones, Marcus","DB",NA,"FantasySharks","Marcus","Jones","CB",0,0,0,0,0,0,0,0,0,0,0,0,0,0,0,0,0,0,0,0,0,0,0,0,0,0,0,0,0,0,0,0,0,0,0,0,0,0,0,0,0,0,0,0,0,0,0,0,0,0,61.4,16.8,2.5,13.4,2.8,1,0.9,3.2,"NEP"
"15871",0,0,0,0,0,0,0,0,0,0,0,0,0,68.9,0,0,0,0,0,0,0,0,0,0,0,0,26,-2,"Joseph, Kerby","DB",NA,"FantasySharks","Kerby","Joseph","S",0,0,0,0,0,0,0,0,0,0,0,0,0,0,0,0,0,0,0,0,0,0,0,0,0,0,0,0,0,0,0,0,0,0,0,0,0,0,0,0,0,0,0,0,0,0,0,0,0,0,42.8,16.5,0.6,8.6,4.2,0.2,0,0.4,"DET"
"15872",0,0,0,0,0,0,0,0,0,0,0,0,0,64.9,0,0,0,0,0,0,0,0,0,0,0,0,27,-2,"Bryant, Coby","DB",NA,"FantasySharks","Coby","Bryant","S",0,0,0,0,0,0,0,0,0,0,0,0,0,0,0,0,0,0,0,0,0,0,0,0,0,0,0,0,0,0,0,0,0,0,0,0,0,0,0,0,0,0,0,0,0,0,0,0,0,0,37.6,21.6,0.7,7.4,3.8,0.6,0.2,0,"CHI"
"15874",0,0,0,0,0,0,0,0,0,0,0,0,0,37.5,0,0,0,0,0,0,0,0,0,0,0,0,26,-2,"Butler, Percy","DB",NA,"FantasySharks","Percy","Butler","S",0,0,0,0,0,0,0,0,0,0,0,0,0,0,0,0,0,74,0,0,0,0,0,0,0,0,0,0,0,0,0,0,0,0,0,0,0,0,0,0,0,0,0,0,0,0,0,0,0,0,24.2,17.1,0,3.9,0.3,0.3,0,0,"WAS"
"15875",0,0,0,0,0,0,0,0,0,0,0,0,0,71.2,0,0,0,0,0,0,0,0,0,0,0,0,26,-2,"Belton, Dane","DB",NA,"FantasySharks","Dane","Belton","S",0,0,0,0,0,0,0,0,0,0,0,0,0,0,0,0,0,0,0,0,0,0,0,0,0,0,0,0,0,0,0,0,0,0,0,0,0,0,0,0,0,0,0,0,0,0,0,0,0,0,41.4,31.9,2.7,5.3,1.5,2.8,0,0,"NYJ"
"15879",0,0,0,0,0,0,0,0,0,0,0,0,0,32.5,0,0,0,0,0,0,0,0,0,0,0,0,27,-2,"Armour-Davis, Jalyn","DB",NA,"FantasySharks","Jalyn","Armour-Davis","CB",0,0,0,0,0,0,0,0,0,0,0,0,0,0,0,0,0,0,0,0,0,0,0,0,0,0,0,0,0,0,0,0,0,0,0,0,0,0,0,0,0,0,0,0,0,0,0,0,0,0,22.1,12.9,0,4,0,0,0,0,"TEN"
"15880",0,0,0,0,0,0,0,0,0,0,0,0,0,27.7,0,0,0,0,0,0,0,0,0,0,0,0,27,-2,"Evans, Akayleb","DB",NA,"FantasySharks","Akayleb","Evans","CB",0,0,0,0,0,0,0,0,0,0,0,0,0,0,0,0,0,0,0,0,0,0,0,0,0,0,0,0,0,0,0,0,0,0,0,0,0,0,0,0,0,0,0,0,0,0,0,0,0,0,18,9.8,0,3.2,0.8,0,0,0,"CAR"
"15881",0,0,0,0,0,0,0,0,0,0,0,0,0,51.8,0,0,0,0,0,0,0,0,0,0,0,0,29,-2,"Jones, Jack","DB",NA,"FantasySharks","Jack","Jones","CB",0,0,0,0,0,0,0,0,0,0,0,0,0,0,0,0,0,0,0,0,0,0,0,0,0,0,0,0,0,0,0,0,0,0,0,0,0,0,0,0,0,0,0,0,0,0,0,0,0,0,37.1,20.5,0,2.3,0.5,1,0,0,"SFO"
"15885",0,0,0,0,0,0,0,0,0,0,0,0,0,4.2,0,0,0,0,0,0,0,0,0,0,0,0,27,-2,"Williams, Joshua","DB",NA,"FantasySharks","Joshua","Williams","CB",0,0,0,0,0,0,0,0,0,0,0,0,0,0,0,0,0,0,0,0,0,0,0,0,0,0,0,0,0,0,0,0,0,0,0,0,0,0,0,0,0,0,0,0,0,0,0,0,0,0,3,2.3,0,0,0,0,0,0,"TEN"
"15888",0,0,0,0,0,0,0,0,0,0,0,0,0,56,0,0,0,0,0,0,0,0,0,0,0,0,28,-2,"Durant, Decobie","DB",NA,"FantasySharks","Decobie","Durant","CB",0,0,0,0,0,0,0,0,0,0,0,0,0,0,0,0,0,0,0,0,0,0,0,0,0,0,0,0,0,0,0,0,0,0,0,0,0,0,0,0,0,0,0,0,0,0,0,0,0,0,40.8,19,0.4,4,0.7,0,0,0.7,"DAL"
"15893",0,0,0,0,0,0,0,0,0,0,0,0,0,31.1,0,0,0,0,0,0,0,0,0,0,0,0,27,-2,"Turner-Yell, Delarrin","DB",NA,"FantasySharks","Delarrin","Turner-Yell","S",0,0,0,0,0,0,0,0,0,0,0,0,0,0,0,0,0,0,0,0,0,0,0,0,0,0,0,0,0,0,0,0,0,0,0,0,0,0,0,0,0,0,0,0,0,0,0,0,0,0,20.5,13.2,0,3,0.3,0.3,0,0,"DEN"
"15894",0,0,0,0,0,0,0,0,0,0,0,0,0,45.5,0,0,0,0,0,0,0,0,0,0,0,0,27,-2,"Woolen, Tariq","DB",NA,"FantasySharks","Tariq","Woolen","CB",0,0,0,0,0,0,0,0,0,0,0,0,0,0,0,0,0,0,0,0,0,0,0,0,0,0,0,0,0,0,0,0,0,0,0,0,0,0,0,0,0,0,0,0,0,0,0,0,0,0,30.8,8.2,0,9.4,0.6,0,0,0,"PHI"
"15895",0,0,0,0,0,0,0,0,0,0,0,0,0,64.2,0,0,0,0,0,0,0,0,0,0,0,0,27,-2,"McCollum, Zyon","DB",NA,"FantasySharks","Zyon","McCollum","CB",0,0,0,0,0,0,0,0,0,0,0,0,0,0,0,0,0,0,0,0,0,0,0,0,0,0,0,0,0,0,0,0,0,0,0,0,0,0,0,0,0,0,0,0,0,0,0,0,0,0,43.1,18.6,0,8.5,1.4,0.5,0,0.2,"TBB"
"15904",0,0,0,0,0,0,0,0,0,0,0,0,0,82.6,0,0,0,0,0,0,0,0,0,0,0,0,27,-2,"Bland, DaRon","DB",NA,"FantasySharks","DaRon","Bland","CB",0,0,0,0,0,0,0,0,0,0,0,0,0,0,0,0,0,0,0,0,0,0,0,0,0,0,0,0,0,0,0,0,0,0,0,0,0,0,0,0,0,0,0,0,0,0,0,0,0,0,57.6,28.1,0.2,7.9,0.5,1.3,0.5,0.5,"DAL"
"15913",0,0,0,0,0,0,0,0,0,0,0,0,0,57.4,0,0,0,0,0,0,0,0,0,0,0,0,26,-2,"Benford, Christian","DB",NA,"FantasySharks","Christian","Benford","CB",0,0,0,0,0,0,0,0,0,0,0,0,0,0,0,0,0,0,0,0,0,0,0,0,0,0,0,0,0,0,0,0,0,0,0,0,0,0,0,0,0,0,0,0,0,0,0,0,0,0,37.3,16.8,1.9,6.7,1.6,0,0,1.7,"BUF"
"15921",0,0,0,0,0,0,0,0,0,0,0,0,0,86.6,0,0,0,0,0,0,0,0,0,0,0,0,28,-2,"Jackson, Theo","DB",NA,"FantasySharks","Theo","Jackson","S",0,0,0,0,0,0,0,0,0,0,0,0,0,0,0,0,0,0,0,0,0,0,0,0,0,0,0,0,0,0,0,0,0,0,0,0,0,0,0,0,0,0,0,0,0,0,0,0,0,0,52.2,33.2,2.6,9.1,2.6,0.5,0.5,0,"MIN"
"15923",0,0,0,0,0,0,0,0,0,0,0,0,0,75.7,0,0,0,0,0,0,0,0,0,0,0,0,27,-2,"Lake, Quentin","DB",NA,"FantasySharks","Quentin","Lake","S",0,0,0,0,0,0,0,0,0,0,0,0,0,0,0,0,0,0,0,0,0,0,0,0,0,0,0,0,0,0,0,0,0,0,0,0,0,0,0,0,0,0,0,0,0,0,0,0,0,0,47,31.4,0.9,10.4,0.4,0.4,0.4,0,"LAR"
"15926",0,0,0,0,0,0,0,0,0,0,0,0,0,15.4,0,0,0,0,0,0,0,0,0,0,0,0,27,-2,"Taylor, Ja'Sir","DB",NA,"FantasySharks","Ja'Sir","Taylor","CB",0,0,0,0,0,0,0,0,0,0,0,0,0,0,0,0,0,0,0,0,0,0,0,0,0,0,0,0,0,0,0,0,0,0,0,0,0,0,0,0,0,0,0,0,0,0,0,0,0,0,8.5,7.6,0,2.7,0,0.4,0,0,"CIN"
"15933",0,0,0,0,0,0,0,0,0,0,0,0,0,76.6,0,0,0,0,0,0,0,0,0,0,0,0,27,-2,"Brown, Montaric","DB",NA,"FantasySharks","Montaric","Brown","CB",0,0,0,0,0,0,0,0,0,0,0,0,0,0,0,0,0,0,0,0,0,0,0,0,0,0,0,0,0,0,0,0,0,0,0,0,0,0,0,0,0,0,0,0,0,0,0,0,0,0,45.8,18.5,0,15.6,2.4,1.1,0,0,"JAC"
"15944",0,0,0,0,0,0,0,0,0,0,0,0,0,23.6,0,0,0,0,0,0,0,0,0,0,0,0,27,-2,"Leonard, Deane","DB",NA,"FantasySharks","Deane","Leonard","CB",0,0,0,0,0,0,0,0,0,0,0,0,0,0,0,0,0,0,0,0,0,0,0,0,0,0,0,0,0,0,0,0,0,0,0,0,0,0,0,0,0,0,0,0,0,0,0,0,0,0,13.8,7.7,0.3,4,0.8,0,0,0,"LAC"
"15946",0,0,0,0,0,0,0,0,0,0,0,0,0,32.2,0,0,0,0,0,0,0,0,0,0,0,0,28,-2,"Thomas II, Rodney","DB",NA,"FantasySharks","Rodney","Thomas II","S",0,0,0,0,0,0,0,0,0,0,0,0,0,0,0,0,0,0,0,0,0,0,0,0,0,0,0,0,0,0,0,0,0,0,0,0,0,0,0,0,0,0,0,0,0,0,0,0,0,0,20.3,15,0.4,4,0,0,0,0,"SEA"
"15950",0,0,0,0,0,0,0,0,0,0,0,0,0,52.2,0,0,0,0,0,0,0,0,0,0,0,0,28,-2,"Watson, Jaylen","DB",NA,"FantasySharks","Jaylen","Watson","CB",0,0,0,0,0,0,0,0,0,0,0,0,0,0,0,0,0,0,0,0,0,0,0,0,0,0,0,0,0,0,0,0,0,0,0,0,0,0,0,0,0,0,0,0,0,0,0,0,0,0,33.1,16.5,1.4,4.6,2.4,0,0,0.4,"LAR"
"15956",0,0,0,0,0,0,0,0,0,0,0,0,0,10.9,0,0,0,0,0,0,0,0,0,0,0,0,27,-2,"Hicks, Elijah","DB",NA,"FantasySharks","Elijah","Hicks","S",0,0,0,0,0,0,0,0,0,0,0,0,0,0,0,0,0,92,0,0,0,0,0,0,0,0,0,0,0,0,0,0,0,0,0,0,0,0,0,0,0,0,0,0,0,0,0,0,0,0,7.2,6.2,0,0,0,0.6,0,0.2,"CHI"
"15985",0,0,0,0,0,0,0,0,0,0,0,0,0,33.2,0,0,0,0,0,0,0,0,0,0,0,0,27,-2,"Bell, Markquese","DB",NA,"FantasySharks","Markquese","Bell","S",0,0,0,0,0,0,0,0,0,0,0,0,0,0,0,0,0,11,0,0,0,0,0,0,0,0,0,0,0,0,0,0,0,0,0,0,0,0,0,0,0,0,0,0,0,0,0,0,0,0,19.1,13.7,0,2.9,1,2.2,0,0.3,"DAL"
"15989",0,0,0,0,0,0,0,0,0,0,0,0,0,63.8,0,0,0,0,0,0,0,0,0,0,0,0,28,-2,"Jobe, Josh","DB",NA,"FantasySharks","Josh","Jobe","CB",0,0,0,0,0,0,0,0,0,0,0,0,0,0,0,0,0,0,0,0,0,0,0,0,0,0,0,0,0,0,0,0,0,0,0,0,0,0,0,0,0,0,0,0,0,0,0,0,0,0,43.2,12.9,0.3,11,0.8,1.3,0,0,"SEA"
"16012",0,0,0,0,0,0,0,0,0,0,0,0,0,65.5,0,0,0,0,0,0,0,0,0,0,0,0,29,-1,"Alford, Dee","DB",NA,"FantasySharks","Dee","Alford","CB",0,0,0,0,0,0,0,0,0,0,0,0,0,0,0,0,0,13,0,0,0,0,0,0,0,0,0,0,0,0,0,0,0,0,0,0,0,0,0,0,0,0,0,0,0,0,0,0,0,0,39.3,19.8,1.3,9.6,2.4,0.6,0,0,"BUF"
"16014",0,0,0,0,0,0,0,0,0,0,0,0,0,26.6,0,0,0,0,0,0,0,0,0,0,0,0,27,-2,"Adams, Tony","DB",NA,"FantasySharks","Tony","Adams","S",0,0,0,0,0,0,0,0,0,0,0,0,0,0,0,0,0,0,0,0,0,0,0,0,0,0,0,0,0,0,0,0,0,0,0,0,0,0,0,0,0,0,0,0,0,0,0,0,0,0,17.5,10.3,0.9,3,0,0,0,0,"TEN"
"16016",0,0,0,0,0,0,0,0,0,0,0,0,0,13.3,0,0,0,0,0,0,0,0,0,0,0,0,28,-2,"Kohou, Kader","DB",NA,"FantasySharks","Kader","Kohou","CB",0,0,0,0,0,0,0,0,0,0,0,0,0,0,0,0,0,0,0,0,0,0,0,0,0,0,0,0,0,0,0,0,0,0,0,0,0,0,0,0,0,0,0,0,0,0,0,0,0,0,8.3,5.2,0,2.3,0,0,0,0,"KCC"
"16018",0,0,0,0,0,0,0,0,0,0,0,0,0,70.6,0,0,0,0,0,0,0,0,0,0,0,0,27,-2,"Blankenship, Reed","DB",NA,"FantasySharks","Reed","Blankenship","S",0,0,0,0,0,0,0,0,0,0,0,0,0,0,0,0,0,0,0,0,0,0,0,0,0,0,0,0,0,0,0,0,0,0,0,0,0,0,0,0,0,0,0,0,0,0,0,0,0,0,47.4,22,0,7.4,1.9,0.5,0.5,0,"HOU"
"16023",0,0,0,0,0,0,0,0,0,0,0,0,0,8.6,0,0,0,0,0,0,0,0,0,0,0,0,30,-2,"Bell, D'Anthony","DB",NA,"FantasySharks","D'Anthony","Bell","S",0,0,0,0,0,0,0,0,0,0,0,0,0,0,0,0,0,0,0,0,0,0,0,0,0,0,0,0,0,0,0,0,0,0,0,0,0,0,0,0,0,0,0,0,0,0,0,0,0,0,5.2,5,0.9,0,0,0,0,0,"SEA"
"16026",0,0,0,0,0,0,0,0,0,0,0,0,0,44.1,0,0,0,0,0,0,0,0,0,0,0,0,29,-2,"Jones, Jaylon","DB",NA,"FantasySharks","Jaylon","Jones","CB",0,0,0,0,0,0,0,0,0,0,0,0,0,0,0,0,0,0,0,0,0,0,0,0,0,0,0,0,0,0,0,0,0,0,0,0,0,0,0,0,0,0,0,0,0,0,0,0,0,0,30.2,15.3,0,5,0.3,0.7,0,0,"CHI"
"16045",0,0,0,0,0,0,0,0,0,0,0,0,0,13.1,0,0,0,0,0,0,0,0,0,0,0,0,29,-2,"Schooler, Brenden","DB",NA,"FantasySharks","Brenden","Schooler","S",0,0,0,0,0,0,0,0,0,0,0,0,0,0,0,0,0,0,0,0,0,0,0,0,0,0,0,0,0,0,0,0,0,0,0,0,0,0,0,0,0,0,0,0,0,0,0,0,0,0,7.5,6.2,2.5,0,0,0,0,0,"NEP"
"16102",0,0,0,0,0,0,0,0,0,0,0,0,0,88.4,0,0,0,0,0,0,0,0,0,0,0,0,27,-2,"Pola-Mao, Isaiah","DB",NA,"FantasySharks","Isaiah","Pola-Mao","S",0,0,0,0,0,0,0,0,0,0,0,0,0,0,0,0,0,0,0,0,0,0,0,0,0,0,0,0,0,0,0,0,0,0,0,0,0,0,0,0,0,0,0,0,0,0,0,0,0,0,63.3,35.9,0.1,4.5,0.8,1,0,0,"LVR"
"16139",0,0,0,0,0,0,0,0,0,0,0,0,0,28.8,0,0,0,0,0,0,0,0,0,0,0,0,28,-2,"Baker, Darrell","DB",NA,"FantasySharks","Darrell","Baker","CB",0,0,0,0,0,0,0,0,0,0,0,0,0,0,0,0,0,0,0,0,0,0,0,0,0,0,0,0,0,0,0,0,0,0,0,0,0,0,0,0,0,0,0,0,0,0,0,0,0,0,18.8,11.4,0,3.7,0.3,0,0,0,"MIA"
"16145",0,0,0,0,0,0,0,0,0,0,0,0,0,62.3,0,0,0,0,0,0,0,0,0,0,0,0,26,-2,"McMillian, Ja'Quan","DB",NA,"FantasySharks","Ja'Quan","McMillian","CB",0,0,0,0,0,0,0,0,0,0,0,0,0,0,0,0,0,0,0,0,0,0,0,0,0,0,0,0,0,0,0,0,0,0,0,0,0,0,0,0,0,0,0,0,0,0,0,0,0,0,38.7,14.7,1.8,8,2.6,1.2,0,1.1,"DEN"
"16240",0,0,0,0,0,0,0,0,0,0,0,0,0,44.1,0,0,0,0,0,0,0,0,0,0,0,0,26,-3,"Porter Jr., Joey","DB",NA,"FantasySharks","Joey","Porter Jr.","CB",0,0,0,0,0,0,0,0,0,0,0,0,0,0,0,0,0,0,0,0,0,0,0,0,0,0,0,0,0,0,0,0,0,0,0,0,0,0,0,0,0,0,0,0,0,0,0,0,0,0,28.1,13.3,0.1,8.6,0.1,0.2,0.2,0,"PIT"
"16241",0,0,0,0,0,0,0,0,0,0,0,0,0,92.2,0,0,0,0,0,0,0,0,0,0,0,0,26,-3,"Witherspoon, Devon","DB",NA,"FantasySharks","Devon","Witherspoon","CB",0,0,0,0,0,0,0,0,0,0,0,0,0,0,0,0,0,0,0,0,0,0,0,0,0,0,0,0,0,0,0,0,0,0,0,0,0,0,0,0,0,0,0,0,0,0,0,0,0,0,63.1,27.6,2,12,0.7,0,0,0,"SEA"
"16242",0,0,0,0,0,0,0,0,0,0,0,0,0,39.1,0,0,0,0,0,0,0,0,0,0,0,0,24,-3,"Ringo, Kelee","DB",NA,"FantasySharks","Kelee","Ringo","CB",0,0,0,0,0,0,0,0,0,0,0,0,0,0,0,0,0,57,0,0,0,0,0,0,0,0,0,0,0,0,0,0,0,0,0,0,0,0,0,0,0,0,0,0,0,0,0,0,0,0,28.8,6.9,0,4.5,0,1.4,0.9,0,"PHI"
"16244",0,0,0,0,0,0,0,0,0,0,0,0,0,74.4,0,0,0,0,0,0,0,0,0,0,0,0,25,-3,"Branch, Brian","DB",NA,"FantasySharks","Brian","Branch","S",0,0,0,0,0,0,0,0,0,0,0,0,0,0,0,0,0,0,0,0,0,0,0,0,0,0,0,0,0,0,0,0,0,0,0,0,0,0,0,0,0,0,0,0,0,0,0,0,0,0,47.6,25.2,1.7,9.2,0.6,1.4,0.8,0,"DET"
"16245",0,0,0,0,0,0,0,0,0,0,0,0,0,85.3,0,0,0,0,0,0,0,0,0,0,0,0,26,-3,"Battle, Jordan","DB",NA,"FantasySharks","Jordan","Battle","S",0,0,0,0,0,0,0,0,0,0,0,0,0,0,0,0,0,0,0,0,0,0,0,0,0,0,0,0,0,0,0,0,0,0,0,0,0,0,0,0,0,0,0,0,0,0,0,0,0,0,53.3,35.8,0,5.6,3.1,1.9,0.3,0.2,"CIN"
"16246",0,0,0,0,0,0,0,0,0,0,0,0,0,79.8,0,0,0,0,0,0,0,0,0,0,0,0,25,-3,"Johnson, Antonio","DB",NA,"FantasySharks","Antonio","Johnson","S",0,0,0,0,0,0,0,0,0,0,0,0,0,0,0,0,0,0,0,0,0,0,0,0,0,0,0,0,0,0,0,0,0,0,0,0,0,0,0,0,0,0,0,0,0,0,0,0,0,0,43.5,25.8,0,12.3,5.6,0,0,0.9,"JAC"
"16247",0,0,0,0,0,0,0,0,0,0,0,0,0,1.9,0,0,0,0,0,0,0,0,0,0,0,0,25,-3,"Skinner, JL","DB",NA,"FantasySharks","JL","Skinner","S",0,0,0,0,0,0,0,0,0,0,0,0,0,0,0,0,0,0,0,0,0,0,0,0,0,0,0,0,0,0,0,0,0,0,0,0,0,0,0,0,0,0,0,0,0,0,0,0,0,0,0,3.6,0,0.1,0,0,0,0,"DEN"
"16251",0,0,0,0,0,0,0,0,0,0,0,0,0,69.8,0,0,0,0,0,0,0,0,0,0,0,0,24,-3,"Gonzalez, Christian","DB",NA,"FantasySharks","Christian","Gonzalez","CB",0,0,0,0,0,0,0,0,0,0,0,0,0,0,0,0,0,0,0,0,0,0,0,0,0,0,0,0,0,0,0,0,0,0,0,0,0,0,0,0,0,0,0,0,0,0,0,0,0,0,46.8,13.3,0.5,12.9,0.9,0.7,0.4,0.4,"NEP"
"16253",0,0,0,0,0,0,0,0,0,0,0,0,0,52.9,0,0,0,0,0,0,0,0,0,0,0,0,25,-3,"Forbes, Emmanuel","DB",NA,"FantasySharks","Emmanuel","Forbes","CB",0,0,0,0,0,0,0,0,0,0,0,0,0,0,0,0,0,0,0,0,0,0,0,0,0,0,0,0,0,0,0,0,0,0,0,0,0,0,0,0,0,0,0,0,0,0,0,0,0,0,28.8,12,0.7,12.8,1.9,0.7,0,0,"LAR"
"16255",0,0,0,0,0,0,0,0,0,0,0,0,0,39,0,0,0,0,0,0,0,0,0,0,0,0,25,-3,"Banks, Deonte","DB",NA,"FantasySharks","Deonte","Banks","CB",0,0,0,0,0,0,0,0,0,0,0,0,0,0,0,0,0,381,0,0,0,0,0,0,0,0,0,0,0,0,0,0,0,0,0,0,0,0,0,0,0,0,0,0,0,0,0,0,0,0,23.3,12.4,0,9.5,0,0,0,0.7,"NYG"
"16261",0,0,0,0,0,0,0,0,0,0,0,0,0,8.1,0,0,0,0,0,0,0,0,0,0,0,0,26,-3,"Brents, Julius","DB",NA,"FantasySharks","Julius","Brents","CB",0,0,0,0,0,0,0,0,0,0,0,0,0,0,0,0,0,0,0,0,0,0,0,0,0,0,0,0,0,0,0,0,0,0,0,0,0,0,0,0,0,0,0,0,0,0,0,0,0,0,5.7,3.5,0,0.7,0,0,0,0,"MIA"
"16263",0,0,0,0,0,0,0,0,0,0,0,0,0,62.3,0,0,0,0,0,0,0,0,0,0,0,0,26,-3,"Martin, Quan","DB",NA,"FantasySharks","Quan","Martin","S",0,0,0,0,0,0,0,0,0,0,0,0,0,0,0,0,0,0,0,0,0,0,0,0,0,0,0,0,0,0,0,0,0,0,0,0,0,0,0,0,0,0,0,0,0,0,0,0,0,0,38.3,38.9,0.3,3.5,0,0.8,0,0,"WAS"
"16267",0,0,0,0,0,0,0,0,0,0,0,0,0,65.7,0,0,0,0,0,0,0,0,0,0,0,0,26,-3,"Stevenson, Tyrique","DB",NA,"FantasySharks","Tyrique","Stevenson","CB",0,0,0,0,0,0,0,0,0,0,0,0,0,0,0,0,0,0,0,0,0,0,0,0,0,0,0,0,0,0,0,0,0,0,0,0,0,0,0,0,0,0,0,0,0,0,0,0,0,0,41,18.4,0,11,0.6,2.5,0.8,0,"CHI"
"16268",0,0,0,0,0,0,0,0,0,0,0,0,0,54.8,0,0,0,0,0,0,0,0,0,0,0,0,26,-3,"Turner, DJ","DB",NA,"FantasySharks","DJ","Turner","CB",0,0,0,0,0,0,0,0,0,0,0,0,0,0,0,0,0,0,0,0,0,0,0,0,0,0,0,0,0,0,0,0,0,0,0,0,0,0,0,0,0,0,0,0,0,0,0,0,0,0,30.1,10.5,0,13.7,1.5,1.8,0.8,0,"CIN"
"16271",0,0,0,0,0,0,0,0,0,0,0,0,0,7.4,0,0,0,0,0,0,0,0,0,0,0,0,26,-3,"Brown, Sydney","DB",NA,"FantasySharks","Sydney","Brown","S",0,0,0,0,0,0,0,0,0,0,0,0,0,0,0,0,0,26,0,0,0,0,0,0,0,0,0,0,0,0,0,0,0,0,0,0,0,0,0,0,0,0,0,0,0,0,0,0,0,0,5.2,4.3,0,0,0,0,0,0.5,"ATL"
"16274",0,0,0,0,0,0,0,0,0,0,0,0,0,35.8,0,0,0,0,0,0,0,0,0,0,0,0,25,-3,"Williams, Garrett","DB",NA,"FantasySharks","Garrett","Williams","CB",0,0,0,0,0,0,0,0,0,0,0,0,0,0,0,0,0,0,0,0,0,0,0,0,0,0,0,0,0,0,0,0,0,0,0,0,0,0,0,0,0,0,0,0,0,0,0,0,0,0,19,18.9,0,4.4,0.9,1.1,0,0,"ARI"
"16279",0,0,0,0,0,0,0,0,0,0,0,0,0,95.5,0,0,0,0,0,0,0,0,0,0,0,0,26,-3,"Moss, Riley","DB",NA,"FantasySharks","Riley","Moss","CB",0,0,0,0,0,0,0,0,0,0,0,0,0,0,0,0,0,0,0,0,0,0,0,0,0,0,0,0,0,0,0,0,0,0,0,0,0,0,0,0,0,0,0,0,0,0,0,0,0,0,65.3,22.9,0.9,16.2,0.8,0,0,0,"DEN"
"16281",0,0,0,0,0,0,0,0,0,0,0,0,0,63.2,0,0,0,0,0,0,0,0,0,0,0,0,26,-3,"Brown, Ji'Ayir","DB",NA,"FantasySharks","Ji'Ayir","Brown","S",0,0,0,0,0,0,0,0,0,0,0,0,0,0,0,0,0,0,0,0,0,0,0,0,0,0,0,0,0,0,0,0,0,0,0,0,0,0,0,0,0,0,0,0,0,0,0,0,0,0,40.8,28.7,0.7,4.8,0.8,0.9,0.2,0,"SFO"
"16288",0,0,0,0,0,0,0,0,0,0,0,0,0,61.5,0,0,0,0,0,0,0,0,0,0,0,0,27,-3,"Blackmon, Mekhi","DB",NA,"FantasySharks","Mekhi","Blackmon","CB",0,0,0,0,0,0,0,0,0,0,0,0,0,0,0,0,0,0,0,0,0,0,0,0,0,0,0,0,0,0,0,0,0,0,0,0,0,0,0,0,0,0,0,0,0,0,0,0,0,0,47.9,9.3,0.8,6.2,1,0,0,0,"IND"
"16293",0,0,0,0,0,0,0,0,0,0,0,0,0,43.4,0,0,0,0,0,0,0,0,0,0,0,0,25,-3,"Phillips, Clark","DB",NA,"FantasySharks","Clark","Phillips","CB",0,0,0,0,0,0,0,0,0,0,0,0,0,0,0,0,0,0,0,0,0,0,0,0,0,0,0,0,0,0,0,0,0,0,0,0,0,0,0,0,0,0,0,0,0,0,0,0,0,0,28.8,12.6,0.4,5.7,0,1.4,0.7,0,"ATL"
"16295",0,0,0,0,0,0,0,0,0,0,0,0,0,93.6,0,0,0,0,0,0,0,0,0,0,0,0,26,-3,"Conner, Chamarri","DB",NA,"FantasySharks","Chamarri","Conner","S",0,0,0,0,0,0,0,0,0,0,0,0,0,0,0,0,0,0,0,0,0,0,0,0,0,0,0,0,0,0,0,0,0,0,0,0,0,0,0,0,0,0,0,0,0,0,0,0,0,0,63,42,0.7,5,1.6,0.8,0,0,"KCC"
"16304",0,0,0,0,0,0,0,0,0,0,0,0,0,20.2,0,0,0,0,0,0,0,0,0,0,0,0,26,-3,"Ward, Jay","DB",NA,"FantasySharks","Jay","Ward","S",0,0,0,0,0,0,0,0,0,0,0,0,0,0,0,0,0,0,0,0,0,0,0,0,0,0,0,0,0,0,0,0,0,0,0,0,0,0,0,0,0,0,0,0,0,0,0,0,0,0,11.5,10.9,0,3.2,0,0,0,0,"MIN"
"16310",0,0,0,0,0,0,0,0,0,0,0,0,0,3.4,0,0,0,0,0,0,0,0,0,0,0,0,25,-3,"Robinson, Jammie","DB",NA,"FantasySharks","Jammie","Robinson","S",0,0,0,0,0,0,0,0,0,0,0,0,0,0,0,0,0,40,0,0,0,0,0,0,0,0,0,0,0,0,0,0,0,0,0,0,0,0,0,0,0,0,0,0,0,0,0,0,0,0,2.2,0.6,0,0.8,0,0,0,0,"ATL"
"16311",0,0,0,0,0,0,0,0,0,0,0,0,0,37.1,0,0,0,0,0,0,0,0,0,0,0,0,26,-3,"Howden, Jordan","DB",NA,"FantasySharks","Jordan","Howden","S",0,0,0,0,0,0,0,0,0,0,0,0,0,0,0,0,0,0,0,0,0,0,0,0,0,0,0,0,0,0,0,0,0,0,0,0,0,0,0,0,0,0,0,0,0,0,0,0,0,0,25.8,13.7,0.3,2.7,0.7,0,0,0.7,"NOS"
"16315",0,0,0,0,0,0,0,0,0,0,0,0,0,38.4,0,0,0,0,0,0,0,0,0,0,0,0,26,-3,"Luter, Darrell","DB",NA,"FantasySharks","Darrell","Luter","CB",0,0,0,0,0,0,0,0,0,0,0,0,0,0,0,0,0,0,0,0,0,0,0,0,0,0,0,0,0,0,0,0,0,0,0,0,0,0,0,0,0,0,0,0,0,0,0,0,0,0,29.5,14.8,0,1.5,0,0,0,0,"SFO"
"16316",0,0,0,0,0,0,0,0,0,0,0,0,0,40.1,0,0,0,0,0,0,0,0,0,0,0,0,25,-3,"Kelly, Kyu Blu","DB",NA,"FantasySharks","Kyu Blu","Kelly","CB",0,0,0,0,0,0,0,0,0,0,0,0,0,0,0,0,0,0,0,0,0,0,0,0,0,0,0,0,0,0,0,0,0,0,0,0,0,0,0,0,0,0,0,0,0,0,0,0,0,0,26.5,11.6,0,3.8,2,0,0,0,"LVR"
"16317",0,0,0,0,0,0,0,0,0,0,0,0,0,37,0,0,0,0,0,0,0,0,0,0,0,0,28,-3,"Scott, Daniel","DB",NA,"FantasySharks","Daniel","Scott","S",0,0,0,0,0,0,0,0,0,0,0,0,0,0,0,0,0,11,0,0,0,0,0,0,0,0,0,0,0,0,0,0,0,0,0,0,0,0,0,0,0,0,0,0,0,0,0,0,0,0,28.1,9.2,0,3.6,0,0.4,0.4,0,"IND"
"16319",0,0,0,0,0,0,0,0,0,0,0,0,0,41.4,0,0,0,0,0,0,0,0,0,0,0,0,27,-3,"Smith, Terell","DB",NA,"FantasySharks","Terell","Smith","CB",0,0,0,0,0,0,0,0,0,0,0,0,0,0,0,0,0,18,0,0,0,0,0,0,0,0,0,0,0,0,0,0,0,0,0,0,0,0,0,0,0,0,0,0,0,0,0,0,0,0,27,12.5,0,6.4,0.9,0,0,0,"CHI"
"16325",0,0,0,0,0,0,0,0,0,0,0,0,0,34,0,0,0,0,0,0,0,0,0,0,0,0,25,-3,"Clark, Kei'Trel","DB",NA,"FantasySharks","Kei'Trel","Clark","CB",0,0,0,0,0,0,0,0,0,0,0,0,0,0,0,0,0,0,0,0,0,0,0,0,0,0,0,0,0,0,0,0,0,0,0,0,0,0,0,0,0,0,0,0,0,0,0,0,0,0,19.5,15.5,0,5.2,0.1,1.4,0,0,"ARI"
"16326",0,0,0,0,0,0,0,0,0,0,0,0,0,22.4,0,0,0,0,0,0,0,0,0,0,0,0,27,-3,"Hayes, Josh","DB",NA,"FantasySharks","Josh","Hayes","CB",0,0,0,0,0,0,0,0,0,0,0,0,0,0,0,0,0,0,0,0,0,0,0,0,0,0,0,0,0,0,0,0,0,0,0,0,0,0,0,0,0,0,0,0,0,0,0,0,0,0,11.3,14,0,2.1,0,1.9,0,0,"TBB"
"16334",0,0,0,0,0,0,0,0,0,0,0,0,0,21.4,0,0,0,0,0,0,0,0,0,0,0,0,26,-3,"Reed, Jerrick","DB",NA,"FantasySharks","Jerrick","Reed","S",0,0,0,0,0,0,0,0,0,0,0,0,0,0,0,0,0,0,0,0,0,0,0,0,0,0,0,0,0,0,0,0,0,0,0,0,0,0,0,0,0,0,0,0,0,0,0,0,0,0,14.6,6.7,0,3.4,0,0,0,0,"TEN"
"16352",0,0,0,0,0,0,0,0,0,0,0,0,0,35.6,0,0,0,0,0,0,0,0,0,0,0,0,26,-3,"Hellams, DeMarcco","DB",NA,"FantasySharks","DeMarcco","Hellams","S",0,0,0,0,0,0,0,0,0,0,0,0,0,0,0,0,0,0,0,0,0,0,0,0,0,0,0,0,0,0,0,0,0,0,0,0,0,0,0,0,0,0,0,0,0,0,0,0,0,0,25.3,11.9,0.1,3.6,0,0.3,0.3,0,"ATL"
"16356",0,0,0,0,0,0,0,0,0,0,0,0,0,46.4,0,0,0,0,0,0,0,0,0,0,0,0,25,-3,"Valentine, Carrington","DB",NA,"FantasySharks","Carrington","Valentine","CB",0,0,0,0,0,0,0,0,0,0,0,0,0,0,0,0,0,61,0,0,0,0,0,0,0,0,0,0,0,0,0,0,0,0,0,0,0,0,0,0,0,0,0,0,0,0,0,0,0,0,29.7,10.7,0.2,5.7,2.1,1.2,0,0,"GBP"
"16375",0,0,0,0,0,0,0,0,0,0,0,0,0,29.1,0,0,0,0,0,0,0,0,0,0,0,0,26,-3,"Williamson, Kendall","DB",NA,"FantasySharks","Kendall","Williamson","S",0,0,0,0,0,0,0,0,0,0,0,0,0,0,0,0,0,0,0,0,0,0,0,0,0,0,0,0,0,0,0,0,0,0,0,0,0,0,0,0,0,0,0,0,0,0,0,0,0,0,19.2,13.5,0.4,2.7,0,0,0,0,"LAC"
"16457",0,0,0,0,0,0,0,0,0,0,0,0,0,4.6,0,0,0,0,0,0,0,0,0,0,0,0,26,-3,"Izien, Christian","DB",NA,"FantasySharks","Christian","Izien","S",0,0,0,0,0,0,0,0,0,0,0,0,0,0,0,0,0,0,0,0,0,0,0,0,0,0,0,0,0,0,0,0,0,0,0,0,0,0,0,0,0,0,0,0,0,0,0,0,0,0,3.6,1.1,0,0.5,0,0,0,0,"DET"
"16460",0,0,0,0,0,0,0,0,0,0,0,0,0,87.5,0,0,0,0,0,0,0,0,0,0,0,0,25,-3,"Hickman, Ronnie","DB",NA,"FantasySharks","Ronnie","Hickman","S",0,0,0,0,0,0,0,0,0,0,0,0,0,0,0,0,0,0,0,0,0,0,0,0,0,0,0,0,0,0,0,0,0,0,0,0,0,0,0,0,0,0,0,0,0,0,0,0,0,0,51.4,51,0,7.2,1.6,0,0,0,"CLE"
"16472",0,0,0,0,0,0,0,0,0,0,0,0,0,6.1,0,0,0,0,0,0,0,0,0,0,0,0,26,-2,"Thomas, Juanyeh","DB",NA,"FantasySharks","Juanyeh","Thomas","S",0,0,0,0,0,0,0,0,0,0,0,0,0,0,0,0,0,0,0,0,0,0,0,0,0,0,0,0,0,0,0,0,0,0,0,0,0,0,0,0,0,0,0,0,0,0,0,0,0,0,4.3,2.7,0,0.5,0,0,0,0,"IND"
"16556",0,0,0,0,0,0,0,0,0,0,0,0,0,36.5,0,0,0,0,0,0,0,0,0,0,0,0,27,-3,"Bonner, Ethan","DB",NA,"FantasySharks","Ethan","Bonner","CB",0,0,0,0,0,0,0,0,0,0,0,0,0,0,0,0,0,0,0,0,0,0,0,0,0,0,0,0,0,0,0,0,0,0,0,0,0,0,0,0,0,0,0,0,0,0,0,0,0,0,23.4,18.1,0,2.3,0.7,0.3,0,0,"MIA"
"16571",0,0,0,0,0,0,0,0,0,0,0,0,0,15,0,0,0,0,0,0,0,0,0,0,0,0,27,-2,"McCollum, Tristin","DB",NA,"FantasySharks","Tristin","McCollum","S",0,0,0,0,0,0,0,0,0,0,0,0,0,0,0,0,0,0,0,0,0,0,0,0,0,0,0,0,0,0,0,0,0,0,0,0,0,0,0,0,0,0,0,0,0,0,0,0,0,0,10.6,5,0,2,0,0,0,0,"LVR"
"16572",0,0,0,0,0,0,0,0,0,0,0,0,0,84.5,0,0,0,0,0,0,0,0,0,0,0,0,27,-3,"Okada, Ty","DB",NA,"FantasySharks","Ty","Okada","S",0,0,0,0,0,0,0,0,0,0,0,0,0,0,0,0,0,0,0,0,0,0,0,0,0,0,0,0,0,0,0,0,0,0,0,0,0,0,0,0,0,0,0,0,0,0,0,0,0,0,57.5,20.9,1.8,12.2,1.3,0,0,0,"SEA"
"16670",0,0,0,0,0,0,0,0,0,0,0,0,0,89.5,0,0,0,0,0,0,0,0,0,0,0,0,24,-4,"McKinstry, Kool-Aid","DB",NA,"FantasySharks","Kool-Aid","McKinstry","CB",0,0,0,0,0,0,0,0,0,0,0,0,0,0,0,0,0,0,0,0,0,0,0,0,0,0,0,0,0,0,0,0,0,0,0,0,0,0,0,0,0,0,0,0,0,0,0,0,0,0,60.7,19.3,0,16.6,1.3,0,0,0,"NOS"
"16672",0,0,0,0,0,0,0,0,0,0,0,0,0,83.8,0,0,0,0,0,0,0,0,0,0,0,0,23,-4,"Lassiter, Kamari","DB",NA,"FantasySharks","Kamari","Lassiter","CB",0,0,0,0,0,0,0,0,0,0,0,0,0,0,0,0,0,0,0,0,0,0,0,0,0,0,0,0,0,0,0,0,0,0,0,0,0,0,0,0,0,0,0,0,0,0,0,0,0,0,48.5,23.8,0,17,3.2,0,0,0,"HOU"
"16673",0,0,0,0,0,0,0,0,0,0,0,0,0,82,0,0,0,0,0,0,0,0,0,0,0,0,23,-4,"Wiggins, Nate","DB",NA,"FantasySharks","Nate","Wiggins","CB",0,0,0,0,0,0,0,0,0,0,0,0,0,0,0,0,0,0,0,0,0,0,0,0,0,0,0,0,0,0,0,0,0,0,0,0,0,0,0,0,0,0,0,0,0,0,0,0,0,0,52.8,19,0.1,14.7,2.5,0,0,0.8,"BAL"
"16675",0,0,0,0,0,0,0,0,0,0,0,0,0,77.7,0,0,0,0,0,0,0,0,0,0,0,0,23,-4,"DeJean, Cooper","DB",NA,"FantasySharks","Cooper","DeJean","CB",0,0,0,0,0,0,0,0,0,0,0,0,0,0,0,0,0,0,0,0,0,0,0,0,0,0,0,0,0,0,0,0,0,0,0,0,0,0,0,0,0,0,0,0,0,0,0,0,0,0,46.9,24.2,0.2,13,2.3,0.9,0,0,"PHI"
"16676",0,0,0,0,0,0,0,0,0,0,0,0,0,107.7,0,0,0,0,0,0,0,0,0,0,0,0,24,-4,"Kinchens, Kamren","DB",NA,"FantasySharks","Kamren","Kinchens","S",0,0,0,0,0,0,0,0,0,0,0,0,0,0,0,0,0,0,0,0,0,0,0,0,0,0,0,0,0,0,0,0,0,0,0,0,0,0,0,0,0,0,0,0,0,0,0,0,0,0,78.4,35.3,2,5.7,2,0,0,0,"LAR"
"16677",0,0,0,0,0,0,0,0,0,0,0,0,0,62.9,0,0,0,0,0,0,0,0,0,0,0,0,24,-4,"Bullard, Javon","DB",NA,"FantasySharks","Javon","Bullard","S",0,0,0,0,0,0,0,0,0,0,0,0,0,0,0,0,0,0,0,0,0,0,0,0,0,0,0,0,0,0,0,0,0,0,0,0,0,0,0,0,0,0,0,0,0,0,0,0,0,0,42.9,33.4,0,3.3,0,0,0,0,"GBP"
"16679",0,0,0,0,0,0,0,0,0,0,0,0,0,72.6,0,0,0,0,0,0,0,0,0,0,0,0,25,-4,"Nubin, Tyler","DB",NA,"FantasySharks","Tyler","Nubin","S",0,0,0,0,0,0,0,0,0,0,0,0,0,0,0,0,0,58,0,0,0,0,0,0,0,0,0,0,0,0,0,0,0,0,0,0,0,0,0,0,0,0,0,0,0,0,0,0,0,0,49.3,30.9,0,5.2,0.7,0.6,0.6,1.1,"NYG"
"16690",0,0,0,0,0,0,0,0,0,0,0,0,0,56.4,0,0,0,0,0,0,0,0,0,0,0,0,25,-4,"Mitchell, Quinyon","DB",NA,"FantasySharks","Quinyon","Mitchell","CB",0,0,0,0,0,0,0,0,0,0,0,0,0,0,0,0,0,0,0,0,0,0,0,0,0,0,0,0,0,0,0,0,0,0,0,0,0,0,0,0,0,0,0,0,0,0,0,0,0,0,35,11.4,0,12.9,1.3,0.1,0.1,0,"PHI"
"16698",0,0,0,0,0,0,0,0,0,0,0,0,0,82.1,0,0,0,0,0,0,0,0,0,0,0,0,26,-4,"Sainristil, Mike","DB",NA,"FantasySharks","Mike","Sainristil","CB",0,0,0,0,0,0,0,0,0,0,0,0,0,0,0,0,0,0,0,0,0,0,0,0,0,0,0,0,0,0,0,0,0,0,0,0,0,0,0,0,0,0,0,0,0,0,0,0,0,0,46.5,31.1,0.3,12.7,3.2,0.7,0,0,"WAS"
"16700",0,0,0,0,0,0,0,0,0,0,0,0,0,73,0,0,0,0,0,0,0,0,0,0,0,0,24,-4,"Bishop, Cole","DB",NA,"FantasySharks","Cole","Bishop","S",0,0,0,0,0,0,0,0,0,0,0,0,0,0,0,0,0,0,0,0,0,0,0,0,0,0,0,0,0,0,0,0,0,0,0,0,0,0,0,0,0,0,0,0,0,0,0,0,0,0,44.8,27.6,1.2,7.6,2.8,0,0,0.5,"BUF"
"16701",0,0,0,0,0,0,0,0,0,0,0,0,0,28.7,0,0,0,0,0,0,0,0,0,0,0,0,24,-4,"Rakestraw, Ennis","DB",NA,"FantasySharks","Ennis","Rakestraw","CB",0,0,0,0,0,0,0,0,0,0,0,0,0,0,0,0,0,0,0,0,0,0,0,0,0,0,0,0,0,0,0,0,0,0,0,0,0,0,0,0,0,0,0,0,0,0,0,0,0,0,19.3,13.2,0,2.2,0,0.7,0,0,"DET"
"16702",0,0,0,0,0,0,0,0,0,0,0,0,0,60.1,0,0,0,0,0,0,0,0,0,0,0,0,26,-4,"Green, Renardo","DB",NA,"FantasySharks","Renardo","Green","CB",0,0,0,0,0,0,0,0,0,0,0,0,0,0,0,0,0,0,0,0,0,0,0,0,0,0,0,0,0,0,0,0,0,0,0,0,0,0,0,0,0,0,0,0,0,0,0,0,0,0,37.9,25.2,0,8.8,0,0.7,0,0,"SFO"
"16703",0,0,0,0,0,0,0,0,0,0,0,0,0,70.7,0,0,0,0,0,0,0,0,0,0,0,0,25,-4,"Phillips, Andru","DB",NA,"FantasySharks","Andru","Phillips","CB",0,0,0,0,0,0,0,0,0,0,0,0,0,0,0,0,0,0,0,0,0,0,0,0,0,0,0,0,0,0,0,0,0,0,0,0,0,0,0,0,0,0,0,0,0,0,0,0,0,0,49.3,21.3,0,7.4,1.2,0.5,0.5,0,"NYG"
"16705",0,0,0,0,0,0,0,0,0,0,0,0,0,65.9,0,0,0,0,0,0,0,0,0,0,0,0,23,-4,"Bullock, Calen","DB",NA,"FantasySharks","Calen","Bullock","S",0,0,0,0,0,0,0,0,0,0,0,0,0,0,0,0,0,0,0,0,0,0,0,0,0,0,0,0,0,0,0,0,0,0,0,0,0,0,0,0,0,0,0,0,0,0,0,0,0,0,38.9,22,0,8.7,3.5,0.3,0,1,"HOU"
"16708",0,0,0,0,0,0,0,0,0,0,0,0,0,84.4,0,0,0,0,0,0,0,0,0,0,0,0,25,-4,"Smith, Tykee","DB",NA,"FantasySharks","Tykee","Smith","S",0,0,0,0,0,0,0,0,0,0,0,0,0,0,0,0,0,0,0,0,0,0,0,0,0,0,0,0,0,0,0,0,0,0,0,0,0,0,0,0,0,0,0,0,0,0,0,0,0,0,52.9,30.8,1,10.8,1.2,1,1,0,"TBB"
"16709",0,0,0,0,0,0,0,0,0,0,0,0,0,36.7,0,0,0,0,0,0,0,0,0,0,0,0,26,-4,"Jones, Elijah","DB",NA,"FantasySharks","Elijah","Jones","CB",0,0,0,0,0,0,0,0,0,0,0,0,0,0,0,0,0,0,0,0,0,0,0,0,0,0,0,0,0,0,0,0,0,0,0,0,0,0,0,0,0,0,0,0,0,0,0,0,0,0,17.8,21.2,0,6.8,0.3,0.9,0,0,"ARI"
"16714",0,0,0,0,0,0,0,0,0,0,0,0,0,46.4,0,0,0,0,0,0,0,0,0,0,0,0,25,-4,"Jones, Jarrian","DB",NA,"FantasySharks","Jarrian","Jones","CB",0,0,0,0,0,0,0,0,0,0,0,0,0,0,0,0,0,0,0,0,0,0,0,0,0,0,0,0,0,0,0,0,0,0,0,0,0,0,0,0,0,0,0,0,0,0,0,0,0,0,27.9,13,0,6.8,2.6,0,0,0,"JAC"
"16717",0,0,0,0,0,0,0,0,0,0,0,0,0,51.8,0,0,0,0,0,0,0,0,0,0,0,0,25,-4,"Taylor-Demerson, Dadrion","DB",NA,"FantasySharks","Dadrion","Taylor-Demerson","S",0,0,0,0,0,0,0,0,0,0,0,0,0,0,0,0,0,0,0,0,0,0,0,0,0,0,0,0,0,0,0,0,0,0,0,0,0,0,0,0,0,0,0,0,0,0,0,0,0,0,30.1,21.8,0,5.7,2,1,0,0,"ARI"
"16719",0,0,0,0,0,0,0,0,0,0,0,0,0,82.5,0,0,0,0,0,0,0,0,0,0,0,0,25,-4,"Williams, Evan","DB",NA,"FantasySharks","Evan","Williams","S",0,0,0,0,0,0,0,0,0,0,0,0,0,0,0,0,0,18,0,0,0,0,0,0,0,0,0,0,0,0,0,0,0,0,0,0,0,0,0,0,0,0,0,0,0,0,0,0,0,0,51.5,37.9,0,8.2,1.9,0,0,0,"GBP"
"16725",0,0,0,0,0,0,0,0,0,0,0,0,0,80.5,0,0,0,0,0,0,0,0,0,0,0,0,24,-4,"Mustapha, Malik","DB",NA,"FantasySharks","Malik","Mustapha","S",0,0,0,0,0,0,0,0,0,0,0,0,0,0,0,0,0,0,0,0,0,0,0,0,0,0,0,0,0,0,0,0,0,0,0,0,0,0,0,0,0,0,0,0,0,0,0,0,0,0,54,37.9,1.4,4.6,0.8,0,0,0,"SFO"
"16726",0,0,0,0,0,0,0,0,0,0,0,0,0,43.9,0,0,0,0,0,0,0,0,0,0,0,0,24,-4,"Tampa, T.J.","DB",NA,"FantasySharks","T.J.","Tampa","CB",0,0,0,0,0,0,0,0,0,0,0,0,0,0,0,0,0,0,0,0,0,0,0,0,0,0,0,0,0,0,0,0,0,0,0,0,0,0,0,0,0,0,0,0,0,0,0,0,0,0,24.9,14.6,1.9,7.2,0.7,1.2,0,0,"BAL"
"16727",0,0,0,0,0,0,0,0,0,0,0,0,0,42.6,0,0,0,0,0,0,0,0,0,0,0,0,24,-4,"Hicks, Jaden","DB",NA,"FantasySharks","Jaden","Hicks","S",0,0,0,0,0,0,0,0,0,0,0,0,0,0,0,0,0,0,0,0,0,0,0,0,0,0,0,0,0,0,0,0,0,0,0,0,0,0,0,0,0,0,0,0,0,0,0,0,0,0,29.9,14.8,0.7,4.6,0,0,0,0,"KCC"
"16728",0,0,0,0,0,0,0,0,0,0,0,0,0,40.3,0,0,0,0,0,0,0,0,0,0,0,0,25,-4,"Pritchett, Nehemiah","DB",NA,"FantasySharks","Nehemiah","Pritchett","CB",0,0,0,0,0,0,0,0,0,0,0,0,0,0,0,0,0,0,0,0,0,0,0,0,0,0,0,0,0,0,0,0,0,0,0,0,0,0,0,0,0,0,0,0,0,0,0,0,0,0,24.5,14.6,0.3,5.6,0.3,1,1,0,"SEA"
"16729",0,0,0,0,0,0,0,0,0,0,0,0,0,60.8,0,0,0,0,0,0,0,0,0,0,0,0,24,-4,"Still, Tarheeb","DB",NA,"FantasySharks","Tarheeb","Still","CB",0,0,0,0,0,0,0,0,0,0,0,0,0,0,0,0,0,0,0,0,0,0,0,0,0,0,0,0,0,0,0,0,0,0,0,0,0,0,0,0,0,0,0,0,0,0,0,0,0,0,41,21.9,0,6.1,1.4,0,0,0.5,"LAC"
"16731",0,0,0,0,0,0,0,0,0,0,0,0,0,48.1,0,0,0,0,0,0,0,0,0,0,0,0,26,-4,"Hart, Cam","DB",NA,"FantasySharks","Cam","Hart","CB",0,0,0,0,0,0,0,0,0,0,0,0,0,0,0,0,0,0,0,0,0,0,0,0,0,0,0,0,0,0,0,0,0,0,0,0,0,0,0,0,0,0,0,0,0,0,0,0,0,0,33.7,8.4,0,8.9,0.6,0,0,0,"LAC"
"16735",0,0,0,0,0,0,0,0,0,0,0,0,0,30.3,0,0,0,0,0,0,0,0,0,0,0,0,25,-4,"Abrams-Draine, Kris","DB",NA,"FantasySharks","Kris","Abrams-Draine","CB",0,0,0,0,0,0,0,0,0,0,0,0,0,0,0,0,0,23,0,0,0,0,0,0,0,0,0,0,0,0,0,0,0,0,0,0,0,0,0,0,0,0,0,0,0,0,0,0,0,0,21.2,11.5,0,3.1,0.1,0,0,0,"DEN"
"16736",0,0,0,0,0,0,0,0,0,0,0,0,0,47.1,0,0,0,0,0,0,0,0,0,0,0,0,25,-4,"Brownlee, Jarvis","DB",NA,"FantasySharks","Jarvis","Brownlee","CB",0,0,0,0,0,0,0,0,0,0,0,0,0,0,0,0,0,0,0,0,0,0,0,0,0,0,0,0,0,0,0,0,0,0,0,0,0,0,0,0,0,0,0,0,0,0,0,0,0,0,32.3,21.8,0,3,0,0.6,0.4,0,"NYJ"
"16737",0,0,0,0,0,0,0,0,0,0,0,0,0,47.7,0,0,0,0,0,0,0,0,0,0,0,0,26,-4,"Newton, Josh","DB",NA,"FantasySharks","Josh","Newton","CB",0,0,0,0,0,0,0,0,0,0,0,0,0,0,0,0,0,0,0,0,0,0,0,0,0,0,0,0,0,0,0,0,0,0,0,0,0,0,0,0,0,0,0,0,0,0,0,0,0,0,31,15.4,0,7,0.4,1,0.3,0,"CIN"
"16741",0,0,0,0,0,0,0,0,0,0,0,0,0,63.1,0,0,0,0,0,0,0,0,0,0,0,0,24,-4,"Smith-Wade, Chau","DB",NA,"FantasySharks","Chau","Smith-Wade","CB",0,0,0,0,0,0,0,0,0,0,0,0,0,0,0,0,0,0,0,0,0,0,0,0,0,0,0,0,0,0,0,0,0,0,0,0,0,0,0,0,0,0,0,0,0,0,0,0,0,0,49.2,19.5,0,1.9,0.8,0.6,0,0.6,"CAR"
"16745",0,0,0,0,0,0,0,0,0,0,0,0,0,2.4,0,0,0,0,0,0,0,0,0,0,0,0,26,-4,"Simpson, Jaylin","DB",NA,"FantasySharks","Jaylin","Simpson","CB",0,0,0,0,0,0,0,0,0,0,0,0,0,0,0,0,0,109,0,0,0,0,0,0,0,0,0,0,0,0,0,0,0,0,0,0,0,0,0,0,0,0,0,0,0,0,0,0,0,0,1.6,1.6,0,0,0,0,0,0,"GBP"
"16750",0,0,0,0,0,0,0,0,0,0,0,0,0,0.2,0,0,0,0,0,0,0,0,0,0,0,0,26,-4,"Oladapo, Kitan","DB",NA,"FantasySharks","Kitan","Oladapo","S",0,0,0,0,0,0,0,0,0,0,0,0,0,0,0,0,0,305,0,0,0,0,0,0,0,0,0,0,0,0,0,0,0,0,0,0,0,0,0,0,0,0,0,0,0,0,0,0,0,0,0.1,0.2,0,0,0,0,0,0,"GBP"
"16753",0,0,0,0,0,0,0,0,0,0,0,0,0,36.8,0,0,0,0,0,0,0,0,0,0,0,0,24,-4,"Carson, Caelen","DB",NA,"FantasySharks","Caelen","Carson","CB",0,0,0,0,0,0,0,0,0,0,0,0,0,0,0,0,0,0,0,0,0,0,0,0,0,0,0,0,0,0,0,0,0,0,0,0,0,0,0,0,0,0,0,0,0,0,0,0,0,0,24.8,17.4,0.3,2.4,0.3,0,0,0,"DAL"
"16754",0,0,0,0,0,0,0,0,0,0,0,0,0,37,0,0,0,0,0,0,0,0,0,0,0,0,24,-4,"Stiggers, Qwan'tez","DB",NA,"FantasySharks","Qwan'tez","Stiggers","CB",0,0,0,0,0,0,0,0,0,0,0,0,0,0,0,0,0,0,0,0,0,0,0,0,0,0,0,0,0,0,0,0,0,0,0,0,0,0,0,0,0,0,0,0,0,0,0,0,0,0,24.5,16.6,0,4.2,0,0,0,0,"NYJ"
"16776",0,0,0,0,0,0,0,0,0,0,0,0,0,5.1,0,0,0,0,0,0,0,0,0,0,0,0,25,-4,"Hadden, Kamal","DB",NA,"FantasySharks","Kamal","Hadden","CB",0,0,0,0,0,0,0,0,0,0,0,0,0,0,0,0,0,175,0,0,0,0,0,0,0,0,0,0,0,0,0,0,0,0,0,0,0,0,0,0,0,0,0,0,0,0,0,0,0,0,2.2,5.7,0,0,0,0,0,0,"GBP"
"16784",0,0,0,0,0,0,0,0,0,0,0,0,0,33.1,0,0,0,0,0,0,0,0,0,0,0,0,25,-4,"Harden, Myles","DB",NA,"FantasySharks","Myles","Harden","CB",0,0,0,0,0,0,0,0,0,0,0,0,0,0,0,0,0,0,0,0,0,0,0,0,0,0,0,0,0,0,0,0,0,0,0,0,0,0,0,0,0,0,0,0,0,0,0,0,0,0,23.2,13.8,0,2.8,0,0.2,0,0,"CLE"
"16820",0,0,0,0,0,0,0,0,0,0,0,0,0,26.3,0,0,0,0,0,0,0,0,0,0,0,0,24,-4,"Brade, Beau","DB",NA,"FantasySharks","Beau","Brade","S",0,0,0,0,0,0,0,0,0,0,0,0,0,0,0,0,0,0,0,0,0,0,0,0,0,0,0,0,0,0,0,0,0,0,0,0,0,0,0,0,0,0,0,0,0,0,0,0,0,0,19.6,8.2,0,2.1,0,0.2,0.2,0,"NYG"
"16878",0,0,0,0,0,0,0,0,0,0,0,0,0,44.8,0,0,0,0,0,0,0,0,0,0,0,0,25,-4,"Steward, Reddy","DB",NA,"FantasySharks","Reddy","Steward","CB",0,0,0,0,0,0,0,0,0,0,0,0,0,0,0,0,0,0,0,0,0,0,0,0,0,0,0,0,0,0,0,0,0,0,0,0,0,0,0,0,0,0,0,0,0,0,0,0,0,0,31.4,17.7,1.4,2.6,0,0.5,0,0,"DAL"
"16889",0,0,0,0,0,0,0,0,0,0,0,0,0,42.4,0,0,0,0,0,0,0,0,0,0,0,0,26,-4,"Duck, Storm","DB",NA,"FantasySharks","Storm","Duck","CB",0,0,0,0,0,0,0,0,0,0,0,0,0,0,0,0,0,0,0,0,0,0,0,0,0,0,0,0,0,0,0,0,0,0,0,0,0,0,0,0,0,0,0,0,0,0,0,0,0,0,27.9,15.9,0,4.1,1,0.6,0,0,"MIA"
"16890",0,0,0,0,0,0,0,0,0,0,0,0,0,20.9,0,0,0,0,0,0,0,0,0,0,0,0,24,-4,"McGlothern, Dwight","DB",NA,"FantasySharks","Dwight","McGlothern","CB",0,0,0,0,0,0,0,0,0,0,0,0,0,0,0,0,0,0,0,0,0,0,0,0,0,0,0,0,0,0,0,0,0,0,0,0,0,0,0,0,0,0,0,0,0,0,0,0,0,0,13.7,9.3,0,2.1,0,0.5,0,0,"MIN"
"16900",0,0,0,0,0,0,0,0,0,0,0,0,0,27.5,0,0,0,0,0,0,0,0,0,0,0,0,25,-4,"Pettus, Dell","DB",NA,"FantasySharks","Dell","Pettus","S",0,0,0,0,0,0,0,0,0,0,0,0,0,0,0,0,0,0,0,0,0,0,0,0,0,0,0,0,0,0,0,0,0,0,0,0,0,0,0,0,0,0,0,0,0,0,0,0,0,0,17.1,9.3,0.9,3.9,0,0.9,0,0,"NEP"
"16907",0,0,0,0,0,0,0,0,0,0,0,0,0,45.2,0,0,0,0,0,0,0,0,0,0,0,0,25,-4,"Roland-Wallace, Chris","DB",NA,"FantasySharks","Chris","Roland-Wallace","CB",0,0,0,0,0,0,0,0,0,0,0,0,0,0,0,0,0,0,0,0,0,0,0,0,0,0,0,0,0,0,0,0,0,0,0,0,0,0,0,0,0,0,0,0,0,0,0,0,0,0,29.8,18,0.3,4.2,0.6,0.7,0,0,"KCC"
"16912",0,0,0,0,0,0,0,0,0,0,0,0,0,49,0,0,0,0,0,0,0,0,0,0,0,0,26,-4,"McCollough, Jaylen","DB",NA,"FantasySharks","Jaylen","McCollough","S",0,0,0,0,0,0,0,0,0,0,0,0,0,0,0,0,0,0,0,0,0,0,0,0,0,0,0,0,0,0,0,0,0,0,0,0,0,0,0,0,0,0,0,0,0,0,0,0,0,0,31,13.5,1.6,6,1.8,0,0,0.5,"LAR"
"16913",0,0,0,0,0,0,0,0,0,0,0,0,0,31.8,0,0,0,0,0,0,0,0,0,0,0,0,NA,NA,"Woods, Charles","DB",NA,"FantasySharks",NA,NA,NA,0,0,0,0,0,0,0,0,0,0,0,0,0,0,0,0,0,0,0,0,0,0,0,0,0,0,0,0,0,0,0,0,0,0,0,0,0,0,0,0,0,0,0,0,0,0,0,0,0,0,24,9.4,0.5,2,0,0.3,0.3,0.5,"NEP"
"16916",0,0,0,0,0,0,0,0,0,0,0,0,0,23.7,0,0,0,0,0,0,0,0,0,0,0,0,NA,NA,"Smith, Keidron","DB",NA,"FantasySharks",NA,NA,NA,0,0,0,0,0,0,0,0,0,0,0,0,0,0,0,0,0,0,0,0,0,0,0,0,0,0,0,0,0,0,0,0,0,0,0,0,0,0,0,0,0,0,0,0,0,0,0,0,0,0,15.8,12.1,0,1.8,0,0,0,0,"NYJ"
"16922",0,0,0,0,0,0,0,0,0,0,0,0,0,37.1,0,0,0,0,0,0,0,0,0,0,0,0,26,-3,"Green, Art","DB",NA,"FantasySharks","Art","Green","CB",0,0,0,0,0,0,0,0,0,0,0,0,0,0,0,0,0,0,0,0,0,0,0,0,0,0,0,0,0,0,0,0,0,0,0,0,0,0,0,0,0,0,0,0,0,0,0,0,0,0,28.8,10.5,0,2.4,0,0.3,0.3,0,"NYG"
"16928",0,0,0,0,0,0,0,0,0,0,0,0,0,38.7,0,0,0,0,0,0,0,0,0,0,0,0,26,-4,"Harper, Thomas","DB",NA,"FantasySharks","Thomas","Harper","S",0,0,0,0,0,0,0,0,0,0,0,0,0,0,0,0,0,0,0,0,0,0,0,0,0,0,0,0,0,0,0,0,0,0,0,0,0,0,0,0,0,0,0,0,0,0,0,0,0,0,25.5,17.7,0,3.4,0.1,0.8,0,0,"DET"
"16974",0,0,0,0,0,0,0,0,0,0,0,0,0,33.2,0,0,0,0,0,0,0,0,0,0,0,0,NA,NA,"Monroe, Jarius","DB",NA,"FantasySharks",NA,NA,NA,0,0,0,0,0,0,0,0,0,0,0,0,0,0,0,0,0,0,0,0,0,0,0,0,0,0,0,0,0,0,0,0,0,0,0,0,0,0,0,0,0,0,0,0,0,0,0,0,0,0,20.7,18.5,0,2.5,0.4,0,0,0,"NYJ"
"16976",0,0,0,0,0,0,0,0,0,0,0,0,0,36.7,0,0,0,0,0,0,0,0,0,0,0,0,27,-3,"Brooks, Natrone","DB",NA,"FantasySharks","Natrone","Brooks","CB",0,0,0,0,0,0,0,0,0,0,0,0,0,0,0,0,0,12,0,0,0,0,0,0,0,0,0,0,0,0,0,0,0,0,0,0,0,0,0,0,0,0,0,0,0,0,0,0,0,0,25.9,12.4,0,4,0,0.3,0.3,0,"ATL"
"17001",0,0,0,0,0,0,0,0,0,0,0,0,0,16,0,0,0,0,0,0,0,0,0,0,0,0,26,-3,"Brooks, Kendell","DB",NA,"FantasySharks","Kendell","Brooks","S",0,0,0,0,0,0,0,0,0,0,0,0,0,0,0,0,0,0,0,0,0,0,0,0,0,0,0,0,0,0,0,0,0,0,0,0,0,0,0,0,0,0,0,0,0,0,0,0,0,0,10.8,10.5,0,0,0,0,0,0,"TEN"
"17127",0,0,0,0,0,0,0,0,0,0,0,0,0,58.9,0,0,0,0,0,0,0,0,0,0,0,0,23,-5,"Johnson, Will","DB",NA,"FantasySharks","Will","Johnson","CB",0,0,0,0,0,0,0,0,0,0,0,0,0,0,0,0,0,0,0,0,0,0,0,0,0,0,0,0,0,0,0,0,0,0,0,0,0,0,0,0,0,0,0,0,0,0,0,0,0,0,35.3,17.6,0,11.8,1.3,0.4,0,0,"ARI"
"17129",0,0,0,0,0,0,0,0,0,0,0,0,0,46.3,0,0,0,0,0,0,0,0,0,0,0,0,22,-5,"Morrison, Benjamin","DB",NA,"FantasySharks","Benjamin","Morrison","CB",0,0,0,0,0,0,0,0,0,0,0,0,0,0,0,0,0,0,0,0,0,0,0,0,0,0,0,0,0,0,0,0,0,0,0,0,0,0,0,0,0,0,0,0,0,0,0,0,0,0,32.3,15.8,0.2,5.4,0,0.2,0.2,0,"TBB"
"17130",0,0,0,0,0,0,0,0,0,0,0,0,0,44.1,0,0,0,0,0,0,0,0,0,0,0,0,24,-5,"Amos, Trey","DB",NA,"FantasySharks","Trey","Amos","CB",0,0,0,0,0,0,0,0,0,0,0,0,0,0,0,0,0,0,0,0,0,0,0,0,0,0,0,0,0,0,0,0,0,0,0,0,0,0,0,0,0,0,0,0,0,0,0,0,0,0,27,19.2,0.6,6.6,0,0.2,0,0,"WAS"
"17131",0,0,0,0,0,0,0,0,0,0,0,0,0,93.9,0,0,0,0,0,0,0,0,0,0,0,0,25,-5,"Watts, Xavier","DB",NA,"FantasySharks","Xavier","Watts","S",0,0,0,0,0,0,0,0,0,0,0,0,0,0,0,0,0,0,0,0,0,0,0,0,0,0,0,0,0,0,0,0,0,0,0,0,0,0,0,0,0,0,0,0,0,0,0,0,0,0,56.8,31.5,0,11,4.5,0.6,0.6,0.2,"ATL"
"17132",0,0,0,0,0,0,0,0,0,0,0,0,0,91.6,0,0,0,0,0,0,0,0,0,0,0,0,23,-5,"Starks, Malaki","DB",NA,"FantasySharks","Malaki","Starks","S",0,0,0,0,0,0,0,0,0,0,0,0,0,0,0,0,0,0,0,0,0,0,0,0,0,0,0,0,0,0,0,0,0,0,0,0,0,0,0,0,0,0,0,0,0,0,0,0,0,0,59,36.8,0,9,2.3,0.3,0.3,0.6,"BAL"
"17141",0,0,0,0,0,0,0,0,0,0,0,0,0,46.5,0,0,0,0,0,0,0,0,0,0,0,0,23,-5,"Hairston, Maxwell","DB",NA,"FantasySharks","Maxwell","Hairston","CB",0,0,0,0,0,0,0,0,0,0,0,0,0,0,0,0,0,0,0,0,0,0,0,0,0,0,0,0,0,0,0,0,0,0,0,0,0,0,0,0,0,0,0,0,0,0,0,0,0,0,27.3,11,0.5,8.3,2.4,0,0,0.3,"BUF"
"17142",0,0,0,0,0,0,0,0,0,0,0,0,0,42.5,0,0,0,0,0,0,0,0,0,0,0,0,25,-5,"Revel, Shavon","DB",NA,"FantasySharks","Shavon","Revel","CB",0,0,0,0,0,0,0,0,0,0,0,0,0,0,0,0,0,0,0,0,0,0,0,0,0,0,0,0,0,0,0,0,0,0,0,0,0,0,0,0,0,0,0,0,0,0,0,0,0,0,27.9,20.4,0.2,3.1,0.6,0,0,0,"DAL"
"17143",0,0,0,0,0,0,0,0,0,0,0,0,0,30,0,0,0,0,0,0,0,0,0,0,0,0,22,-5,"Thomas, Azareye'h","DB",NA,"FantasySharks","Azareye'h","Thomas","CB",0,0,0,0,0,0,0,0,0,0,0,0,0,0,0,0,0,0,0,0,0,0,0,0,0,0,0,0,0,0,0,0,0,0,0,0,0,0,0,0,0,0,0,0,0,0,0,0,0,0,16.6,13.9,0,6.5,0,0,0,0,"NYJ"
"17144",0,0,0,0,0,0,0,0,0,0,0,0,0,80.6,0,0,0,0,0,0,0,0,0,0,0,0,22,-5,"Emmanwori, Nick","DB",NA,"FantasySharks","Nick","Emmanwori","S",0,0,0,0,0,0,0,0,0,0,0,0,0,0,0,0,0,0,0,0,0,0,0,0,0,0,0,0,0,0,0,0,0,0,0,0,0,0,0,0,0,0,0,0,0,0,0,0,0,0,53.6,21.4,1.5,12.8,1,0,0,0,"SEA"
"17145",0,0,0,0,0,0,0,0,0,0,0,0,0,75.2,0,0,0,0,0,0,0,0,0,0,0,0,23,-5,"Winston, Kevin","DB",NA,"FantasySharks","Kevin","Winston","S",0,0,0,0,0,0,0,0,0,0,0,0,0,0,0,0,0,0,0,0,0,0,0,0,0,0,0,0,0,0,0,0,0,0,0,0,0,0,0,0,0,0,0,0,0,0,0,0,0,0,54.2,26.2,0.7,4.6,1.1,0.3,0,0,"TEN"
"17153",0,0,0,0,0,0,0,0,0,0,0,0,0,95.6,0,0,0,0,0,0,0,0,0,0,0,0,24,-5,"Mukuba, Andrew","DB",NA,"FantasySharks","Andrew","Mukuba","S",0,0,0,0,0,0,0,0,0,0,0,0,0,0,0,0,0,0,0,0,0,0,0,0,0,0,0,0,0,0,0,0,0,0,0,0,0,0,0,0,0,0,0,0,0,0,0,0,0,0,55.7,29.4,0.4,12,5.5,1.2,0.7,0.5,"PHI"
"17156",0,0,0,0,0,0,0,0,0,0,0,0,0,55.8,0,0,0,0,0,0,0,0,0,0,0,0,25,-5,"Porter, Darien","DB",NA,"FantasySharks","Darien","Porter","CB",0,0,0,0,0,0,0,0,0,0,0,0,0,0,0,0,0,0,0,0,0,0,0,0,0,0,0,0,0,0,0,0,0,0,0,0,0,0,0,0,0,0,0,0,0,0,0,0,0,0,38.2,16.8,0.1,6.1,1.5,0,0,0,"LVR"
"17162",0,0,0,0,0,0,0,0,0,0,0,0,0,40.7,0,0,0,0,0,0,0,0,0,0,0,0,24,-5,"Walley, Justin","DB",NA,"FantasySharks","Justin","Walley","CB",0,0,0,0,0,0,0,0,0,0,0,0,0,0,0,0,0,12,0,0,0,0,0,0,0,0,0,0,0,0,0,0,0,0,0,0,0,0,0,0,0,0,0,0,0,0,0,0,0,0,30.9,10.1,0,4,0,0.4,0.4,0,"IND"
"17163",0,0,0,0,0,0,0,0,0,0,0,0,0,72.4,0,0,0,0,0,0,0,0,0,0,0,0,22,-5,"Parrish, Jacob","DB",NA,"FantasySharks","Jacob","Parrish","CB",0,0,0,0,0,0,0,0,0,0,0,0,0,0,0,0,0,0,0,0,0,0,0,0,0,0,0,0,0,0,0,0,0,0,0,0,0,0,0,0,0,0,0,0,0,0,0,0,0,0,46.1,24.2,1.5,7.5,2.3,0.2,0.2,0.2,"TBB"
"17164",0,0,0,0,0,0,0,0,0,0,0,0,0,45.3,0,0,0,0,0,0,0,0,0,0,0,0,24,-5,"Williams, Nohl","DB",NA,"FantasySharks","Nohl","Williams","CB",0,0,0,0,0,0,0,0,0,0,0,0,0,0,0,0,0,0,0,0,0,0,0,0,0,0,0,0,0,0,0,0,0,0,0,0,0,0,0,0,0,0,0,0,0,0,0,0,0,0,29.2,17.4,0.3,7.1,0,0,0,0,"KCC"
"17166",0,0,0,0,0,0,0,0,0,0,0,0,0,37.5,0,0,0,0,0,0,0,0,0,0,0,0,24,-5,"Ransaw, Caleb","DB",NA,"FantasySharks","Caleb","Ransaw","S",0,0,0,0,0,0,0,0,0,0,0,0,0,0,0,0,0,0,0,0,0,0,0,0,0,0,0,0,0,0,0,0,0,0,0,0,0,0,0,0,0,0,0,0,0,0,0,0,0,0,23.3,14.5,0.4,5,0.8,0,0,0,"JAC"
"17167",0,0,0,0,0,0,0,0,0,0,0,0,0,75.1,0,0,0,0,0,0,0,0,0,0,0,0,24,-5,"Sanker, Jonas","DB",NA,"FantasySharks","Jonas","Sanker","S",0,0,0,0,0,0,0,0,0,0,0,0,0,0,0,0,0,0,0,0,0,0,0,0,0,0,0,0,0,0,0,0,0,0,0,0,0,0,0,0,0,0,0,0,0,0,0,0,0,0,50.8,34.7,0,4.2,1.4,0,0,0,"NOS"
"17168",0,0,0,0,0,0,0,0,0,0,0,0,0,11.7,0,0,0,0,0,0,0,0,0,0,0,0,23,-5,"Smith, Jaylin","DB",NA,"FantasySharks","Jaylin","Smith","CB",0,0,0,0,0,0,0,0,0,0,0,0,0,0,0,0,0,145,0,0,0,0,0,0,0,0,0,0,0,0,0,0,0,0,0,0,0,0,0,0,0,0,0,0,0,0,0,0,0,0,7.4,4.7,0,1.7,0,0.3,0,0,"HOU"
"17169",0,0,0,0,0,0,0,0,0,0,0,0,0,67.8,0,0,0,0,0,0,0,0,0,0,0,0,24,-5,"Stout, Upton","DB",NA,"FantasySharks","Upton","Stout","CB",0,0,0,0,0,0,0,0,0,0,0,0,0,0,0,0,0,0,0,0,0,0,0,0,0,0,0,0,0,0,0,0,0,0,0,0,0,0,0,0,0,0,0,0,0,0,0,0,0,0,41.2,36.3,0.6,6.6,0.2,0.8,0,0,"SFO"
"17172",0,0,0,0,0,0,0,0,0,0,0,0,0,81.1,0,0,0,0,0,0,0,0,0,0,0,0,25,-5,"Woodson, Craig","DB",NA,"FantasySharks","Craig","Woodson","S",0,0,0,0,0,0,0,0,0,0,0,0,0,0,0,0,0,0,0,0,0,0,0,0,0,0,0,0,0,0,0,0,0,0,0,0,0,0,0,0,0,0,0,0,0,0,0,0,0,0,51.2,34.9,0,8.8,1.7,0.2,0.2,0,"NEP"
"17179",0,0,0,0,0,0,0,0,0,0,0,0,0,33.7,0,0,0,0,0,0,0,0,0,0,0,0,23,-5,"Bowman, Billy","DB",NA,"FantasySharks","Billy","Bowman","S",0,0,0,0,0,0,0,0,0,0,0,0,0,0,0,0,0,4,0,0,0,0,0,0,0,0,0,0,0,0,0,0,0,0,0,0,0,0,0,0,0,0,0,0,0,0,0,0,0,0,23,10.4,1.1,3.3,0.1,0.8,0.2,0,"ATL"
"17181",0,0,0,0,0,0,0,0,0,0,0,0,0,19.2,0,0,0,0,0,0,0,0,0,0,0,0,24,-5,"Ransom, Lathan","DB",NA,"FantasySharks","Lathan","Ransom","S",0,0,0,0,0,0,0,0,0,0,0,0,0,0,0,0,0,17,0,0,0,0,0,0,0,0,0,0,0,0,0,0,0,0,0,0,0,0,0,0,0,0,0,0,0,0,0,0,0,0,10,13.3,0,1,0,1.5,0,0,"CAR"
"17186",0,0,0,0,0,0,0,0,0,0,0,0,0,86.2,0,0,0,0,0,0,0,0,0,0,0,0,25,-5,"Moore, Malachi","DB",NA,"FantasySharks","Malachi","Moore","S",0,0,0,0,0,0,0,0,0,0,0,0,0,0,0,0,0,0,0,0,0,0,0,0,0,0,0,0,0,0,0,0,0,0,0,0,0,0,0,0,0,0,0,0,0,0,0,0,0,0,58.3,45.7,0,2.6,0,1.2,1.2,0,"NYJ"
"17187",0,0,0,0,0,0,0,0,0,0,0,0,0,67.4,0,0,0,0,0,0,0,0,0,0,0,0,25,-5,"Riley, Quincy","DB",NA,"FantasySharks","Quincy","Riley","CB",0,0,0,0,0,0,0,0,0,0,0,0,0,0,0,0,0,0,0,0,0,0,0,0,0,0,0,0,0,0,0,0,0,0,0,0,0,0,0,0,0,0,0,0,0,0,0,0,0,0,47.3,16.2,0,9.1,1.4,0,0,0.7,"NOS"
"17200",0,0,0,0,0,0,0,0,0,0,0,0,0,34.5,0,0,0,0,0,0,0,0,0,0,0,0,24,-5,"Marshall, Jason","DB",NA,"FantasySharks","Jason","Marshall","CB",0,0,0,0,0,0,0,0,0,0,0,0,0,0,0,0,0,0,0,0,0,0,0,0,0,0,0,0,0,0,0,0,0,0,0,0,0,0,0,0,0,0,0,0,0,0,0,0,0,0,22.2,17,0,3.4,0.1,0.2,0,0,"MIA"
"17202",0,0,0,0,0,0,0,0,0,0,0,0,0,77.5,0,0,0,0,0,0,0,0,0,0,0,0,23,-5,"Trader, Dante","DB",NA,"FantasySharks","Dante","Trader","S",0,0,0,0,0,0,0,0,0,0,0,0,0,0,0,0,0,0,0,0,0,0,0,0,0,0,0,0,0,0,0,0,0,0,0,0,0,0,0,0,0,0,0,0,0,0,0,0,0,0,54.3,31.5,1.1,4.7,0,1.3,0.3,0,"MIA"
"17207",0,0,0,0,0,0,0,0,0,0,0,0,0,19.3,0,0,0,0,0,0,0,0,0,0,0,0,24,-5,"Sigle, Marques","DB",NA,"FantasySharks","Marques","Sigle","S",0,0,0,0,0,0,0,0,0,0,0,0,0,0,0,0,0,0,0,0,0,0,0,0,0,0,0,0,0,0,0,0,0,0,0,0,0,0,0,0,0,0,0,0,0,0,0,0,0,0,14.7,5.7,0,1.8,0,0,0,0,"SFO"
"17211",0,0,0,0,0,0,0,0,0,0,0,0,0,32.8,0,0,0,0,0,0,0,0,0,0,0,0,23,-5,"Hancock, Jordan","DB",NA,"FantasySharks","Jordan","Hancock","S",0,0,0,0,0,0,0,0,0,0,0,0,0,0,0,0,0,20,0,0,0,0,0,0,0,0,0,0,0,0,0,0,0,0,0,0,0,0,0,0,0,0,0,0,0,0,0,0,0,0,20.2,20.6,0,1.8,0,0.3,0.3,0,"BUF"
"17214",0,0,0,0,0,0,0,0,0,0,0,0,0,55.2,0,0,0,0,0,0,0,0,0,0,0,0,24,-5,"Burke, Denzel","DB",NA,"FantasySharks","Denzel","Burke","CB",0,0,0,0,0,0,0,0,0,0,0,0,0,0,0,0,0,0,0,0,0,0,0,0,0,0,0,0,0,0,0,0,0,0,0,0,0,0,0,0,0,0,0,0,0,0,0,0,0,0,33.3,20.6,0,8.7,1.5,0,0,0,"ARI"
"17217",0,0,0,0,0,0,0,0,0,0,0,0,0,18.7,0,0,0,0,0,0,0,0,0,0,0,0,24,-5,"Strong, Dorian","DB",NA,"FantasySharks","Dorian","Strong","CB",0,0,0,0,0,0,0,0,0,0,0,0,0,0,0,0,0,0,0,0,0,0,0,0,0,0,0,0,0,0,0,0,0,0,0,0,0,0,0,0,0,0,0,0,0,0,0,0,0,0,15,4.5,0,1.2,0,0.3,0,0,"BUF"
"17221",0,0,0,0,0,0,0,0,0,0,0,0,0,38.9,0,0,0,0,0,0,0,0,0,0,0,0,NA,-5,"Harris, Marcus","DB",NA,"FantasySharks","Marcus","Harris","CB",0,0,0,0,0,0,0,0,0,0,0,0,0,0,0,0,0,0,0,0,0,0,0,0,0,0,0,0,0,0,0,0,0,0,0,0,0,0,0,0,0,0,0,0,0,0,0,0,0,0,24.4,15.5,0,5.7,0,1.1,0,0,"TEN"
"17223",0,0,0,0,0,0,0,0,0,0,0,0,0,5.8,0,0,0,0,0,0,0,0,0,0,0,0,23,-5,"Reed, Jaylen","DB",NA,"FantasySharks","Jaylen","Reed","S",0,0,0,0,0,0,0,0,0,0,0,0,0,0,0,0,0,115,0,0,0,0,0,0,0,0,0,0,0,0,0,0,0,0,0,0,0,0,0,0,0,0,0,0,0,0,0,0,0,0,1.2,1.9,0,3.6,0,0,0,0,"HOU"
"17229",0,0,0,0,0,0,0,0,0,0,0,0,0,14.5,0,0,0,0,0,0,0,0,0,0,0,0,23,-5,"Lane, Rayuan","DB",NA,"FantasySharks","Rayuan","Lane","S",0,0,0,0,0,0,0,0,0,0,0,0,0,0,0,0,0,0,0,0,0,0,0,0,0,0,0,0,0,0,0,0,0,0,0,0,0,0,0,0,0,0,0,0,0,0,0,0,0,0,10.5,4.9,0,1.6,0,0,0,0,"JAC"
"17246",0,0,0,0,0,0,0,0,0,0,0,0,0,17.9,0,0,0,0,0,0,0,0,0,0,0,0,25,-5,"Crawford, Kitan","DB",NA,"FantasySharks","Kitan","Crawford","S",0,0,0,0,0,0,0,0,0,0,0,0,0,0,0,0,0,0,0,0,0,0,0,0,0,0,0,0,0,0,0,0,0,0,0,0,0,0,0,0,0,0,0,0,0,0,0,0,0,0,10.9,10,0,1.4,0.3,0,0,0,"ARI"
"17249",0,0,0,0,0,0,0,0,0,0,0,0,0,30.2,0,0,0,0,0,0,0,0,0,0,0,0,26,-5,"Jackson, Dan","DB",NA,"FantasySharks","Dan","Jackson","S",0,0,0,0,0,0,0,0,0,0,0,0,0,0,0,0,0,0,0,0,0,0,0,0,0,0,0,0,0,0,0,0,0,0,0,0,0,0,0,0,0,0,0,0,0,0,0,0,0,0,19.3,14.1,0,2.8,0,0.7,0.3,0,"DET"
"17250",0,0,0,0,0,0,0,0,0,0,0,0,0,35.1,0,0,0,0,0,0,0,0,0,0,0,0,23,-5,"Wohler, Hunter","DB",NA,"FantasySharks","Hunter","Wohler","S",0,0,0,0,0,0,0,0,0,0,0,0,0,0,0,0,0,10,0,0,0,0,0,0,0,0,0,0,0,0,0,0,0,0,0,0,0,0,0,0,0,0,0,0,0,0,0,0,0,0,26.6,8.7,0,3.4,0,0.3,0.3,0,"IND"
"17251",0,0,0,0,0,0,0,0,0,0,0,0,0,24.2,0,0,0,0,0,0,0,0,0,0,0,0,24,-5,"Robinson, Micah","DB",NA,"FantasySharks","Micah","Robinson","CB",0,0,0,0,0,0,0,0,0,0,0,0,0,0,0,0,0,0,0,0,0,0,0,0,0,0,0,0,0,0,0,0,0,0,0,0,0,0,0,0,0,0,0,0,0,0,0,0,0,0,16.2,7.1,0,4.5,0,0,0,0,"TEN"
"17263",0,0,0,0,0,0,0,0,0,0,0,0,0,44.1,0,0,0,0,0,0,0,0,0,0,0,0,26,-5,"Bridges, Trikweze","DB",NA,"FantasySharks","Trikweze","Bridges","S",0,0,0,0,0,0,0,0,0,0,0,0,0,0,0,0,0,0,0,0,0,0,0,0,0,0,0,0,0,0,0,0,0,0,0,0,0,0,0,0,0,0,0,0,0,0,0,0,0,0,26.9,24,0.5,2.3,1.2,0,0,0,"DAL"
"17264",0,0,0,0,0,0,0,0,0,0,0,0,0,8,0,0,0,0,0,0,0,0,0,0,0,0,24,-5,"Minor, Kobee","DB",NA,"FantasySharks","Kobee","Minor","CB",0,0,0,0,0,0,0,0,0,0,0,0,0,0,0,0,0,0,0,0,0,0,0,0,0,0,0,0,0,0,0,0,0,0,0,0,0,0,0,0,0,0,0,0,0,0,0,0,0,0,4.4,5.9,0.1,0,0,0.6,0,0,"NEP"
"17295",0,0,0,0,0,0,0,0,0,0,0,0,0,35.9,0,0,0,0,0,0,0,0,0,0,0,0,25,-5,"Bryant, Cobee","DB",NA,"FantasySharks","Cobee","Bryant","CB",0,0,0,0,0,0,0,0,0,0,0,0,0,0,0,0,0,0,0,0,0,0,0,0,0,0,0,0,0,0,0,0,0,0,0,0,0,0,0,0,0,0,0,0,0,0,0,0,0,0,24.9,11.8,0.5,3.3,0.3,0.3,0.3,0,"ATL"
"17315",0,0,0,0,0,0,0,0,0,0,0,0,0,34,0,0,0,0,0,0,0,0,0,0,0,0,NA,NA,"Johnson, Isaiah","DB",NA,"FantasySharks",NA,NA,NA,0,0,0,0,0,0,0,0,0,0,0,0,0,0,0,0,0,0,0,0,0,0,0,0,0,0,0,0,0,0,0,0,0,0,0,0,0,0,0,0,0,0,0,0,0,0,0,0,0,0,23.4,17.5,0,1.9,0,0,0,0,"MIA"
"17319",0,0,0,0,0,0,0,0,0,0,0,0,0,36.2,0,0,0,0,0,0,0,0,0,0,0,0,23,-5,"Clark, Alijah","DB",NA,"FantasySharks","Alijah","Clark","S",0,0,0,0,0,0,0,0,0,0,0,0,0,0,0,0,0,0,0,0,0,0,0,0,0,0,0,0,0,0,0,0,0,0,0,0,0,0,0,0,0,0,0,0,0,0,0,0,0,0,22.5,23.3,0,0.8,0.6,0,0,0,"DAL"
"17326",0,0,0,0,0,0,0,0,0,0,0,0,0,31.3,0,0,0,0,0,0,0,0,0,0,0,0,23,-5,"Reed, Nikko","DB",NA,"FantasySharks","Nikko","Reed","CB",0,0,0,0,0,0,0,0,0,0,0,0,0,0,0,0,0,0,0,0,0,0,0,0,0,0,0,0,0,0,0,0,0,0,0,0,0,0,0,0,0,0,0,0,0,0,0,0,0,0,17.2,14.8,0.5,5,0.6,0,0,0,"LAC"
"17343",0,0,0,0,0,0,0,0,0,0,0,0,0,2.8,0,0,0,0,0,0,0,0,0,0,0,0,25,-4,"Jules, PJ","DB",NA,"FantasySharks","PJ","Jules","S",0,0,0,0,0,0,0,0,0,0,0,0,0,0,0,0,0,0,0,0,0,0,0,0,0,0,0,0,0,0,0,0,0,0,0,0,0,0,0,0,0,0,0,0,0,0,0,0,0,0,0.4,1.6,0,1.6,0,0,0,0,"CIN"
"17366",0,0,0,0,0,0,0,0,0,0,0,0,0,0.8,0,0,0,0,0,0,0,0,0,0,0,0,NA,NA,"Wisdom, Rashad","DB",NA,"FantasySharks",NA,NA,NA,0,0,0,0,0,0,0,0,0,0,0,0,0,0,0,0,0,0,0,0,0,0,0,0,0,0,0,0,0,0,0,0,0,0,0,0,0,0,0,0,0,0,0,0,0,0,0,0,0,0,0.8,0.1,0,0,0,0,0,0,"TBB"
"17381",0,0,0,0,0,0,0,0,0,0,0,0,0,32,0,0,0,0,0,0,0,0,0,0,0,0,25,-5,"Clark, Dean","DB",NA,"FantasySharks","Dean","Clark","S",0,0,0,0,0,0,0,0,0,0,0,0,0,0,0,0,0,0,0,0,0,0,0,0,0,0,0,0,0,0,0,0,0,0,0,0,0,0,0,0,0,0,0,0,0,0,0,0,0,0,22.1,15.6,0,2.1,0,0,0,0,"NYJ"
"17390",0,0,0,0,0,0,0,0,0,0,0,0,0,41.5,0,0,0,0,0,0,0,0,0,0,0,0,25,-5,"Edwards, Johnathan","DB",NA,"FantasySharks","Johnathan","Edwards","CB",0,0,0,0,0,0,0,0,0,0,0,0,0,0,0,0,0,0,0,0,0,0,0,0,0,0,0,0,0,0,0,0,0,0,0,0,0,0,0,0,0,0,0,0,0,0,0,0,0,0,32.3,12.7,0,2.1,0,0.4,0.4,0,"IND"
"17398",0,0,0,0,0,0,0,0,0,0,0,0,0,2.8,0,0,0,0,0,0,0,0,0,0,0,0,24,-5,"Jackson, Keondre","DB",NA,"FantasySharks","Keondre","Jackson","S",0,0,0,0,0,0,0,0,0,0,0,0,0,0,0,0,0,0,0,0,0,0,0,0,0,0,0,0,0,0,0,0,0,0,0,0,0,0,0,0,0,0,0,0,0,0,0,0,0,0,0.8,0,0,0,0,2,0,0,"BAL"
"17404",0,0,0,0,0,0,0,0,0,0,0,0,0,15.9,0,0,0,0,0,0,0,0,0,0,0,0,26,-3,"Whiteside, Nick","DB",NA,"FantasySharks","Nick","Whiteside","CB",0,0,0,0,0,0,0,0,0,0,0,0,0,0,0,0,0,32,0,0,0,0,0,0,0,0,0,0,0,0,0,0,0,0,0,0,0,0,0,0,0,0,0,0,0,0,0,0,0,0,7.2,11.2,0,3.1,0,0,0,0,"DET"
"17422",0,0,0,0,0,0,0,0,0,0,0,0,0,2.7,0,0,0,0,0,0,0,0,0,0,0,0,NA,NA,"Edmonds, Christopher","DB",NA,"FantasySharks",NA,NA,NA,0,0,0,0,0,0,0,0,0,0,0,0,0,0,0,0,0,0,0,0,0,0,0,0,0,0,0,0,0,0,0,0,0,0,0,0,0,0,0,0,0,0,0,0,0,0,0,0,0,0,1.2,2.9,0,0,0,0,0,0,"CLE"
"17423",0,0,0,0,0,0,0,0,0,0,0,0,0,7.1,0,0,0,0,0,0,0,0,0,0,0,0,NA,NA,"Ingle, Tanner","DB",NA,"FantasySharks",NA,NA,NA,0,0,0,0,0,0,0,0,0,0,0,0,0,0,0,0,0,0,0,0,0,0,0,0,0,0,0,0,0,0,0,0,0,0,0,0,0,0,0,0,0,0,0,0,0,0,0,0,0,0,4.5,1.1,0,2,0,0,0,0,"LAR"
"17561",0,0,0,0,0,0,0,0,0,0,0,0,0,13.3,0,0,0,0,0,0,0,0,0,0,0,0,21,-6,"McCoy, Jermod","DB",NA,"FantasySharks","Jermod","McCoy","CB",0,0,0,0,0,0,0,0,0,0,0,0,0,0,0,0,0,0,0,0,0,0,0,0,0,0,0,0,0,0,0,0,0,0,0,0,0,0,0,0,0,0,0,0,0,0,0,0,0,0,9.9,6.9,0,0,0,0,0,0,"LVR"
"17562",0,0,0,0,0,0,0,0,0,0,0,0,0,64.4,0,0,0,0,0,0,0,0,0,0,0,0,23,-6,"Delane, Mansoor","DB",NA,"FantasySharks","Mansoor","Delane","CB",0,0,0,0,0,0,0,0,0,0,0,0,0,0,0,0,0,0,0,0,0,0,0,0,0,0,0,0,0,0,0,0,0,0,0,0,0,0,0,0,0,0,0,0,0,0,0,0,0,0,48.7,20.5,0.5,2.9,0.4,1.3,0,0,"KCC"
"17563",0,0,0,0,0,0,0,0,0,0,0,0,0,39.8,0,0,0,0,0,0,0,0,0,0,0,0,22,-6,"Downs, Caleb","DB",NA,"FantasySharks","Caleb","Downs","S",0,0,0,0,0,0,0,0,0,0,0,0,0,0,0,0,0,0,0,0,0,0,0,0,0,0,0,0,0,0,0,0,0,0,0,0,0,0,0,0,0,0,0,0,0,0,0,0,0,0,24.4,25.4,0,0.9,0.9,0,0,0,"DAL"
"17572",0,0,0,0,0,0,0,0,0,0,0,0,0,18.6,0,0,0,0,0,0,0,0,0,0,0,0,21,-6,"Terrell, Avieon","DB",NA,"FantasySharks","Avieon","Terrell","CB",0,0,0,0,0,0,0,0,0,0,0,0,0,0,0,0,0,48,0,0,0,0,0,0,0,0,0,0,0,0,0,0,0,0,0,0,0,0,0,0,0,0,0,0,0,0,0,0,0,0,11.6,9.3,0,2.3,0,0,0,0,"ATL"
"17573",0,0,0,0,0,0,0,0,0,0,0,0,0,48.9,0,0,0,0,0,0,0,0,0,0,0,0,22,-6,"Johnson, Chris","DB",NA,"FantasySharks","Chris","Johnson","CB",0,0,0,0,0,0,0,0,0,0,0,0,0,0,0,0,0,0,0,0,0,0,0,0,0,0,0,0,0,0,0,0,0,0,0,0,0,0,0,0,0,0,0,0,0,0,0,0,0,0,31.7,20.2,1.1,4.8,0.4,0.4,0,0,"MIA"
"17575",0,0,0,0,0,0,0,0,0,0,0,0,0,10.9,0,0,0,0,0,0,0,0,0,0,0,0,22,-6,"McNeil-Warren, Emmanuel","DB",NA,"FantasySharks","Emmanuel","McNeil-Warren","S",0,0,0,0,0,0,0,0,0,0,0,0,0,0,0,0,0,0,0,0,0,0,0,0,0,0,0,0,0,0,0,0,0,0,0,0,0,0,0,0,0,0,0,0,0,0,0,0,0,0,4.1,12.5,0,0,0,0.5,0,0,"CLE"
"17576",0,0,0,0,0,0,0,0,0,0,0,0,0,93.3,0,0,0,0,0,0,0,0,0,0,0,0,22,-6,"Thieneman, Dillon","DB",NA,"FantasySharks","Dillon","Thieneman","S",0,0,0,0,0,0,0,0,0,0,0,0,0,0,0,0,0,0,0,0,0,0,0,0,0,0,0,0,0,0,0,0,0,0,0,0,0,0,0,0,0,0,0,0,0,0,0,0,0,0,53.8,38.7,1.3,10.2,2,2.7,1.8,0,"CHI"
"17590",0,0,0,0,0,0,0,0,0,0,0,0,0,35.5,0,0,0,0,0,0,0,0,0,0,0,0,21,-6,"Ponds, D'Angelo","DB",NA,"FantasySharks","D'Angelo","Ponds","CB",0,0,0,0,0,0,0,0,0,0,0,0,0,0,0,0,0,0,0,0,0,0,0,0,0,0,0,0,0,0,0,0,0,0,0,0,0,0,0,0,0,0,0,0,0,0,0,0,0,0,22.6,17.7,0,3.2,0.4,0,0,0,"NYJ"
"17592",0,0,0,0,0,0,0,0,0,0,0,0,0,23.4,0,0,0,0,0,0,0,0,0,0,0,0,22,-6,"Igbinosun, Davison","DB",NA,"FantasySharks","Davison","Igbinosun","CB",0,0,0,0,0,0,0,0,0,0,0,0,0,0,0,0,0,0,0,0,0,0,0,0,0,0,0,0,0,0,0,0,0,0,0,0,0,0,0,0,0,0,0,0,0,0,0,0,0,0,17,7.1,0,2.4,0,0.4,0,0,"BUF"
"17594",0,0,0,0,0,0,0,0,0,0,0,0,0,9.9,0,0,0,0,0,0,0,0,0,0,0,0,24,-6,"Clark, Bud","DB",NA,"FantasySharks","Bud","Clark","S",0,0,0,0,0,0,0,0,0,0,0,0,0,0,0,0,0,71,0,0,0,0,0,0,0,0,0,0,0,0,0,0,0,0,0,0,0,0,0,0,0,0,0,0,0,0,0,0,0,0,7.8,4.1,0,0,0,0,0,0,"SEA"
"17598",0,0,0,0,0,0,0,0,0,0,0,0,0,18.2,0,0,0,0,0,0,0,0,0,0,0,0,22,-6,"Davis, Tacario","DB",NA,"FantasySharks","Tacario","Davis","CB",0,0,0,0,0,0,0,0,0,0,0,0,0,0,0,0,0,0,0,0,0,0,0,0,0,0,0,0,0,0,0,0,0,0,0,0,0,0,0,0,0,0,0,0,0,0,0,0,0,0,11,6.9,0,3.7,0,0,0,0,"CIN"
"17601",0,0,0,0,0,0,0,0,0,0,0,0,0,84.4,0,0,0,0,0,0,0,0,0,0,0,0,22,-6,"Haulcy, A.J.","DB",NA,"FantasySharks","A.J.","Haulcy","S",0,0,0,0,0,0,0,0,0,0,0,0,0,0,0,0,0,0,0,0,0,0,0,0,0,0,0,0,0,0,0,0,0,0,0,0,0,0,0,0,0,0,0,0,0,0,0,0,0,0,54,29.7,0.4,7.4,3,1,0.7,0.8,"IND"
"17604",0,0,0,0,0,0,0,0,0,0,0,0,0,23.6,0,0,0,0,0,0,0,0,0,0,0,0,22,-6,"Everette, Daylen","DB",NA,"FantasySharks","Daylen","Everette","CB",0,0,0,0,0,0,0,0,0,0,0,0,0,0,0,0,0,0,0,0,0,0,0,0,0,0,0,0,0,0,0,0,0,0,0,0,0,0,0,0,0,0,0,0,0,0,0,0,0,0,14.1,11.3,0,3,0.4,0,0,0,"PIT"
"17608",0,0,0,0,0,0,0,0,0,0,0,0,0,9.8,0,0,0,0,0,0,0,0,0,0,0,0,23,-6,"Thomas, Jakobe","DB",NA,"FantasySharks","Jakobe","Thomas","S",0,0,0,0,0,0,0,0,0,0,0,0,0,0,0,0,0,0,0,0,0,0,0,0,0,0,0,0,0,0,0,0,0,0,0,0,0,0,0,0,0,0,0,0,0,0,0,0,0,0,4.8,2.3,0,2.7,0,1.3,0,0,"MIN"
"17609",0,0,0,0,0,0,0,0,0,0,0,0,0,20.5,0,0,0,0,0,0,0,0,0,0,0,0,23,-6,"Neal, Julian","DB",NA,"FantasySharks","Julian","Neal","CB",0,0,0,0,0,0,0,0,0,0,0,0,0,0,0,0,0,0,0,0,0,0,0,0,0,0,0,0,0,0,0,0,0,0,0,0,0,0,0,0,0,0,0,0,0,0,0,0,0,0,13.8,6.2,0.4,3.2,0,0,0,0,"SEA"
"17610",0,0,0,0,0,0,0,0,0,0,0,0,0,21.3,0,0,0,0,0,0,0,0,0,0,0,0,23,-6,"Huskey, Jalen","DB",NA,"FantasySharks","Jalen","Huskey","S",0,0,0,0,0,0,0,0,0,0,0,0,0,0,0,0,0,0,0,0,0,0,0,0,0,0,0,0,0,0,0,0,0,0,0,0,0,0,0,0,0,0,0,0,0,0,0,0,0,0,15.1,7.2,0,2.6,0,0,0,0,"JAC"
"17615",0,0,0,0,0,0,0,0,0,0,0,0,0,23.6,0,0,0,0,0,0,0,0,0,0,0,0,23,-6,"Moore, Devin","DB",NA,"FantasySharks","Devin","Moore","CB",0,0,0,0,0,0,0,0,0,0,0,0,0,0,0,0,0,25,0,0,0,0,0,0,0,0,0,0,0,0,0,0,0,0,0,0,0,0,0,0,0,0,0,0,0,0,0,0,0,0,16.5,10.7,0,0.9,0,0.9,0,0,"DAL"
"17622",0,0,0,0,0,0,0,0,0,0,0,0,0,22.6,0,0,0,0,0,0,0,0,0,0,0,0,22,-6,"Muhammad, Malik","DB",NA,"FantasySharks","Malik","Muhammad","CB",0,0,0,0,0,0,0,0,0,0,0,0,0,0,0,0,0,0,0,0,0,0,0,0,0,0,0,0,0,0,0,0,0,0,0,0,0,0,0,0,0,0,0,0,0,0,0,0,0,0,15.3,8.7,0,1.7,0,1.3,0,0,"CHI"
"17626",0,0,0,0,0,0,0,0,0,0,0,0,0,13.3,0,0,0,0,0,0,0,0,0,0,0,0,22,-6,"Smith, Genesis","DB",NA,"FantasySharks","Genesis","Smith","S",0,0,0,0,0,0,0,0,0,0,0,0,0,0,0,0,0,0,0,0,0,0,0,0,0,0,0,0,0,0,0,0,0,0,0,0,0,0,0,0,0,0,0,0,0,0,0,0,0,0,6.8,8.4,0,2.3,0,0,0,0,"LAC"
"17639",0,0,0,0,0,0,0,0,0,0,0,0,0,51.4,0,0,0,0,0,0,0,0,0,0,0,0,21,-6,"Abney, Keith","DB",NA,"FantasySharks","Keith","Abney","CB",0,0,0,0,0,0,0,0,0,0,0,0,0,0,0,0,0,0,0,0,0,0,0,0,0,0,0,0,0,0,0,0,0,0,0,0,0,0,0,0,0,0,0,0,0,0,0,0,0,0,35.9,13.9,0.4,5.9,0,1.7,0.4,0,"DET"
"17646",0,0,0,0,0,0,0,0,0,0,0,0,0,3.6,0,0,0,0,0,0,0,0,0,0,0,0,21,-6,"Kilgore, Jalon","DB",NA,"FantasySharks","Jalon","Kilgore","S",0,0,0,0,0,0,0,0,0,0,0,0,0,0,0,0,0,43,0,0,0,0,0,0,0,0,0,0,0,0,0,0,0,0,0,0,0,0,0,0,0,0,0,0,0,0,0,0,0,0,2.2,3,0,0,0,0,0,0,"BUF"
"17649",0,0,0,0,0,0,0,0,0,0,0,0,0,17.9,0,0,0,0,0,0,0,0,0,0,0,0,25,-6,"Prunty, Karon","DB",NA,"FantasySharks","Karon","Prunty","CB",0,0,0,0,0,0,0,0,0,0,0,0,0,0,0,0,0,0,0,0,0,0,0,0,0,0,0,0,0,0,0,0,0,0,0,0,0,0,0,0,0,0,0,0,0,0,0,0,0,0,11.9,6.3,0.4,2.4,0,0,0,0,"NEP"
"17676",0,0,0,0,0,0,0,0,0,0,0,0,0,1.4,0,0,0,0,0,0,0,0,0,0,0,0,22,-6,"Hall, TJ","DB",NA,"FantasySharks","TJ","Hall","CB",0,0,0,0,0,0,0,0,0,0,0,0,0,0,0,0,0,0,0,0,0,0,0,0,0,0,0,0,0,0,0,0,0,0,0,0,0,0,0,0,0,0,0,0,0,0,0,0,0,0,1.1,0.7,0,0,0,0,0,0,"NOS"
"17680",0,0,0,0,0,0,0,0,0,0,0,0,0,10.3,0,0,0,0,0,0,0,0,0,0,0,0,22,-6,"Spears-Jennings, Robert","DB",NA,"FantasySharks","Robert","Spears-Jennings","S",0,0,0,0,0,0,0,0,0,0,0,0,0,0,0,0,0,25,0,0,0,0,0,0,0,0,0,0,0,0,0,0,0,0,0,0,0,0,0,0,0,0,0,0,0,0,0,0,0,0,4.6,7.6,0,1.9,0,0,0,0,"PIT"
"17693",0,0,0,0,0,0,0,0,0,0,0,0,0,30.5,0,0,0,0,0,0,0,0,0,0,0,0,24,-6,"Wisniewski, Cole","DB",NA,"FantasySharks","Cole","Wisniewski","S",0,0,0,0,0,0,0,0,0,0,0,0,0,0,0,0,0,28,0,0,0,0,0,0,0,0,0,0,0,0,0,0,0,0,0,0,0,0,0,0,0,0,0,0,0,0,0,0,0,0,21.4,10.9,0,3.7,0,0,0,0,"PHI"
